"../../../Engine/Config/Android/DataDrivenPlatformInfo.ini" 1
"../../../Engine/Config/HoloLens/DataDrivenPlatformInfo.ini" 2
"../../../Engine/Config/IOS/DataDrivenPlatformInfo.ini" 3
"../../../Engine/Config/Base.ini" 4
"../../../Engine/Config/BaseEngine.ini" 5
"../../../Engine/Config/IOS/BaseIOSEngine.ini" 6
"C:/Users/malco/Desktop/Cloned Reditus/ReditusV.4.27/Config/DefaultEngine.ini" 7
"../../../Engine/Config/IOS/IOSEngine.ini" 8
"C:/Users/malco/Desktop/Cloned Reditus/ReditusV.4.27/Config/UserEngine.ini" 9
"../../../Engine/Config/Linux/DataDrivenPlatformInfo.ini" 10
"../../../Engine/Config/LinuxAArch64/DataDrivenPlatformInfo.ini" 11
"../../../Engine/Config/Lumin/DataDrivenPlatformInfo.ini" 12
"../../../Engine/Config/Mac/DataDrivenPlatformInfo.ini" 13
"../../../Engine/Config/TVOS/DataDrivenPlatformInfo.ini" 14
"../../../Engine/Config/Windows/DataDrivenPlatformInfo.ini" 15
"C:/Users/malco/Desktop/Cloned Reditus/ReditusV.4.27/Chapter1Reditus.uproject" 16
"C:/Users/malco/Desktop/Cloned Reditus/ReditusV.4.27/Binaries/Win64/UE4Editor.modules" 17
"../../../Engine/Plugins/MeshPainting/MeshPainting.uplugin" 18
"../../../Engine/Plugins/ScriptPlugin/ScriptPlugin.uplugin" 19
"../../../Engine/Plugins/BlueprintFileUtils/BlueprintFileUtils.uplugin" 20
"../../../Engine/Plugins/2D/Paper2D/Paper2D.uplugin" 21
"../../../Engine/Plugins/XGEController/XGEController.uplugin" 22
"../../../Engine/Plugins/AI/HTNPlanner/HTNPlanner.uplugin" 23
"../../../Engine/Plugins/AI/AISupport/AISupport.uplugin" 24
"../../../Engine/Plugins/AI/EnvironmentQueryEditor/EnvironmentQueryEditor.uplugin" 25
"../../../Engine/Plugins/AI/UE4ML/UE4ML.uplugin" 26
"../../../Engine/Plugins/Animation/GameplayInsights/GameplayInsights.uplugin" 27
"../../../Engine/Plugins/Animation/LiveLink/LiveLink.uplugin" 28
"../../../Engine/Plugins/Animation/RigLogic/RigLogic.uplugin" 29
"../../../Engine/Plugins/Blendables/LightPropagationVolume/LightPropagationVolume.uplugin" 30
"../../../Engine/Plugins/Compositing/Composure/Composure.uplugin" 31
"../../../Engine/Plugins/Compositing/LensDistortion/LensDistortion.uplugin" 32
"../../../Engine/Plugins/Compositing/OpenColorIO/OpenColorIO.uplugin" 33
"../../../Engine/Plugins/Compositing/OpenCVLensDistortion/OpenCVLensDistortion.uplugin" 34
"../../../Engine/Plugins/Cameras/CameraShakePreviewer/CameraShakePreviewer.uplugin" 35
"../../../Engine/Plugins/Cameras/GameplayCameras/GameplayCameras.uplugin" 36
"../../../Engine/Plugins/Compression/OodleNetwork/OodleNetwork.uplugin" 37
"../../../Engine/Plugins/Compression/OodleData/OodleData.uplugin" 38
"../../../Engine/Plugins/Developer/AnimationSharing/AnimationSharing.uplugin" 39
"../../../Engine/Plugins/Developer/CLionSourceCodeAccess/CLionSourceCodeAccess.uplugin" 40
"../../../Engine/Plugins/Developer/BlankPlugin/BlankPlugin.uplugin" 41
"../../../Engine/Plugins/Developer/GitSourceControl/GitSourceControl.uplugin" 42
"../../../Engine/Plugins/Developer/CodeLiteSourceCodeAccess/CodeLiteSourceCodeAccess.uplugin" 43
"../../../Engine/Plugins/Developer/KDevelopSourceCodeAccess/KDevelopSourceCodeAccess.uplugin" 44
"../../../Engine/Plugins/Developer/PerforceSourceControl/PerforceSourceControl.uplugin" 45
"../../../Engine/Plugins/Developer/PixWinPlugin/PixWinPlugin.uplugin" 46
"../../../Engine/Plugins/Developer/PlasticSourceControl/PlasticSourceControl.uplugin" 47
"../../../Engine/Plugins/Developer/NullSourceCodeAccess/NullSourceCodeAccess.uplugin" 48
"../../../Engine/Plugins/Developer/OneSkyLocalizationService/OneSkyLocalizationService.uplugin" 49
"../../../Engine/Plugins/Developer/PropertyAccessNode/PropertyAccessNode.uplugin" 50
"../../../Engine/Plugins/Developer/RiderSourceCodeAccess/RiderSourceCodeAccess.uplugin" 51
"../../../Engine/Plugins/Developer/RenderDocPlugin/RenderDocPlugin.uplugin" 52
"../../../Engine/Plugins/Developer/SubversionSourceControl/SubversionSourceControl.uplugin" 53
"../../../Engine/Plugins/Developer/PluginUtils/PluginUtils.uplugin" 54
"../../../Engine/Plugins/Developer/TraceSourceFiltering/TraceSourceFilters.uplugin" 55
"../../../Engine/Plugins/Animation/LiveLinkCurveDebugUI/LiveLinkCurveDebugUI.uplugin" 56
"../../../Engine/Plugins/Developer/TextureFormatOodle/TextureFormatOodle.uplugin" 57
"../../../Engine/Plugins/Developer/VisualStudioSourceCodeAccess/VisualStudioSourceCodeAccess.uplugin" 58
"../../../Engine/Plugins/Developer/UObjectPlugin/UObjectPlugin.uplugin" 59
"../../../Engine/Plugins/Editor/AssetManagerEditor/AssetManagerEditor.uplugin" 60
"../../../Engine/Plugins/Developer/TraceDataFiltering/TraceDataFilters.uplugin" 61
"../../../Engine/Plugins/Developer/VisualStudioCodeSourceCodeAccess/VisualStudioCodeSourceCodeAccess.uplugin" 62
"../../../Engine/Plugins/Editor/AssetSearch/AssetSearch.uplugin" 63
"../../../Engine/Plugins/Developer/XCodeSourceCodeAccess/XCodeSourceCodeAccess.uplugin" 64
"../../../Engine/Plugins/Editor/BlueprintMaterialTextureNodes/BlueprintMaterialTextureNodes.uplugin" 65
"../../../Engine/Plugins/Editor/CryptoKeys/CryptoKeys.uplugin" 66
"../../../Engine/Plugins/Editor/CurveEditorTools/CurveEditorTools.uplugin" 67
"../../../Engine/Plugins/Editor/DataValidation/DataValidation.uplugin" 68
"../../../Engine/Plugins/Editor/FacialAnimation/FacialAnimation.uplugin" 69
"../../../Engine/Plugins/Editor/GeometryMode/GeometryMode.uplugin" 70
"../../../Engine/Plugins/Editor/GameplayTagsEditor/GameplayTagsEditor.uplugin" 71
"../../../Engine/Plugins/Editor/GLTFImporter/GLTFImporter.uplugin" 72
"../../../Engine/Plugins/Editor/MaterialAnalyzer/MaterialAnalyzer.uplugin" 73
"../../../Engine/Plugins/Editor/MacGraphicsSwitching/MacGraphicsSwitching.uplugin" 74
"../../../Engine/Plugins/Editor/MobileLauncherProfileWizard/MobileLauncherProfileWizard.uplugin" 75
"../../../Engine/Plugins/Editor/PluginBrowser/PluginBrowser.uplugin" 76
"../../../Engine/Plugins/Editor/MeshEditor/MeshEditor.uplugin" 77
"../../../Engine/Plugins/Editor/SpeedTreeImporter/SpeedTreeImporter.uplugin" 78
"../../../Engine/Plugins/Editor/StylusInput/StylusInput.uplugin" 79
"../../../Engine/Plugins/Enterprise/DatasmithCADImporter/DatasmithCADImporter.uplugin" 80
"../../../Engine/Plugins/Enterprise/AxFImporter/AxFImporter.uplugin" 81
"../../../Engine/Plugins/Enterprise/DatasmithContent/DatasmithContent.uplugin" 82
"../../../Engine/Plugins/Enterprise/DataprepEditor/DataprepEditor.uplugin" 83
"../../../Engine/Plugins/Enterprise/DatasmithFBXImporter/DatasmithFBXImporter.uplugin" 84
"../../../Engine/Plugins/Enterprise/DatasmithGLTFImporter/DatasmithGLTFImporter.uplugin" 85
"../../../Engine/Plugins/Enterprise/DatasmithIFCImporter/DatasmithIFCImporter.uplugin" 86
"../../../Engine/Plugins/Enterprise/DatasmithImporter/DatasmithImporter.uplugin" 87
"../../../Engine/Plugins/Enterprise/LidarPointCloud/LidarPointCloud.uplugin" 88
"../../../Engine/Plugins/Enterprise/MDLImporter/MDLImporter.uplugin" 89
"../../../Engine/Plugins/Enterprise/StaticMeshEditorExtension/StaticMeshEditorExtension.uplugin" 90
"../../../Engine/Plugins/Enterprise/VariantManager/VariantManager.uplugin" 91
"../../../Engine/Plugins/Enterprise/VariantManagerContent/VariantManagerContent.uplugin" 92
"../../../Engine/Plugins/Experimental/AlembicImporter/AlembicImporter.uplugin" 93
"../../../Engine/Plugins/Experimental/ActorPalette/ActorPalette.uplugin" 94
"../../../Engine/Plugins/Experimental/AppleVision/AppleVision.uplugin" 95
"../../../Engine/Plugins/Editor/EditorScriptingUtilities/EditorScriptingUtilities.uplugin" 96
"../../../Engine/Plugins/Experimental/AutomationUtils/AutomationUtils.uplugin" 97
"../../../Engine/Plugins/Experimental/BackChannel/BackChannel.uplugin" 98
"../../../Engine/Plugins/Experimental/BlastPlugin/BlastPlugin.uplugin" 99
"../../../Engine/Plugins/Experimental/BlueprintStats/BlueprintStats.uplugin" 100
"../../../Engine/Plugins/Experimental/ChaosCaching/ChaosCaching.uplugin" 101
"../../../Engine/Plugins/Experimental/ChaosCloth/ChaosCloth.uplugin" 102
"../../../Engine/Plugins/Importers/AlembicHairImporter/AlembicHairImporter.uplugin" 103
"../../../Engine/Plugins/Experimental/ChaosClothEditor/ChaosClothEditor.uplugin" 104
"../../../Engine/Plugins/Experimental/ChaosVehiclesPlugin/ChaosVehiclesPlugin.uplugin" 105
"../../../Engine/Plugins/Experimental/ChaosSolverPlugin/ChaosSolverPlugin.uplugin" 106
"../../../Engine/Plugins/Experimental/ChaosEditor/ChaosEditor.uplugin" 107
"../../../Engine/Plugins/Importers/USDMultiUser/USDMultiUser.uplugin" 108
"../../../Engine/Plugins/Experimental/ChaosNiagara/ChaosNiagara.uplugin" 109
"../../../Engine/Plugins/FX/Niagara/Niagara.uplugin" 110
"../../../Engine/Plugins/Importers/USDImporter/USDImporter.uplugin" 111
"../../../Engine/Plugins/FX/CascadeToNiagaraConverter/CascadeToNiagaraConverter.uplugin" 112
"../../../Engine/Plugins/Experimental/CharacterAI/CharacterAI.uplugin" 113
"../../../Engine/Plugins/Enterprise/DatasmithC4DImporter/DatasmithC4DImporter.uplugin" 114
"../../../Engine/Plugins/FX/NiagaraExtras/NiagaraExtras.uplugin" 115
"../../../Engine/Plugins/Experimental/CodeView/CodeView.uplugin" 116
"../../../Engine/Plugins/Experimental/ColorCorrectRegions/ColorCorrectRegions.uplugin" 117
"../../../Engine/Plugins/Experimental/EnhancedInput/EnhancedInput.uplugin" 118
"../../../Engine/Plugins/Experimental/ControlRig/ControlRig.uplugin" 119
"../../../Engine/Plugins/Experimental/CommonUI/CommonUI.uplugin" 120
"../../../Engine/Plugins/Experimental/CommonConversation/CommonConversation.uplugin" 121
"../../../Engine/Plugins/Experimental/FieldSystemPlugin/FieldSystemPlugin.uplugin" 122
"../../../Engine/Plugins/Experimental/ExampleAssetEditor/ExampleAssetEditor.uplugin" 123
"../../../Engine/Plugins/Experimental/GameFeatures/GameFeatures.uplugin" 124
"../../../Engine/Plugins/Experimental/FullBodyIK/FullBodyIK.uplugin" 125
"../../../Engine/Plugins/Experimental/Gauntlet/Gauntlet.uplugin" 126
"../../../Engine/Plugins/Experimental/GeometryCacheAbcFile/GeometryCacheAbcFile.uplugin" 127
"../../../Engine/Plugins/Experimental/GeometryCache/GeometryCache.uplugin" 128
"../../../Engine/Plugins/Experimental/GeometryCollectionPlugin/GeometryCollectionPlugin.uplugin" 129
"../../../Engine/Plugins/Experimental/GeometryProcessing/GeometryProcessing.uplugin" 130
"../../../Engine/Plugins/Experimental/GizmoEdMode/GizmoEdMode.uplugin" 131
"../../../Engine/Plugins/Experimental/ImagePlate/ImagePlate.uplugin" 132
"../../../Engine/Plugins/Experimental/Landmass/Landmass.uplugin" 133
"../../../Engine/Plugins/Experimental/ImpostorBaker/ImpostorBaker.uplugin" 134
"../../../Engine/Plugins/Experimental/LiveLinkControlRig/LiveLinkControlRig.uplugin" 135
"../../../Engine/Plugins/Experimental/MeshModelingToolset/MeshModelingToolset.uplugin" 136
"../../../Engine/Plugins/Experimental/ModularGameplay/ModularGameplay.uplugin" 137
"../../../Engine/Plugins/Experimental/GizmoFramework/GizmoFramework.uplugin" 138
"../../../Engine/Plugins/Experimental/OpenImageDenoise/OpenImageDenoise.uplugin" 139
"../../../Engine/Plugins/Experimental/MotoSynth/MotoSynth.uplugin" 140
"../../../Engine/Plugins/Experimental/MotionTrailEditorMode/MotionTrailEditorMode.uplugin" 141
"../../../Engine/Plugins/Experimental/PanoramicCapture/PanoramicCapture.uplugin" 142
"../../../Engine/Plugins/Experimental/ProxyLODPlugin/ProxyLODPlugin.uplugin" 143
"../../../Engine/Plugins/Experimental/CodeEditor/CodeEditor.uplugin" 144
"../../../Engine/Plugins/Experimental/PlanarCutPlugin/PlanarCut.uplugin" 145
"../../../Engine/Plugins/Experimental/PythonScriptPlugin/PythonScriptPlugin.uplugin" 146
"../../../Engine/Plugins/Experimental/PlatformCrypto/PlatformCrypto.uplugin" 147
"../../../Engine/Plugins/Experimental/ModelingToolsEditorMode/ModelingToolsEditorMode.uplugin" 148
"../../../Engine/Plugins/Experimental/RawInput/RawInput.uplugin" 149
"../../../Engine/Plugins/Experimental/RemoteSession/RemoteSession.uplugin" 150
"../../../Engine/Plugins/Experimental/GPULightmass/GPULightmass.uplugin" 151
"../../../Engine/Plugins/Experimental/SampleToolsEditorMode/SampleToolsEditorMode.uplugin" 152
"../../../Engine/Plugins/Experimental/Shotgun/Shotgun.uplugin" 153
"../../../Engine/Plugins/Experimental/ShallowWater/ShallowWater.uplugin" 154
"../../../Engine/Plugins/Experimental/SimpleHMD/SimpleHMD.uplugin" 155
"../../../Engine/Plugins/Experimental/SkeletalReduction/SkeletalReduction.uplugin" 156
"../../../Engine/Plugins/Experimental/Text3D/Text3D.uplugin" 157
"../../../Engine/Plugins/Experimental/VirtualHeightfieldMesh/VirtualHeightfieldMesh.uplugin" 158
"../../../Engine/Plugins/Experimental/VirtualCamera/VirtualCamera.uplugin" 159
"../../../Engine/Plugins/Experimental/VirtualProductionUtilities/VirtualProductionUtilities.uplugin" 160
"../../../Engine/Plugins/Experimental/Volumetrics/Volumetrics.uplugin" 161
"../../../Engine/Plugins/Marketplace/AutoSettings/AutoSettings.uplugin" 162
"../../../Engine/Plugins/Marketplace/MinimapPlugin/MinimapPlugin.uplugin" 163
"../../../Engine/Plugins/Experimental/Water/Water.uplugin" 164
"../../../Engine/Plugins/Experimental/WebSocketNetworking/WebSocketNetworking.uplugin" 165
"../../../Engine/Plugins/Media/AjaMedia/AjaMedia.uplugin" 166
"../../../Engine/Plugins/Media/AndroidMedia/AndroidMedia.uplugin" 167
"../../../Engine/Plugins/Media/AndroidCamera/AndroidCamera.uplugin" 168
"../../../Engine/Plugins/Marketplace/PaperZD_4.27/PaperZD.uplugin" 169
"../../../Engine/Plugins/Media/AppleProResMedia/AppleProResMedia.uplugin" 170
"../../../Engine/Plugins/Marketplace/Pixel2D/Pixel2D.uplugin" 171
"../../../Engine/Plugins/Marketplace/ST_ExportPNG/ST_ExportPNG.uplugin" 172
"../../../Engine/Plugins/Messaging/MessagingDebugger/MessagingDebugger.uplugin" 173
"../../../Engine/Plugins/Messaging/UdpMessaging/UdpMessaging.uplugin" 174
"../../../Engine/Plugins/Lumin/MagicLeapBLE/MagicLeapBLE.uplugin" 175
"../../../Engine/Plugins/Lumin/LuminPlatformFeatures/LuminPlatformFeatures.uplugin" 176
"../../../Engine/Plugins/Lumin/MagicLeapCamera/MagicLeapCamera.uplugin" 177
"../../../Engine/Plugins/Lumin/MagicLeapConnections/MagicLeapConnections.uplugin" 178
"../../../Engine/Plugins/Lumin/MagicLeap/MagicLeap.uplugin" 179
"../../../Engine/Plugins/Lumin/MagicLeapContacts/MagicLeapContacts.uplugin" 180
"../../../Engine/Plugins/Lumin/MagicLeapLocation/MagicLeapLocation.uplugin" 181
"../../../Engine/Plugins/Lumin/MagicLeapDispatch/MagicLeapDispatch.uplugin" 182
"../../../Engine/Plugins/Lumin/MagicLeapLightEstimation/MagicLeapLightEstimation.uplugin" 183
"../../../Engine/Plugins/Lumin/MagicLeapMedia/MagicLeapMedia.uplugin" 184
"../../../Engine/Plugins/Lumin/MagicLeapNetworking/MagicLeapNetworking.uplugin" 185
"../../../Engine/Plugins/Lumin/MagicLeapMusicService/MagicLeapMusicService.uplugin" 186
"../../../Engine/Plugins/Marketplace/AsyncLoadingScreen/AsyncLoadingScreen.uplugin" 187
"../../../Engine/Plugins/Lumin/MagicLeapMovement/MagicLeapMovement.uplugin" 188
"../../../Engine/Plugins/Lumin/MagicLeapPassableWorld/MagicLeapPassableWorld.uplugin" 189
"../../../Engine/Plugins/Lumin/MagicLeapSharedFile/MagicLeapSharedFile.uplugin" 190
"../../../Engine/Plugins/MovieScene/CustomizableSequencerTracks/CustomizableSequencerTracks.uplugin" 191
"../../../Engine/Plugins/Lumin/MLSDK/MLSDK.uplugin" 192
"../../../Engine/Plugins/NetcodeUnitTest/NUTUnrealEngine4/NUTUnrealEngine4.uplugin" 193
"../../../Engine/Plugins/MovieScene/MoviePipelineMaskRenderPass/MoviePipelineMaskRenderPass.uplugin" 194
"../../../Engine/Plugins/MovieScene/MovieRenderPipeline/MovieRenderPipeline.uplugin" 195
"../../../Engine/Plugins/MovieScene/ReplayTracks/ReplayTracks.uplugin" 196
"../../../Engine/Plugins/MovieScene/LevelSequenceEditor/LevelSequenceEditor.uplugin" 197
"../../../Engine/Plugins/MovieScene/ActorSequence/ActorSequence.uplugin" 198
"../../../Engine/Plugins/MovieScene/TemplateSequence/TemplateSequence.uplugin" 199
"../../../Engine/Plugins/MovieScene/SequencerScripting/SequencerScripting.uplugin" 200
"../../../Engine/Plugins/MovieScene/MatineeToLevelSequence/MatineeToLevelSequence.uplugin" 201
"../../../Engine/Plugins/Performance/PerformanceMonitor/PerformanceMonitor.uplugin" 202
"../../../Engine/Plugins/NetcodeUnitTest/NetcodeUnitTest/NetcodeUnitTest.uplugin" 203
"../../../Engine/Plugins/Messaging/TcpMessaging/TcpMessaging.uplugin" 204
"../../../Engine/Plugins/Online/EOSShared/EOSShared.uplugin" 205
"../../../Engine/Plugins/Online/OnlineFramework/OnlineFramework.uplugin" 206
"../../../Engine/Plugins/Online/OnlineSubsystem/OnlineSubsystem.uplugin" 207
"../../../Engine/Plugins/Online/OnlineSubsystemAmazon/OnlineSubsystemAmazon.uplugin" 208
"../../../Engine/Plugins/Online/OnlineSubsystemEOS/OnlineSubsystemEOS.uplugin" 209
"../../../Engine/Plugins/Online/OnlineSubsystemFacebook/OnlineSubsystemFacebook.uplugin" 210
"../../../Engine/Plugins/Online/OnlineSubsystemGoogle/OnlineSubsystemGoogle.uplugin" 211
"../../../Engine/Plugins/Online/OnlineSubsystemNull/OnlineSubsystemNull.uplugin" 212
"../../../Engine/Plugins/Online/OnlineSubsystemApple/OnlineSubsystemApple.uplugin" 213
"../../../Engine/Plugins/Online/OnlineSubsystemOculus/OnlineSubsystemOculus.uplugin" 214
"../../../Engine/Plugins/Online/OnlineSubsystemSteam/OnlineSubsystemSteam.uplugin" 215
"../../../Engine/Plugins/Online/OnlineSubsystemTencent/OnlineSubsystemTencent.uplugin" 216
"../../../Engine/Plugins/Online/OnlineSubsystemTwitch/OnlineSubsystemTwitch.uplugin" 217
"../../../Engine/Plugins/Online/OnlineSubsystemUtils/OnlineSubsystemUtils.uplugin" 218
"../../../Engine/Plugins/Online/WebAuth/WebAuth.uplugin" 219
"../../../Engine/Plugins/Portal/LauncherChunkInstaller/LauncherChunkInstaller.uplugin" 220
"../../../Engine/Plugins/Runtime/ActorLayerUtilities/ActorLayerUtilities.uplugin" 221
"../../../Engine/Plugins/Runtime/AndroidDeviceProfileSelector/AndroidDeviceProfileSelector.uplugin" 222
"../../../Engine/Plugins/Runtime/AndroidMoviePlayer/AndroidMoviePlayer.uplugin" 223
"../../../Engine/Plugins/Runtime/AndroidPermission/AndroidPermission.uplugin" 224
"../../../Engine/Plugins/Runtime/AnimationBudgetAllocator/AnimationBudgetAllocator.uplugin" 225
"../../../Engine/Plugins/Runtime/AnimDistanceMatching/AnimDistanceMatching.uplugin" 226
"../../../Engine/Plugins/Lumin/MagicLeapTablet/MagicLeapTablet.uplugin" 227
"../../../Engine/Plugins/Runtime/ApexDestruction/ApexDestruction.uplugin" 228
"../../../Engine/Plugins/Runtime/AppleImageUtils/AppleImageUtils.uplugin" 229
"../../../Engine/Plugins/Runtime/AssetTags/AssetTags.uplugin" 230
"../../../Engine/Plugins/Runtime/AudioCapture/AudioCapture.uplugin" 231
"../../../Engine/Plugins/Runtime/AppleMoviePlayer/AppleMoviePlayer.uplugin" 232
"../../../Engine/Plugins/Runtime/AudioModulation/AudioModulation.uplugin" 233
"../../../Engine/Plugins/Runtime/AudioSynesthesia/AudioSynesthesia.uplugin" 234
"../../../Engine/Plugins/Runtime/CableComponent/CableComponent.uplugin" 235
"../../../Engine/Plugins/Runtime/CustomMeshComponent/CustomMeshComponent.uplugin" 236
"../../../Engine/Plugins/Runtime/ChunkDownloader/ChunkDownloader.uplugin" 237
"../../../Engine/Plugins/Runtime/DataRegistry/DataRegistry.uplugin" 238
"../../../Engine/Plugins/Runtime/ExampleDeviceProfileSelector/ExampleDeviceProfileSelector.uplugin" 239
"../../../Engine/Plugins/Runtime/EditableMesh/EditableMesh.uplugin" 240
"../../../Engine/Plugins/Runtime/GameplayAbilities/GameplayAbilities.uplugin" 241
"../../../Engine/Plugins/Runtime/GeoReferencing/GeoReferencing.uplugin" 242
"../../../Engine/Plugins/Runtime/Firebase/Firebase.uplugin" 243
"../../../Engine/Plugins/Runtime/HairStrands/HairStrands.uplugin" 244
"../../../Engine/Plugins/Runtime/GooglePAD/GooglePAD.uplugin" 245
"../../../Engine/Plugins/Runtime/GoogleCloudMessaging/GoogleCloudMessaging.uplugin" 246
"../../../Engine/Plugins/Slate/SlateInsights/SlateInsights.uplugin" 247
"../../../Engine/Plugins/Slate/SlateRemote/SlateRemote.uplugin" 248
"../../../Engine/Plugins/Runtime/HPMotionController/HPMotionController.uplugin" 249
"../../../Engine/Plugins/Runtime/HDRIBackdrop/HDRIBackdrop.uplugin" 250
"../../../Engine/Plugins/Runtime/IOSReplayKit/IOSReplayKit.uplugin" 251
"../../../Engine/Plugins/Runtime/LinuxDeviceProfileSelector/LinuxDeviceProfileSelector.uplugin" 252
"../../../Engine/Plugins/Runtime/HTTPChunkInstaller/HTTPChunkInstaller.uplugin" 253
"../../../Engine/Plugins/Runtime/IOSDeviceProfileSelector/IOSDeviceProfileSelector.uplugin" 254
"../../../Engine/Plugins/Runtime/LiveLinkOvernDisplay/LiveLinkOverNDisplay.uplugin" 255
"../../../Engine/Plugins/Runtime/LocationServicesAndroidImpl/LocationServicesAndroidImpl.uplugin" 256
"../../../Engine/Plugins/Runtime/LocationServicesBPLibrary/LocationServicesBPLibrary.uplugin" 257
"../../../Engine/Plugins/Runtime/MicrosoftSpatialAudio/MicroSoftSpatialSound.uplugin" 258
"../../../Engine/Plugins/Runtime/MIDIDevice/MIDIDevice.uplugin" 259
"../../../Engine/Plugins/Runtime/nDisplay/nDisplay.uplugin" 260
"../../../Engine/Plugins/Runtime/MixedRealityCaptureFramework/MixedRealityCaptureFramework.uplugin" 261
"../../../Engine/Plugins/Runtime/NetworkPredictionExtras/NetworkPredictionExtras.uplugin" 262
"../../../Engine/Plugins/Runtime/LocationServicesIOSImpl/LocationServicesIOSImpl.uplugin" 263
"../../../Engine/Plugins/Runtime/NetworkPrediction/NetworkPrediction.uplugin" 264
"../../../Engine/Plugins/Runtime/NetworkPredictionInsights/NetworkPredictionInsights.uplugin" 265
"../../../Engine/Plugins/Runtime/OpenXREyeTracker/OpenXREyeTracker.uplugin" 266
"../../../Engine/Plugins/Runtime/OpenXRHandTracking/OpenXRHandTracking.uplugin" 267
"../../../Engine/Plugins/Runtime/OpenXR/OpenXR.uplugin" 268
"../../../Engine/Plugins/Runtime/OpenXRMsftHandInteraction/OpenXRMsftHandInteraction.uplugin" 269
"../../../Engine/Plugins/Runtime/OSC/OSC.uplugin" 270
"../../../Engine/Plugins/Runtime/OSCModulationMixing/OSCModulationMixing.uplugin" 271
"../../../Engine/Plugins/Tests/EditorTests/EditorTests.uplugin" 272
"../../../Engine/Plugins/Runtime/PhysXVehicles/PhysXVehicles.uplugin" 273
"../../../Engine/Plugins/Tests/FunctionalTestingEditor/FunctionalTestingEditor.uplugin" 274
"../../../Engine/Plugins/Tests/FbxAutomationTestBuilder/FbxAutomationTestBuilder.uplugin" 275
"../../../Engine/Plugins/Runtime/OptionalMobileFeaturesBPLibrary/OptionalMobileFeaturesBPLibrary.uplugin" 276
"../../../Engine/Plugins/VirtualProduction/ICVFX/ICVFX.uplugin" 277
"../../../Engine/Plugins/VirtualProduction/DataCharts/DataCharts.uplugin" 278
"../../../Engine/Plugins/VirtualProduction/LevelSnapshots/LevelSnapshots.uplugin" 279
"../../../Engine/Plugins/VirtualProduction/CompositePlane/CompositePlane.uplugin" 280
"../../../Engine/Plugins/VirtualProduction/CameraCalibrationCore/CameraCalibrationCore.uplugin" 281
"../../../Engine/Plugins/VirtualProduction/LiveLinkCamera/LiveLinkCamera.uplugin" 282
"../../../Engine/Plugins/VirtualProduction/CameraCalibration/CameraCalibration.uplugin" 283
"../../../Engine/Plugins/Tests/PythonAutomationTest/PythonAutomationTest.uplugin" 284
"../../../Engine/Plugins/VirtualProduction/LiveLinkFreeD/LiveLinkFreeD.uplugin" 285
"../../../Engine/Plugins/Tests/RHITests/RHITests.uplugin" 286
"../../../Engine/Plugins/VirtualProduction/LiveLinkXR/LiveLinkXR.uplugin" 287
"../../../Engine/Plugins/VirtualProduction/LiveLinkPrestonMDR/LiveLinkPrestonMDR.uplugin" 288
"../../../Engine/Plugins/VirtualProduction/LiveLinkMasterLockit/LiveLinkMasterLockit.uplugin" 289
"../../../Engine/Plugins/VirtualProduction/LiveLinkVRPN/LiveLinkVRPN.uplugin" 290
"../../../Engine/Plugins/Tests/ScreenshotTools/ScreenshotTools.uplugin" 291
"../../../Engine/Plugins/VirtualProduction/nDisplaySupportForLevelSnapshots/nDisplaySupportForLevelSnapshots.uplugin" 292
"../../../Engine/Plugins/VirtualProduction/MultiUserTakes/MultiUserTakes.uplugin" 293
"../../../Engine/Plugins/VirtualProduction/RemoteControl/RemoteControl.uplugin" 294
"../../../Engine/Plugins/VirtualProduction/LiveLinkLens/LiveLinkLens.uplugin" 295
"../../../Engine/Plugins/VirtualProduction/RemoteControlInterception/RemoteControlInterception.uplugin" 296
"../../../Engine/Plugins/VirtualProduction/RemoteControlProtocolDMX/RemoteControlProtocolDMX.uplugin" 297
"../../../Engine/Plugins/Tests/RuntimeTests/RuntimeTests.uplugin" 298
"../../../Engine/Plugins/Runtime/PostSplashScreen/PostSplashScreen.uplugin" 299
"../../../Engine/Plugins/VirtualProduction/RemoteControlProtocolMIDI/RemoteControlProtocolMIDI.uplugin" 300
"../../../Engine/Plugins/VirtualProduction/RemoteControlProtocolOSC/RemoteControlProtocolOSC.uplugin" 301
"../../../Engine/Plugins/Runtime/PreLoadScreenMoviePlayer/PreLoadScreenMoviePlayer.uplugin" 302
"../../../Engine/Plugins/VirtualProduction/RemoteControlWebInterface/RemoteControlWebInterface.uplugin" 303
"../../../Engine/Plugins/Runtime/ProceduralMeshComponent/ProceduralMeshComponent.uplugin" 304
"../../../Engine/Plugins/VirtualProduction/StageMonitoring/StageMonitoring.uplugin" 305
"../../../Engine/Plugins/VirtualProduction/Switchboard/Switchboard.uplugin" 306
"../../../Engine/Plugins/Runtime/PropertyAccess/PropertyAccessEditor.uplugin" 307
"../../../Engine/Plugins/VirtualProduction/TimedDataMonitor/TimedDataMonitor.uplugin" 308
"../../../Engine/Plugins/Runtime/ReplicationGraph/ReplicationGraph.uplugin" 309
"../../../Engine/Plugins/Runtime/ResonanceAudio/ResonanceAudio.uplugin" 310
"../../../Engine/Plugins/Runtime/RuntimePhysXCooking/RuntimePhysXCooking.uplugin" 311
"../../../Engine/Plugins/Runtime/SignificanceManager/SignificanceManager.uplugin" 312
"../../../Engine/Plugins/VirtualProduction/Takes/Takes.uplugin" 313
"../../../Engine/Plugins/Runtime/SoundMod/SoundMod.uplugin" 314
"../../../Engine/Plugins/Runtime/SoundFields/SoundFields.uplugin" 315
"../../../Engine/Plugins/Runtime/SoundCueTemplates/SoundCueTemplates.uplugin" 316
"../../../Engine/Plugins/Runtime/SoundUtilities/SoundUtilities.uplugin" 317
"../../../Engine/Plugins/Runtime/Spatialization/Spatialization.uplugin" 318
"../../../Engine/Plugins/Runtime/SoundVisualizations/SoundVisualizations.uplugin" 319
"../../../Engine/Plugins/Runtime/Synthesis/Synthesis.uplugin" 320
"../../../Engine/Plugins/Runtime/TextureShare/TextureShare.uplugin" 321
"../../../Engine/Plugins/Runtime/TimeSynth/TimeSynth.uplugin" 322
"../../../Engine/Plugins/Runtime/WebBrowserWidget/WebBrowserWidget.uplugin" 323
"../../../Engine/Plugins/Runtime/WebBrowserNativeProxy/WebBrowserNativeProxy.uplugin" 324
"../../../Engine/Plugins/Runtime/WindowsMixedReality/WindowsMixedReality.uplugin" 325
"../../../Engine/Plugins/Runtime/WindowsMoviePlayer/WindowsMoviePlayer.uplugin" 326
"../../../Engine/Plugins/Runtime/WindowsDeviceProfileSelector/WindowsDeviceProfileSelector.uplugin" 327
"../../../Engine/Plugins/Runtime/MobilePatchingUtils/MobilePatchingUtils.uplugin" 328
"../../../Engine/Plugins/Media/AudioCaptureTimecodeProvider/AudioCaptureTimecodeProvider.uplugin" 329
"../../../Engine/Plugins/Runtime/WebMMoviePlayer/WebMMoviePlayer.uplugin" 330
"../../../Engine/Plugins/Media/AvidDNxMedia/AvidDNxMedia.uplugin" 331
"../../../Engine/Plugins/Runtime/WarpUtils/WarpUtils.uplugin" 332
"../../../Engine/Plugins/Media/BinkMedia/BinkMedia.uplugin" 333
"../../../Engine/Plugins/Media/ElectraCDM/ElectraCDM.uplugin" 334
"../../../Engine/Plugins/Media/ElectraUtil/ElectraUtil.uplugin" 335
"../../../Engine/Plugins/Media/BlackmagicMedia/BlackmagicMedia.uplugin" 336
"../../../Engine/Plugins/Media/ElectraPlayer/ElectraPlayer.uplugin" 337
"../../../Engine/Plugins/Media/HAPMedia/HAPMedia.uplugin" 338
"../../../Engine/Plugins/Media/AvfMedia/AvfMedia.uplugin" 339
"../../../Engine/Plugins/Media/ImgMedia/ImgMedia.uplugin" 340
"../../../Engine/Plugins/Media/LinearTimecode/LinearTimecode.uplugin" 341
"../../../Engine/Plugins/Media/HLMedia/HLMedia.uplugin" 342
"../../../Engine/Plugins/Media/MediaFrameworkUtilities/MediaFrameworkUtilities.uplugin" 343
"../../../Engine/Plugins/Media/MediaCompositing/MediaCompositing.uplugin" 344
"../../../Engine/Plugins/Media/MediaIOFramework/MediaIOFramework.uplugin" 345
"../../../Engine/Plugins/Media/MediaMovieStreamer/MediaMovieStreamer.uplugin" 346
"../../../Engine/Plugins/Media/MediaPlayerEditor/MediaPlayerEditor.uplugin" 347
"../../../Engine/Plugins/Media/PixelStreaming/PixelStreaming.uplugin" 348
"../../../Engine/Plugins/Media/TimecodeSynchronizer/TimecodeSynchronizer.uplugin" 349
"../../../Engine/Plugins/Media/WebMMedia/WebMMedia.uplugin" 350
"../../../Engine/Plugins/Media/WmfMedia/WmfMedia.uplugin" 351
"../../../Engine/Plugins/Runtime/ArchVisCharacter/ArchVisCharacter.uplugin" 352
"../../../Engine/Plugins/Media/MfMedia/MfMedia.uplugin" 353
"../../../Engine/Plugins/Media/HardwareEncoders/HardwareEncoders.uplugin" 354
"../../../Engine/Plugins/Runtime/SunPosition/SunPosition.uplugin" 355
"../../../Engine/Plugins/Developer/Concert/ConcertMain/ConcertMain.uplugin" 356
"../../../Engine/Plugins/Developer/Concert/DisasterRecoveryClient/DisasterRecoveryClient.uplugin" 357
"../../../Engine/Plugins/Developer/Concert/MultiUserClient/MultiUserClient.uplugin" 358
"../../../Engine/Plugins/Editor/ContentBrowser/ContentBrowserAssetDataSource/ContentBrowserAssetDataSource.uplugin" 359
"../../../Engine/Plugins/Editor/ContentBrowser/ContentBrowserFileDataSource/ContentBrowserFileDataSource.uplugin" 360
"../../../Engine/Plugins/Editor/ContentBrowser/ContentBrowserClassDataSource/ContentBrowserClassDataSource.uplugin" 361
"../../../Engine/Plugins/Experimental/Enterprise/DataprepGeometryOperations/DataprepGeometryOperations.uplugin" 362
"../../../Engine/Plugins/Experimental/Enterprise/DatasmithRuntime/DatasmithRuntime.uplugin" 363
"../../../Engine/Plugins/Experimental/VirtualProduction/LedWallCalibration/LedWallCalibration.uplugin" 364
"../../../Engine/Plugins/Online/Android/OnlineSubsystemGameCircle/OnlineSubsystemGameCircle.uplugin" 365
"../../../Engine/Plugins/Experimental/AR/PointCloud/PointCloud.uplugin" 366
"../../../Engine/Plugins/Online/Android/OnlineSubsystemGooglePlay/OnlineSubsystemGooglePlay.uplugin" 367
"../../../Engine/Plugins/Online/IOS/OnlineSubsystemIOS/OnlineSubsystemIOS.uplugin" 368
"../../../Engine/Plugins/Online/VoiceChat/EOSVoiceChat/EOSVoiceChat.uplugin" 369
"../../../Engine/Plugins/Online/VoiceChat/VivoxVoiceChat/VivoxVoiceChat.uplugin" 370
"../../../Engine/Plugins/Online/VoiceChat/VoiceChat/VoiceChat.uplugin" 371
"../../../Engine/Plugins/Runtime/Advertising/IOSTapJoy/IOSTapJoy.uplugin" 372
"../../../Engine/Plugins/Runtime/Analytics/Adjust/Adjust.uplugin" 373
"../../../Engine/Plugins/Runtime/Analytics/AnalyticsBlueprintLibrary/AnalyticsBlueprintLibrary.uplugin" 374
"../../../Engine/Plugins/Runtime/Analytics/AnalyticsMulticast/AnalyticsMulticast.uplugin" 375
"../../../Engine/Plugins/Runtime/Analytics/FileLogging/FileLogging.uplugin" 376
"../../../Engine/Plugins/Runtime/Analytics/Flurry/Flurry.uplugin" 377
"../../../Engine/Plugins/Runtime/AR/AzureSpatialAnchors/AzureSpatialAnchors.uplugin" 378
"../../../Engine/Plugins/Runtime/AR/ARUtilities/ARUtilities.uplugin" 379
"../../../Engine/Plugins/Runtime/AR/AzureSpatialAnchorsForARKit/AzureSpatialAnchorsForARKit.uplugin" 380
"../../../Engine/Plugins/Runtime/AR/AzureSpatialAnchorsForARCore/AzureSpatialAnchorsForARCore.uplugin" 381
"../../../Engine/Plugins/Runtime/AR/AzureSpatialAnchorsForWMR/AzureSpatialAnchorsForWMR.uplugin" 382
"../../../Engine/Plugins/Runtime/Database/ADOSupport/ADOSupport.uplugin" 383
"../../../Engine/Plugins/Runtime/Database/DatabaseSupport/DatabaseSupport.uplugin" 384
"../../../Engine/Plugins/Runtime/Database/RemoteDatabaseSupport/RemoteDatabaseSupport.uplugin" 385
"../../../Engine/Plugins/Runtime/Database/SQLiteCore/SQLiteCore.uplugin" 386
"../../../Engine/Plugins/Runtime/Database/SQLiteSupport/SQLiteSupport.uplugin" 387
"../../../Engine/Plugins/Runtime/GoogleVR/GoogleVRHMD/GoogleVRHMD.uplugin" 388
"../../../Engine/Plugins/Runtime/GoogleVR/GoogleVRController/GoogleVRController.uplugin" 389
"../../../Engine/Plugins/Runtime/GoogleVR/GoogleVRTransition2D/GoogleVRTransition2D.uplugin" 390
"../../../Engine/Plugins/Runtime/MeshReconstruction/DummyMeshReconstructor/DummyMeshReconstructor.uplugin" 391
"../../../Engine/Plugins/Runtime/Nvidia/Ansel/Ansel.uplugin" 392
"../../../Engine/Plugins/Runtime/Nvidia/Reflex/Reflex.uplugin" 393
"../../../Engine/Plugins/Runtime/Oculus/OculusAudio/OculusAudio.uplugin" 394
"../../../Engine/Plugins/Runtime/Oculus/OculusOpenXR/OculusOpenXR.uplugin" 395
"../../../Engine/Plugins/Runtime/Oculus/OculusVR/OculusVR.uplugin" 396
"../../../Engine/Plugins/Runtime/PacketHandlers/AESGCMHandlerComponent/AESGCMHandlerComponent.uplugin" 397
"../../../Engine/Plugins/Runtime/PacketHandlers/AESHandlerComponent/AESHandlerComponent.uplugin" 398
"../../../Engine/Plugins/Runtime/PacketHandlers/DTLSHandlerComponent/DTLSHandlerComponent.uplugin" 399
"../../../Engine/Plugins/VirtualProduction/DMX/DMXDisplayCluster/DMXDisplayCluster.uplugin" 400
"../../../Engine/Plugins/VirtualProduction/DMX/DMXEngine/DMXEngine.uplugin" 401
"../../../Engine/Plugins/VirtualProduction/DMX/DMXFixtures/DMXFixtures.uplugin" 402
"../../../Engine/Plugins/VirtualProduction/DMX/DMXPixelMapping/DMXPixelMapping.uplugin" 403
"../../../Engine/Plugins/VirtualProduction/DMX/DMXProtocol/DMXProtocol.uplugin" 404
"../../../Engine/Plugins/Runtime/Steam/SteamAudio/SteamAudio.uplugin" 405
"../../../Engine/Plugins/Runtime/Steam/SteamController/SteamController.uplugin" 406
"../../../Engine/Plugins/Runtime/Steam/SteamVR/SteamVR.uplugin" 407
"../../../Engine/Plugins/Runtime/Steam/SteamSockets/SteamSockets.uplugin" 408
"../../../Engine/Plugins/Runtime/Windows/WinDualShock/WinDualShock.uplugin" 409
"../../../Engine/Plugins/Runtime/XR/XRVisualization/XRVisualization.uplugin" 410
"../../../Engine/Plugins/Developer/Concert/ConcertSync/ConcertSyncClient/ConcertSyncClient.uplugin" 411
"../../../Engine/Plugins/Developer/Concert/ConcertSync/ConcertSyncCore/ConcertSyncCore.uplugin" 412
"../../../Engine/Plugins/Developer/Concert/ConcertSync/ConcertSyncServer/ConcertSyncServer.uplugin" 413
"../../../Engine/Plugins/Developer/Concert/ConcertSync/ConcertSyncTest/ConcertSyncTest.uplugin" 414
"../../../Engine/Plugins/Runtime/AR/AppleAR/AppleARKit/AppleARKit.uplugin" 415
"../../../Engine/Plugins/Runtime/Steam/SteamShared/SteamShared.uplugin" 416
"../../../Engine/Plugins/Runtime/AR/AppleAR/AppleARKitFaceSupport/AppleARKitFaceSupport.uplugin" 417
"../../../Engine/Plugins/Runtime/AR/Microsoft/HoloLensAR/HoloLensAR.uplugin" 418
"../../../Engine/Plugins/Runtime/AR/Google/GoogleARCore/GoogleARCore.uplugin" 419
"../../../Engine/Plugins/Runtime/AR/Google/GoogleARCoreServices/GoogleARCoreServices.uplugin" 420
"C:/Users/malco/Desktop/Cloned Reditus/ReditusV.4.27/Plugins/AsyncLoadingScreen/AsyncLoadingScreen.uplugin" 421
"C:/Users/malco/Desktop/Cloned Reditus/ReditusV.4.27/Plugins/AutoSettings/AutoSettings.uplugin" 422
"C:/Users/malco/Desktop/Cloned Reditus/ReditusV.4.27/Plugins/DialoguePlugin/DialoguePlugin.uplugin" 423
"C:/Users/malco/Desktop/Cloned Reditus/ReditusV.4.27/Plugins/Pixel2D/Pixel2D.uplugin" 424
"C:/Users/malco/Desktop/Cloned Reditus/ReditusV.4.27/Plugins/PaperZD_4.27/PaperZD.uplugin" 425
"C:/Users/malco/Desktop/Cloned Reditus/ReditusV.4.27/Plugins/MinimapPlugin/MinimapPlugin.uplugin" 426
"C:/Users/malco/Desktop/Cloned Reditus/ReditusV.4.27/Plugins/ST_ExportPNG/ST_ExportPNG.uplugin" 427
"C:/Users/malco/Desktop/Cloned Reditus/ReditusV.4.27/Plugins/RefreshAllNodes-1.1-UE4.27.2/RefreshAllNodes.uplugin" 428
"../../../Engine/Content/Internationalization/icudt64l/cnvalias.icu" 429
"../../../Engine/Content/Internationalization/icudt64l/res_index.res" 430
"../../../Engine/Content/Internationalization/icudt64l/plurals.res" 431
"../../../Engine/Content/Internationalization/icudt64l/lang/en.res" 432
"../../../Engine/Content/Internationalization/icudt64l/lang/pool.res" 433
"../../../Engine/Content/Internationalization/icudt64l/lang/root.res" 434
"../../../Engine/Content/Internationalization/icudt64l/region/en.res" 435
"../../../Engine/Content/Internationalization/icudt64l/region/pool.res" 436
"../../../Engine/Content/Internationalization/icudt64l/region/root.res" 437
"../../../Engine/Content/Internationalization/icudt64l/windowsZones.res" 438
"../../../Engine/Content/Internationalization/icudt64l/zoneinfo64.res" 439
"../../../Engine/Content/Internationalization/icudt64l/keyTypeData.res" 440
"../../../Engine/Content/Internationalization/icudt64l/timezoneTypes.res" 441
"../../../Engine/Content/Internationalization/icudt64l/likelySubtags.res" 442
"../../../Engine/Content/Internationalization/icudt64l/en_US.res" 443
"../../../Engine/Content/Internationalization/icudt64l/pool.res" 444
"../../../Engine/Content/Internationalization/icudt64l/en.res" 445
"../../../Engine/Content/Internationalization/icudt64l/root.res" 446
"../../../Engine/Content/Internationalization/icudt64l/supplementalData.res" 447
"C:/Users/malco/AppData/Local/UnrealEngine/4.27/Saved/Config/Windows/Manifest.ini" 448
"../../../Engine/Config/Windows/BaseWindowsEngine.ini" 449
"../../../Engine/Config/Windows/WindowsEngine.ini" 450
"C:/Users/malco/Desktop/Cloned Reditus/ReditusV.4.27/Saved/Config/Windows/Engine.ini" 451
"../../../Engine/Config/BaseGame.ini" 452
"C:/Users/malco/Desktop/Cloned Reditus/ReditusV.4.27/Config/DefaultGame.ini" 453
"../../../Engine/Config/Windows/WindowsGame.ini" 454
"C:/Users/malco/Desktop/Cloned Reditus/ReditusV.4.27/Saved/Config/Windows/Game.ini" 455
"../../../Engine/Config/BaseInput.ini" 456
"C:/Users/malco/Desktop/Cloned Reditus/ReditusV.4.27/Config/DefaultInput.ini" 457
"C:/Users/malco/Desktop/Cloned Reditus/ReditusV.4.27/Saved/Config/Windows/Input.ini" 458
"../../../Engine/Config/BaseEditor.ini" 459
"C:/Users/malco/Desktop/Cloned Reditus/ReditusV.4.27/Config/DefaultEditor.ini" 460
"C:/Users/malco/Desktop/Cloned Reditus/ReditusV.4.27/Saved/Config/Windows/Editor.ini" 461
"../../../Engine/Config/BaseEditorPerProjectUserSettings.ini" 462
"C:/Users/malco/Desktop/Cloned Reditus/ReditusV.4.27/Config/DefaultEditorPerProjectUserSettings.ini" 463
"C:/Users/malco/Desktop/Cloned Reditus/ReditusV.4.27/Saved/Config/Windows/EditorPerProjectUserSettings.ini" 464
"../../../Engine/Config/BaseEditorSettings.ini" 465
"C:/Users/malco/AppData/Local/UnrealEngine/4.27/Saved/Config/Windows/EditorSettings.ini" 466
"../../../Engine/Config/BaseEditorKeyBindings.ini" 467
"C:/Users/malco/AppData/Local/UnrealEngine/4.27/Saved/Config/Windows/EditorKeyBindings.ini" 468
"C:/Users/malco/AppData/Local/UnrealEngine/4.27/Saved/Config/Windows/EditorLayout.ini" 469
"../../../Engine/Config/BaseCompat.ini" 470
"C:/Users/malco/Desktop/Cloned Reditus/ReditusV.4.27/Saved/Config/Windows/Compat.ini" 471
"../../../Engine/Config/BaseLightmass.ini" 472
"C:/Users/malco/Desktop/Cloned Reditus/ReditusV.4.27/Saved/Config/Windows/Lightmass.ini" 473
"../../../Engine/Config/BaseScalability.ini" 474
"C:/Users/malco/Desktop/Cloned Reditus/ReditusV.4.27/Saved/Config/Windows/Scalability.ini" 475
"../../../Engine/Config/BaseHardware.ini" 476
"C:/Users/malco/Desktop/Cloned Reditus/ReditusV.4.27/Saved/Config/Windows/Hardware.ini" 477
"../../../Engine/Config/BaseRuntimeOptions.ini" 478
"C:/Users/malco/Desktop/Cloned Reditus/ReditusV.4.27/Saved/Config/Windows/RuntimeOptions.ini" 479
"../../../Engine/Config/BaseInstallBundle.ini" 480
"../../../Engine/Config/BaseDeviceProfiles.ini" 481
"C:/Users/malco/Desktop/Cloned Reditus/ReditusV.4.27/Saved/Config/Windows/DeviceProfiles.ini" 482
"C:/Users/malco/Desktop/Cloned Reditus/ReditusV.4.27/Config/DefaultGameplayTags.ini" 483
"C:/Users/malco/Desktop/Cloned Reditus/ReditusV.4.27/Saved/Config/Windows/GameplayTags.ini" 484
"../../../Engine/Config/BaseGameUserSettings.ini" 485
"C:/Users/malco/Desktop/Cloned Reditus/ReditusV.4.27/Saved/Config/Windows/GameUserSettings.ini" 486
"C:/Users/malco/Desktop/Cloned Reditus/ReditusV.4.27/Binaries/Win64/Chapter1Reditus-Win64-Shipping.target" 487
"C:/Users/malco/Desktop/Cloned Reditus/ReditusV.4.27/Binaries/Win64/Chapter1ReditusEditor.target" 488
"../../../Engine/Plugins/2D/Paper2D/Config/BasePaper2D.ini" 489
"C:/Users/malco/Desktop/Cloned Reditus/ReditusV.4.27/Saved/Config/Windows/Paper2D.ini" 490
"../../../Engine/Plugins/Animation/LiveLink/Config/BaseLiveLink.ini" 491
"C:/Users/malco/Desktop/Cloned Reditus/ReditusV.4.27/Saved/Config/Windows/LiveLink.ini" 492
"../../../Engine/Plugins/Enterprise/VariantManagerContent/Config/BaseVariantManagerContent.ini" 493
"C:/Users/malco/Desktop/Cloned Reditus/ReditusV.4.27/Saved/Config/Windows/VariantManagerContent.ini" 494
"../../../Engine/Plugins/FX/Niagara/Config/BaseNiagara.ini" 495
"C:/Users/malco/Desktop/Cloned Reditus/ReditusV.4.27/Saved/Config/Windows/Niagara.ini" 496
"../../../Engine/Plugins/Experimental/MotoSynth/Config/BaseMotoSynth.ini" 497
"C:/Users/malco/Desktop/Cloned Reditus/ReditusV.4.27/Saved/Config/Windows/MotoSynth.ini" 498
"C:/Users/malco/Desktop/Cloned Reditus/ReditusV.4.27/Plugins/PaperZD_4.27/Config/DefaultPaperZD.ini" 499
"C:/Users/malco/Desktop/Cloned Reditus/ReditusV.4.27/Saved/Config/Windows/PaperZD.ini" 500
"../../../Engine/Plugins/Lumin/MagicLeap/Config/BaseMagicLeap.ini" 501
"C:/Users/malco/Desktop/Cloned Reditus/ReditusV.4.27/Saved/Config/Windows/MagicLeap.ini" 502
"../../../Engine/Plugins/Lumin/MagicLeapLightEstimation/Config/BaseMagicLeapLightEstimation.ini" 503
"C:/Users/malco/Desktop/Cloned Reditus/ReditusV.4.27/Saved/Config/Windows/MagicLeapLightEstimation.ini" 504
"../../../Engine/Plugins/Runtime/PhysXVehicles/Config/BasePhysXVehicles.ini" 505
"C:/Users/malco/Desktop/Cloned Reditus/ReditusV.4.27/Saved/Config/Windows/PhysXVehicles.ini" 506
"../../../Engine/Plugins/Runtime/PostSplashScreen/Config/BasePostSplashScreen.ini" 507
"C:/Users/malco/Desktop/Cloned Reditus/ReditusV.4.27/Saved/Config/Windows/PostSplashScreen.ini" 508
"../../../Engine/Plugins/Runtime/Synthesis/Config/BaseSynthesis.ini" 509
"C:/Users/malco/Desktop/Cloned Reditus/ReditusV.4.27/Saved/Config/Windows/Synthesis.ini" 510
"../../../Engine/Plugins/Runtime/Oculus/OculusVR/Config/BaseOculusVR.ini" 511
"C:/Users/malco/Desktop/Cloned Reditus/ReditusV.4.27/Saved/Config/Windows/OculusVR.ini" 512
"../../../Engine/Plugins/2D/Paper2D/Binaries/Win64/UE4Editor.modules" 513
"../../../Engine/Plugins/Experimental/EnhancedInput/Binaries/Win64/UE4Editor.modules" 514
"../../../Engine/Plugins/Experimental/Landmass/Binaries/Win64/UE4Editor.modules" 515
"../../../Engine/Plugins/Experimental/Water/Binaries/Win64/UE4Editor.modules" 516
"../../../Engine/Plugins/FX/Niagara/Binaries/Win64/UE4Editor.modules" 517
"../../../Engine/Plugins/Experimental/GeometryProcessing/Binaries/Win64/UE4Editor.modules" 518
"../../../Engine/Plugins/Editor/BlueprintMaterialTextureNodes/Binaries/Win64/UE4Editor.modules" 519
"../../../Engine/Plugins/Experimental/PythonScriptPlugin/Binaries/Win64/UE4Editor.modules" 520
"../../../Engine/Plugins/Editor/ContentBrowser/ContentBrowserFileDataSource/Binaries/Win64/UE4Editor.modules" 521
"../../../Engine/Plugins/Online/OnlineSubsystemSteam/Binaries/Win64/UE4Editor.modules" 522
"../../../Engine/Plugins/Online/OnlineSubsystem/Binaries/Win64/UE4Editor.modules" 523
"../../../Engine/Plugins/Online/OnlineSubsystemUtils/Binaries/Win64/UE4Editor.modules" 524
"../../../Engine/Plugins/Runtime/Steam/SteamShared/Binaries/Win64/UE4Editor.modules" 525
"../../../Engine/Plugins/MeshPainting/Binaries/Win64/UE4Editor.modules" 526
"../../../Engine/Plugins/XGEController/Binaries/Win64/UE4Editor.modules" 527
"../../../Engine/Plugins/AI/AISupport/Binaries/Win64/UE4Editor.modules" 528
"../../../Engine/Plugins/AI/EnvironmentQueryEditor/Binaries/Win64/UE4Editor.modules" 529
"../../../Engine/Plugins/Blendables/LightPropagationVolume/Binaries/Win64/UE4Editor.modules" 530
"../../../Engine/Plugins/Cameras/CameraShakePreviewer/Binaries/Win64/UE4Editor.modules" 531
"../../../Engine/Plugins/Cameras/GameplayCameras/Binaries/Win64/UE4Editor.modules" 532
"../../../Engine/Plugins/MovieScene/TemplateSequence/Binaries/Win64/UE4Editor.modules" 533
"../../../Engine/Plugins/MovieScene/LevelSequenceEditor/Binaries/Win64/UE4Editor.modules" 534
"../../../Engine/Plugins/Compression/OodleNetwork/Binaries/Win64/UE4Editor.modules" 535
"../../../Engine/Plugins/Compression/OodleData/Binaries/Win64/UE4Editor.modules" 536
"../../../Engine/Plugins/Developer/AnimationSharing/Binaries/Win64/UE4Editor.modules" 537
"../../../Engine/Plugins/Runtime/SignificanceManager/Binaries/Win64/UE4Editor.modules" 538
"../../../Engine/Plugins/Developer/CLionSourceCodeAccess/Binaries/Win64/UE4Editor.modules" 539
"../../../Engine/Plugins/Developer/GitSourceControl/Binaries/Win64/UE4Editor.modules" 540
"../../../Engine/Plugins/Developer/PerforceSourceControl/Binaries/Win64/UE4Editor.modules" 541
"../../../Engine/Plugins/Developer/PixWinPlugin/Binaries/Win64/UE4Editor.modules" 542
"../../../Engine/Plugins/Developer/PlasticSourceControl/Binaries/Win64/UE4Editor.modules" 543
"../../../Engine/Plugins/Developer/PluginUtils/Binaries/Win64/UE4Editor.modules" 544
"../../../Engine/Plugins/Developer/PropertyAccessNode/Binaries/Win64/UE4Editor.modules" 545
"../../../Engine/Plugins/Runtime/PropertyAccess/Binaries/Win64/UE4Editor.modules" 546
"../../../Engine/Plugins/Developer/RiderSourceCodeAccess/Binaries/Win64/UE4Editor.modules" 547
"../../../Engine/Plugins/Developer/SubversionSourceControl/Binaries/Win64/UE4Editor.modules" 548
"../../../Engine/Plugins/Developer/TextureFormatOodle/Binaries/Win64/UE4Editor.modules" 549
"../../../Engine/Plugins/Developer/UObjectPlugin/Binaries/Win64/UE4Editor.modules" 550
"../../../Engine/Plugins/Developer/VisualStudioSourceCodeAccess/Binaries/Win64/UE4Editor.modules" 551
"../../../Engine/Plugins/Developer/VisualStudioCodeSourceCodeAccess/Binaries/Win64/UE4Editor.modules" 552
"../../../Engine/Plugins/Editor/AssetManagerEditor/Binaries/Win64/UE4Editor.modules" 553
"../../../Engine/Plugins/Editor/CryptoKeys/Binaries/Win64/UE4Editor.modules" 554
"../../../Engine/Plugins/Editor/CurveEditorTools/Binaries/Win64/UE4Editor.modules" 555
"../../../Engine/Plugins/Editor/DataValidation/Binaries/Win64/UE4Editor.modules" 556
"../../../Engine/Plugins/Editor/FacialAnimation/Binaries/Win64/UE4Editor.modules" 557
"../../../Engine/Plugins/Editor/GeometryMode/Binaries/Win64/UE4Editor.modules" 558
"../../../Engine/Plugins/Editor/GameplayTagsEditor/Binaries/Win64/UE4Editor.modules" 559
"../../../Engine/Plugins/Editor/MaterialAnalyzer/Binaries/Win64/UE4Editor.modules" 560
"../../../Engine/Plugins/Editor/PluginBrowser/Binaries/Win64/UE4Editor.modules" 561
"../../../Engine/Plugins/Editor/MobileLauncherProfileWizard/Binaries/Win64/UE4Editor.modules" 562
"../../../Engine/Plugins/Editor/SpeedTreeImporter/Binaries/Win64/UE4Editor.modules" 563
"../../../Engine/Plugins/Enterprise/DatasmithContent/Binaries/Win64/UE4Editor.modules" 564
"../../../Engine/Plugins/Enterprise/VariantManagerContent/Binaries/Win64/UE4Editor.modules" 565
"../../../Engine/Plugins/Experimental/AlembicImporter/Binaries/Win64/UE4Editor.modules" 566
"../../../Engine/Plugins/Experimental/GeometryCache/Binaries/Win64/UE4Editor.modules" 567
"../../../Engine/Plugins/Experimental/AutomationUtils/Binaries/Win64/UE4Editor.modules" 568
"../../../Engine/Plugins/Tests/ScreenshotTools/Binaries/Win64/UE4Editor.modules" 569
"../../../Engine/Plugins/Experimental/BackChannel/Binaries/Win64/UE4Editor.modules" 570
"../../../Engine/Plugins/Experimental/ChaosCloth/Binaries/Win64/UE4Editor.modules" 571
"../../../Engine/Plugins/Experimental/ChaosClothEditor/Binaries/Win64/UE4Editor.modules" 572
"../../../Engine/Plugins/Experimental/ChaosEditor/Binaries/Win64/UE4Editor.modules" 573
"../../../Engine/Plugins/Experimental/PlanarCutPlugin/Binaries/Win64/UE4Editor.modules" 574
"../../../Engine/Plugins/Runtime/EditableMesh/Binaries/Win64/UE4Editor.modules" 575
"../../../Engine/Plugins/Experimental/GeometryCollectionPlugin/Binaries/Win64/UE4Editor.modules" 576
"../../../Engine/Plugins/Runtime/ProceduralMeshComponent/Binaries/Win64/UE4Editor.modules" 577
"../../../Engine/Plugins/Experimental/ChaosSolverPlugin/Binaries/Win64/UE4Editor.modules" 578
"../../../Engine/Plugins/Experimental/ChaosNiagara/Binaries/Win64/UE4Editor.modules" 579
"../../../Engine/Plugins/Experimental/CharacterAI/Binaries/Win64/UE4Editor.modules" 580
"../../../Engine/Plugins/Experimental/OpenImageDenoise/Binaries/Win64/UE4Editor.modules" 581
"../../../Engine/Plugins/Experimental/MotoSynth/Binaries/Win64/UE4Editor.modules" 582
"../../../Engine/Plugins/Experimental/ProxyLODPlugin/Binaries/Win64/UE4Editor.modules" 583
"../../../Engine/Plugins/Experimental/PlatformCrypto/Binaries/Win64/UE4Editor.modules" 584
"../../../Engine/Plugins/Experimental/SkeletalReduction/Binaries/Win64/UE4Editor.modules" 585
"../../../Engine/Plugins/Media/AndroidMedia/Binaries/Win64/UE4Editor.modules" 586
"../../../Engine/Plugins/Messaging/UdpMessaging/Binaries/Win64/UE4Editor.modules" 587
"../../../Engine/Plugins/Lumin/MLSDK/Binaries/Win64/UE4Editor.modules" 588
"../../../Engine/Plugins/Lumin/MagicLeap/Binaries/Win64/UE4Editor.modules" 589
"../../../Engine/Plugins/Lumin/MagicLeapPassableWorld/Binaries/Win64/UE4Editor.modules" 590
"../../../Engine/Plugins/Lumin/MagicLeapLightEstimation/Binaries/Win64/UE4Editor.modules" 591
"../../../Engine/Plugins/Lumin/MagicLeapMedia/Binaries/Win64/UE4Editor.modules" 592
"../../../Engine/Plugins/MovieScene/ActorSequence/Binaries/Win64/UE4Editor.modules" 593
"../../../Engine/Plugins/MovieScene/MatineeToLevelSequence/Binaries/Win64/UE4Editor.modules" 594
"../../../Engine/Plugins/Messaging/TcpMessaging/Binaries/Win64/UE4Editor.modules" 595
"../../../Engine/Plugins/Online/OnlineSubsystemNull/Binaries/Win64/UE4Editor.modules" 596
"../../../Engine/Plugins/Portal/LauncherChunkInstaller/Binaries/Win64/UE4Editor.modules" 597
"../../../Engine/Plugins/Runtime/ActorLayerUtilities/Binaries/Win64/UE4Editor.modules" 598
"../../../Engine/Plugins/Runtime/AndroidDeviceProfileSelector/Binaries/Win64/UE4Editor.modules" 599
"../../../Engine/Plugins/Runtime/AndroidPermission/Binaries/Win64/UE4Editor.modules" 600
"../../../Engine/Plugins/Runtime/AppleImageUtils/Binaries/Win64/UE4Editor.modules" 601
"../../../Engine/Plugins/Runtime/AssetTags/Binaries/Win64/UE4Editor.modules" 602
"../../../Engine/Plugins/Runtime/AudioCapture/Binaries/Win64/UE4Editor.modules" 603
"../../../Engine/Plugins/Runtime/CableComponent/Binaries/Win64/UE4Editor.modules" 604
"../../../Engine/Plugins/Runtime/CustomMeshComponent/Binaries/Win64/UE4Editor.modules" 605
"../../../Engine/Plugins/Runtime/ChunkDownloader/Binaries/Win64/UE4Editor.modules" 606
"../../../Engine/Plugins/Runtime/ExampleDeviceProfileSelector/Binaries/Win64/UE4Editor.modules" 607
"../../../Engine/Plugins/Runtime/GooglePAD/Binaries/Win64/UE4Editor.modules" 608
"../../../Engine/Plugins/Runtime/LocationServicesBPLibrary/Binaries/Win64/UE4Editor.modules" 609
"../../../Engine/Plugins/Runtime/OpenXREyeTracker/Binaries/Win64/UE4Editor.modules" 610
"../../../Engine/Plugins/Runtime/OpenXR/Binaries/Win64/UE4Editor.modules" 611
"../../../Engine/Plugins/Runtime/OpenXRHandTracking/Binaries/Win64/UE4Editor.modules" 612
"../../../Engine/Plugins/Animation/LiveLink/Binaries/Win64/UE4Editor.modules" 613
"../../../Engine/Plugins/VirtualProduction/Takes/Binaries/Win64/UE4Editor.modules" 614
"../../../Engine/Plugins/Runtime/PhysXVehicles/Binaries/Win64/UE4Editor.modules" 615
"../../../Engine/Plugins/Runtime/RuntimePhysXCooking/Binaries/Win64/UE4Editor.modules" 616
"../../../Engine/Plugins/Runtime/SoundFields/Binaries/Win64/UE4Editor.modules" 617
"../../../Engine/Plugins/Runtime/Synthesis/Binaries/Win64/UE4Editor.modules" 618
"../../../Engine/Plugins/Runtime/AudioSynesthesia/Binaries/Win64/UE4Editor.modules" 619
"../../../Engine/Plugins/Runtime/WebMMoviePlayer/Binaries/Win64/UE4Editor.modules" 620
"../../../Engine/Plugins/Media/WebMMedia/Binaries/Win64/UE4Editor.modules" 621
"../../../Engine/Plugins/Runtime/WindowsMoviePlayer/Binaries/Win64/UE4Editor.modules" 622
"../../../Engine/Plugins/Runtime/MobilePatchingUtils/Binaries/Win64/UE4Editor.modules" 623
"../../../Engine/Plugins/Media/AvfMedia/Binaries/Win64/UE4Editor.modules" 624
"../../../Engine/Plugins/Media/ImgMedia/Binaries/Win64/UE4Editor.modules" 625
"../../../Engine/Plugins/Media/MediaCompositing/Binaries/Win64/UE4Editor.modules" 626
"../../../Engine/Plugins/Media/MediaPlayerEditor/Binaries/Win64/UE4Editor.modules" 627
"../../../Engine/Plugins/Media/WmfMedia/Binaries/Win64/UE4Editor.modules" 628
"../../../Engine/Plugins/Runtime/ArchVisCharacter/Binaries/Win64/UE4Editor.modules" 629
"../../../Engine/Plugins/Editor/ContentBrowser/ContentBrowserAssetDataSource/Binaries/Win64/UE4Editor.modules" 630
"../../../Engine/Plugins/Editor/ContentBrowser/ContentBrowserClassDataSource/Binaries/Win64/UE4Editor.modules" 631
"../../../Engine/Plugins/Runtime/Oculus/OculusVR/Binaries/Win64/UE4Editor.modules" 632
"../../../Engine/Plugins/Runtime/Steam/SteamVR/Binaries/Win64/UE4Editor.modules" 633
"C:/Users/malco/Desktop/Cloned Reditus/ReditusV.4.27/Plugins/AsyncLoadingScreen/Binaries/Win64/UE4Editor.modules" 634
"C:/Users/malco/Desktop/Cloned Reditus/ReditusV.4.27/Plugins/ST_ExportPNG/Binaries/Win64/UE4Editor.modules" 635
"C:/Users/malco/Desktop/Cloned Reditus/ReditusV.4.27/Plugins/PaperZD_4.27/Binaries/Win64/UE4Editor.modules" 636
"C:/Users/malco/Desktop/Cloned Reditus/ReditusV.4.27/Plugins/Pixel2D/Binaries/Win64/UE4Editor.modules" 637
"C:/Users/malco/Desktop/Cloned Reditus/ReditusV.4.27/Plugins/DialoguePlugin/Binaries/Win64/UE4Editor.modules" 638
"C:/Users/malco/Desktop/Cloned Reditus/ReditusV.4.27/Plugins/MinimapPlugin/Binaries/Win64/UE4Editor.modules" 639
"C:/Users/malco/Desktop/Cloned Reditus/ReditusV.4.27/Plugins/RefreshAllNodes-1.1-UE4.27.2/Binaries/Win64/UE4Editor.modules" 640
"../../../Engine/Content/Certificates/ThirdParty/cacert.pem" 641
"../../../Engine/Config/ConsoleVariables.ini" 642
"../../../Engine/Binaries/Win64/Android/UE4Editor.modules" 643
"../../../Engine/Binaries/Win64/IOS/UE4Editor.modules" 644
"../../../Engine/Binaries/Win64/Linux/UE4Editor.modules" 645
"../../../Engine/Binaries/Win64/Lumin/UE4Editor.modules" 646
"../../../Engine/Config/Android/BaseAndroidEngine.ini" 647
"../../../Engine/Config/Android/AndroidEngine.ini" 648
"../../../Engine/Config/Unix/UnixEngine.ini" 649
"../../../Engine/Config/Linux/LinuxEngine.ini" 650
"../../../Engine/Config/LinuxAArch64/LinuxAArch64Engine.ini" 651
"../../../Engine/Config/Lumin/LuminEngine.ini" 652
"../../../Engine/Config/Mac/BaseMacEngine.ini" 653
"../../../Engine/Config/Mac/MacEngine.ini" 654
"../../../Engine/Content/Localization/Editor/en/Editor.locres" 655
"../../../Engine/Content/Localization/EditorTutorials/en/EditorTutorials.locres" 656
"../../../Engine/Content/Localization/Keywords/en/Keywords.locres" 657
"../../../Engine/Content/Localization/Category/en/Category.locres" 658
"../../../Engine/Content/Localization/ToolTips/en/ToolTips.locres" 659
"../../../Engine/Content/Localization/PropertyNames/en/PropertyNames.locres" 660
"../../../Engine/Content/Localization/Engine/en/Engine.locres" 661
"../../../Engine/Plugins/Online/OnlineSubsystem/Content/Localization/OnlineSubsystem/en/OnlineSubsystem.locres" 662
"../../../Engine/Plugins/Online/OnlineSubsystemSteam/Content/Localization/OnlineSubsystemSteam/en/OnlineSubsystemSteam.locres" 663
"../../../Engine/Plugins/Online/OnlineSubsystemUtils/Content/Localization/OnlineSubsystemUtils/en/OnlineSubsystemUtils.locres" 664
"../../../Engine/Plugins/Online/Android/OnlineSubsystemGooglePlay/Content/Localization/OnlineSubsystemGooglePlay/en/OnlineSubsystemGooglePlay.locres" 665
"../../../Engine/Plugins/Online/IOS/OnlineSubsystemIOS/Content/Localization/OnlineSubsystemIOS/en/OnlineSubsystemIOS.locres" 666
"../../../Engine/Content/Internationalization/icudt64l/numberingSystems.res" 667
"../../../Engine/Content/Internationalization/icudt64l/curr/supplementalData.res" 668
"../../../Engine/Content/Internationalization/icudt64l/curr/en.res" 669
"../../../Engine/Content/Internationalization/icudt64l/curr/pool.res" 670
"../../../Engine/Content/Internationalization/icudt64l/curr/root.res" 671
"../../../Engine/Content/Internationalization/icudt64l/lang/af.res" 672
"../../../Engine/Content/Internationalization/icudt64l/region/af.res" 673
"../../../Engine/Content/Internationalization/icudt64l/lang/agq.res" 674
"../../../Engine/Content/Internationalization/icudt64l/region/agq.res" 675
"../../../Engine/Content/Internationalization/icudt64l/lang/ak.res" 676
"../../../Engine/Content/Internationalization/icudt64l/region/ak.res" 677
"../../../Engine/Content/Internationalization/icudt64l/lang/am.res" 678
"../../../Engine/Content/Internationalization/icudt64l/region/am.res" 679
"../../../Engine/Content/Internationalization/icudt64l/lang/ar.res" 680
"../../../Engine/Content/Internationalization/icudt64l/region/ar.res" 681
"../../../Engine/Content/Internationalization/icudt64l/region/ar_AE.res" 682
"../../../Engine/Content/Internationalization/icudt64l/lang/ar_EG.res" 683
"../../../Engine/Content/Internationalization/icudt64l/lang/ar_LY.res" 684
"../../../Engine/Content/Internationalization/icudt64l/region/ar_LY.res" 685
"../../../Engine/Content/Internationalization/icudt64l/lang/ar_SA.res" 686
"../../../Engine/Content/Internationalization/icudt64l/region/ar_SA.res" 687
"../../../Engine/Content/Internationalization/icudt64l/lang/as.res" 688
"../../../Engine/Content/Internationalization/icudt64l/region/as.res" 689
"../../../Engine/Content/Internationalization/icudt64l/lang/asa.res" 690
"../../../Engine/Content/Internationalization/icudt64l/region/asa.res" 691
"../../../Engine/Content/Internationalization/icudt64l/lang/ast.res" 692
"../../../Engine/Content/Internationalization/icudt64l/region/ast.res" 693
"../../../Engine/Content/Internationalization/icudt64l/lang/az.res" 694
"../../../Engine/Content/Internationalization/icudt64l/lang/az_Cyrl.res" 695
"../../../Engine/Content/Internationalization/icudt64l/lang/az_AZ.res" 696
"../../../Engine/Content/Internationalization/icudt64l/lang/az_Latn_AZ.res" 697
"../../../Engine/Content/Internationalization/icudt64l/lang/az_Latn.res" 698
"../../../Engine/Content/Internationalization/icudt64l/region/az_AZ.res" 699
"../../../Engine/Content/Internationalization/icudt64l/region/az_Latn_AZ.res" 700
"../../../Engine/Content/Internationalization/icudt64l/region/az_Latn.res" 701
"../../../Engine/Content/Internationalization/icudt64l/region/az.res" 702
"../../../Engine/Content/Internationalization/icudt64l/region/az_Cyrl.res" 703
"../../../Engine/Content/Internationalization/icudt64l/lang/bas.res" 704
"../../../Engine/Content/Internationalization/icudt64l/region/bas.res" 705
"../../../Engine/Content/Internationalization/icudt64l/lang/be.res" 706
"../../../Engine/Content/Internationalization/icudt64l/region/be.res" 707
"../../../Engine/Content/Internationalization/icudt64l/lang/bem.res" 708
"../../../Engine/Content/Internationalization/icudt64l/region/bem.res" 709
"../../../Engine/Content/Internationalization/icudt64l/lang/bez.res" 710
"../../../Engine/Content/Internationalization/icudt64l/region/bez.res" 711
"../../../Engine/Content/Internationalization/icudt64l/lang/bg.res" 712
"../../../Engine/Content/Internationalization/icudt64l/region/bg.res" 713
"../../../Engine/Content/Internationalization/icudt64l/lang/bm.res" 714
"../../../Engine/Content/Internationalization/icudt64l/region/bm.res" 715
"../../../Engine/Content/Internationalization/icudt64l/lang/bn.res" 716
"../../../Engine/Content/Internationalization/icudt64l/region/bn.res" 717
"../../../Engine/Content/Internationalization/icudt64l/lang/bn_IN.res" 718
"../../../Engine/Content/Internationalization/icudt64l/region/bn_IN.res" 719
"../../../Engine/Content/Internationalization/icudt64l/lang/bo.res" 720
"../../../Engine/Content/Internationalization/icudt64l/region/bo.res" 721
"../../../Engine/Content/Internationalization/icudt64l/region/bo_IN.res" 722
"../../../Engine/Content/Internationalization/icudt64l/lang/br.res" 723
"../../../Engine/Content/Internationalization/icudt64l/region/br.res" 724
"../../../Engine/Content/Internationalization/icudt64l/lang/brx.res" 725
"../../../Engine/Content/Internationalization/icudt64l/region/brx.res" 726
"../../../Engine/Content/Internationalization/icudt64l/lang/bs.res" 727
"../../../Engine/Content/Internationalization/icudt64l/lang/bs_Cyrl.res" 728
"../../../Engine/Content/Internationalization/icudt64l/lang/bs_BA.res" 729
"../../../Engine/Content/Internationalization/icudt64l/lang/bs_Latn_BA.res" 730
"../../../Engine/Content/Internationalization/icudt64l/lang/bs_Latn.res" 731
"../../../Engine/Content/Internationalization/icudt64l/region/bs_BA.res" 732
"../../../Engine/Content/Internationalization/icudt64l/region/bs_Latn_BA.res" 733
"../../../Engine/Content/Internationalization/icudt64l/region/bs_Latn.res" 734
"../../../Engine/Content/Internationalization/icudt64l/region/bs.res" 735
"../../../Engine/Content/Internationalization/icudt64l/region/bs_Cyrl.res" 736
"../../../Engine/Content/Internationalization/icudt64l/lang/ca.res" 737
"../../../Engine/Content/Internationalization/icudt64l/region/ca.res" 738
"../../../Engine/Content/Internationalization/icudt64l/lang/ccp.res" 739
"../../../Engine/Content/Internationalization/icudt64l/region/ccp.res" 740
"../../../Engine/Content/Internationalization/icudt64l/lang/ce.res" 741
"../../../Engine/Content/Internationalization/icudt64l/region/ce.res" 742
"../../../Engine/Content/Internationalization/icudt64l/lang/ceb.res" 743
"../../../Engine/Content/Internationalization/icudt64l/region/ceb.res" 744
"../../../Engine/Content/Internationalization/icudt64l/lang/cgg.res" 745
"../../../Engine/Content/Internationalization/icudt64l/region/cgg.res" 746
"../../../Engine/Content/Internationalization/icudt64l/lang/chr.res" 747
"../../../Engine/Content/Internationalization/icudt64l/region/chr.res" 748
"../../../Engine/Content/Internationalization/icudt64l/lang/ckb.res" 749
"../../../Engine/Content/Internationalization/icudt64l/region/ckb.res" 750
"../../../Engine/Content/Internationalization/icudt64l/lang/cs.res" 751
"../../../Engine/Content/Internationalization/icudt64l/region/cs.res" 752
"../../../Engine/Content/Internationalization/icudt64l/lang/cy.res" 753
"../../../Engine/Content/Internationalization/icudt64l/region/cy.res" 754
"../../../Engine/Content/Internationalization/icudt64l/lang/da.res" 755
"../../../Engine/Content/Internationalization/icudt64l/region/da.res" 756
"../../../Engine/Content/Internationalization/icudt64l/lang/dav.res" 757
"../../../Engine/Content/Internationalization/icudt64l/region/dav.res" 758
"../../../Engine/Content/Internationalization/icudt64l/lang/de.res" 759
"../../../Engine/Content/Internationalization/icudt64l/lang/de_AT.res" 760
"../../../Engine/Content/Internationalization/icudt64l/region/de_AT.res" 761
"../../../Engine/Content/Internationalization/icudt64l/region/de.res" 762
"../../../Engine/Content/Internationalization/icudt64l/lang/de_CH.res" 763
"../../../Engine/Content/Internationalization/icudt64l/region/de_CH.res" 764
"../../../Engine/Content/Internationalization/icudt64l/lang/de_LU.res" 765
"../../../Engine/Content/Internationalization/icudt64l/lang/dje.res" 766
"../../../Engine/Content/Internationalization/icudt64l/region/dje.res" 767
"../../../Engine/Content/Internationalization/icudt64l/lang/dsb.res" 768
"../../../Engine/Content/Internationalization/icudt64l/region/dsb.res" 769
"../../../Engine/Content/Internationalization/icudt64l/lang/dua.res" 770
"../../../Engine/Content/Internationalization/icudt64l/region/dua.res" 771
"../../../Engine/Content/Internationalization/icudt64l/lang/dyo.res" 772
"../../../Engine/Content/Internationalization/icudt64l/region/dyo.res" 773
"../../../Engine/Content/Internationalization/icudt64l/lang/dz.res" 774
"../../../Engine/Content/Internationalization/icudt64l/region/dz.res" 775
"../../../Engine/Content/Internationalization/icudt64l/lang/ebu.res" 776
"../../../Engine/Content/Internationalization/icudt64l/region/ebu.res" 777
"../../../Engine/Content/Internationalization/icudt64l/lang/ee.res" 778
"../../../Engine/Content/Internationalization/icudt64l/region/ee.res" 779
"../../../Engine/Content/Internationalization/icudt64l/lang/el.res" 780
"../../../Engine/Content/Internationalization/icudt64l/region/el.res" 781
"../../../Engine/Content/Internationalization/icudt64l/lang/en_001.res" 782
"../../../Engine/Content/Internationalization/icudt64l/lang/en_150.res" 783
"../../../Engine/Content/Internationalization/icudt64l/region/en_150.res" 784
"../../../Engine/Content/Internationalization/icudt64l/lang/en_AG.res" 785
"../../../Engine/Content/Internationalization/icudt64l/region/en_AG.res" 786
"../../../Engine/Content/Internationalization/icudt64l/lang/en_AI.res" 787
"../../../Engine/Content/Internationalization/icudt64l/region/en_AI.res" 788
"../../../Engine/Content/Internationalization/icudt64l/lang/en_AT.res" 789
"../../../Engine/Content/Internationalization/icudt64l/region/en_AT.res" 790
"../../../Engine/Content/Internationalization/icudt64l/lang/en_AU.res" 791
"../../../Engine/Content/Internationalization/icudt64l/region/en_AU.res" 792
"../../../Engine/Content/Internationalization/icudt64l/lang/en_BB.res" 793
"../../../Engine/Content/Internationalization/icudt64l/region/en_BB.res" 794
"../../../Engine/Content/Internationalization/icudt64l/lang/en_BE.res" 795
"../../../Engine/Content/Internationalization/icudt64l/region/en_BE.res" 796
"../../../Engine/Content/Internationalization/icudt64l/lang/en_BM.res" 797
"../../../Engine/Content/Internationalization/icudt64l/region/en_BM.res" 798
"../../../Engine/Content/Internationalization/icudt64l/lang/en_BS.res" 799
"../../../Engine/Content/Internationalization/icudt64l/region/en_BS.res" 800
"../../../Engine/Content/Internationalization/icudt64l/lang/en_BW.res" 801
"../../../Engine/Content/Internationalization/icudt64l/region/en_BW.res" 802
"../../../Engine/Content/Internationalization/icudt64l/lang/en_BZ.res" 803
"../../../Engine/Content/Internationalization/icudt64l/region/en_BZ.res" 804
"../../../Engine/Content/Internationalization/icudt64l/lang/en_CA.res" 805
"../../../Engine/Content/Internationalization/icudt64l/region/en_CA.res" 806
"../../../Engine/Content/Internationalization/icudt64l/lang/en_CC.res" 807
"../../../Engine/Content/Internationalization/icudt64l/region/en_CC.res" 808
"../../../Engine/Content/Internationalization/icudt64l/lang/en_CH.res" 809
"../../../Engine/Content/Internationalization/icudt64l/region/en_CH.res" 810
"../../../Engine/Content/Internationalization/icudt64l/lang/en_CK.res" 811
"../../../Engine/Content/Internationalization/icudt64l/region/en_CK.res" 812
"../../../Engine/Content/Internationalization/icudt64l/lang/en_CM.res" 813
"../../../Engine/Content/Internationalization/icudt64l/region/en_CM.res" 814
"../../../Engine/Content/Internationalization/icudt64l/lang/en_CX.res" 815
"../../../Engine/Content/Internationalization/icudt64l/region/en_CX.res" 816
"../../../Engine/Content/Internationalization/icudt64l/lang/en_CY.res" 817
"../../../Engine/Content/Internationalization/icudt64l/region/en_CY.res" 818
"../../../Engine/Content/Internationalization/icudt64l/lang/en_DE.res" 819
"../../../Engine/Content/Internationalization/icudt64l/region/en_DE.res" 820
"../../../Engine/Content/Internationalization/icudt64l/lang/en_DG.res" 821
"../../../Engine/Content/Internationalization/icudt64l/region/en_DG.res" 822
"../../../Engine/Content/Internationalization/icudt64l/lang/en_DK.res" 823
"../../../Engine/Content/Internationalization/icudt64l/region/en_DK.res" 824
"../../../Engine/Content/Internationalization/icudt64l/lang/en_DM.res" 825
"../../../Engine/Content/Internationalization/icudt64l/region/en_DM.res" 826
"../../../Engine/Content/Internationalization/icudt64l/lang/en_ER.res" 827
"../../../Engine/Content/Internationalization/icudt64l/region/en_ER.res" 828
"../../../Engine/Content/Internationalization/icudt64l/lang/en_FI.res" 829
"../../../Engine/Content/Internationalization/icudt64l/region/en_FI.res" 830
"../../../Engine/Content/Internationalization/icudt64l/lang/en_FJ.res" 831
"../../../Engine/Content/Internationalization/icudt64l/region/en_FJ.res" 832
"../../../Engine/Content/Internationalization/icudt64l/lang/en_FK.res" 833
"../../../Engine/Content/Internationalization/icudt64l/region/en_FK.res" 834
"../../../Engine/Content/Internationalization/icudt64l/lang/en_FM.res" 835
"../../../Engine/Content/Internationalization/icudt64l/region/en_FM.res" 836
"../../../Engine/Content/Internationalization/icudt64l/lang/en_GB.res" 837
"../../../Engine/Content/Internationalization/icudt64l/region/en_GB.res" 838
"../../../Engine/Content/Internationalization/icudt64l/lang/en_GD.res" 839
"../../../Engine/Content/Internationalization/icudt64l/region/en_GD.res" 840
"../../../Engine/Content/Internationalization/icudt64l/lang/en_GG.res" 841
"../../../Engine/Content/Internationalization/icudt64l/region/en_GG.res" 842
"../../../Engine/Content/Internationalization/icudt64l/lang/en_GH.res" 843
"../../../Engine/Content/Internationalization/icudt64l/region/en_GH.res" 844
"../../../Engine/Content/Internationalization/icudt64l/lang/en_GI.res" 845
"../../../Engine/Content/Internationalization/icudt64l/region/en_GI.res" 846
"../../../Engine/Content/Internationalization/icudt64l/lang/en_GM.res" 847
"../../../Engine/Content/Internationalization/icudt64l/region/en_GM.res" 848
"../../../Engine/Content/Internationalization/icudt64l/lang/en_GY.res" 849
"../../../Engine/Content/Internationalization/icudt64l/region/en_GY.res" 850
"../../../Engine/Content/Internationalization/icudt64l/lang/en_HK.res" 851
"../../../Engine/Content/Internationalization/icudt64l/region/en_HK.res" 852
"../../../Engine/Content/Internationalization/icudt64l/lang/en_IE.res" 853
"../../../Engine/Content/Internationalization/icudt64l/region/en_IE.res" 854
"../../../Engine/Content/Internationalization/icudt64l/lang/en_IL.res" 855
"../../../Engine/Content/Internationalization/icudt64l/region/en_IL.res" 856
"../../../Engine/Content/Internationalization/icudt64l/lang/en_IM.res" 857
"../../../Engine/Content/Internationalization/icudt64l/region/en_IM.res" 858
"../../../Engine/Content/Internationalization/icudt64l/lang/en_IN.res" 859
"../../../Engine/Content/Internationalization/icudt64l/region/en_IN.res" 860
"../../../Engine/Content/Internationalization/icudt64l/lang/en_IO.res" 861
"../../../Engine/Content/Internationalization/icudt64l/region/en_IO.res" 862
"../../../Engine/Content/Internationalization/icudt64l/lang/en_JE.res" 863
"../../../Engine/Content/Internationalization/icudt64l/region/en_JE.res" 864
"../../../Engine/Content/Internationalization/icudt64l/lang/en_JM.res" 865
"../../../Engine/Content/Internationalization/icudt64l/region/en_JM.res" 866
"../../../Engine/Content/Internationalization/icudt64l/lang/en_KE.res" 867
"../../../Engine/Content/Internationalization/icudt64l/region/en_KE.res" 868
"../../../Engine/Content/Internationalization/icudt64l/lang/en_KI.res" 869
"../../../Engine/Content/Internationalization/icudt64l/region/en_KI.res" 870
"../../../Engine/Content/Internationalization/icudt64l/lang/en_KN.res" 871
"../../../Engine/Content/Internationalization/icudt64l/region/en_KN.res" 872
"../../../Engine/Content/Internationalization/icudt64l/lang/en_KY.res" 873
"../../../Engine/Content/Internationalization/icudt64l/region/en_KY.res" 874
"../../../Engine/Content/Internationalization/icudt64l/lang/en_LC.res" 875
"../../../Engine/Content/Internationalization/icudt64l/region/en_LC.res" 876
"../../../Engine/Content/Internationalization/icudt64l/lang/en_LR.res" 877
"../../../Engine/Content/Internationalization/icudt64l/region/en_LR.res" 878
"../../../Engine/Content/Internationalization/icudt64l/lang/en_LS.res" 879
"../../../Engine/Content/Internationalization/icudt64l/region/en_LS.res" 880
"../../../Engine/Content/Internationalization/icudt64l/lang/en_MG.res" 881
"../../../Engine/Content/Internationalization/icudt64l/region/en_MG.res" 882
"../../../Engine/Content/Internationalization/icudt64l/lang/en_MO.res" 883
"../../../Engine/Content/Internationalization/icudt64l/region/en_MO.res" 884
"../../../Engine/Content/Internationalization/icudt64l/lang/en_MS.res" 885
"../../../Engine/Content/Internationalization/icudt64l/region/en_MS.res" 886
"../../../Engine/Content/Internationalization/icudt64l/lang/en_MT.res" 887
"../../../Engine/Content/Internationalization/icudt64l/region/en_MT.res" 888
"../../../Engine/Content/Internationalization/icudt64l/lang/en_MU.res" 889
"../../../Engine/Content/Internationalization/icudt64l/region/en_MU.res" 890
"../../../Engine/Content/Internationalization/icudt64l/lang/en_MW.res" 891
"../../../Engine/Content/Internationalization/icudt64l/region/en_MW.res" 892
"../../../Engine/Content/Internationalization/icudt64l/lang/en_MY.res" 893
"../../../Engine/Content/Internationalization/icudt64l/region/en_MY.res" 894
"../../../Engine/Content/Internationalization/icudt64l/lang/en_NA.res" 895
"../../../Engine/Content/Internationalization/icudt64l/region/en_NA.res" 896
"../../../Engine/Content/Internationalization/icudt64l/lang/en_NF.res" 897
"../../../Engine/Content/Internationalization/icudt64l/region/en_NF.res" 898
"../../../Engine/Content/Internationalization/icudt64l/lang/en_NG.res" 899
"../../../Engine/Content/Internationalization/icudt64l/region/en_NG.res" 900
"../../../Engine/Content/Internationalization/icudt64l/lang/en_NL.res" 901
"../../../Engine/Content/Internationalization/icudt64l/region/en_NL.res" 902
"../../../Engine/Content/Internationalization/icudt64l/lang/en_NR.res" 903
"../../../Engine/Content/Internationalization/icudt64l/region/en_NR.res" 904
"../../../Engine/Content/Internationalization/icudt64l/lang/en_NU.res" 905
"../../../Engine/Content/Internationalization/icudt64l/region/en_NU.res" 906
"../../../Engine/Content/Internationalization/icudt64l/lang/en_NZ.res" 907
"../../../Engine/Content/Internationalization/icudt64l/region/en_NZ.res" 908
"../../../Engine/Content/Internationalization/icudt64l/lang/en_PG.res" 909
"../../../Engine/Content/Internationalization/icudt64l/region/en_PG.res" 910
"../../../Engine/Content/Internationalization/icudt64l/lang/en_PH.res" 911
"../../../Engine/Content/Internationalization/icudt64l/region/en_PH.res" 912
"../../../Engine/Content/Internationalization/icudt64l/lang/en_PK.res" 913
"../../../Engine/Content/Internationalization/icudt64l/region/en_PK.res" 914
"../../../Engine/Content/Internationalization/icudt64l/lang/en_PN.res" 915
"../../../Engine/Content/Internationalization/icudt64l/region/en_PN.res" 916
"../../../Engine/Content/Internationalization/icudt64l/lang/en_PW.res" 917
"../../../Engine/Content/Internationalization/icudt64l/region/en_PW.res" 918
"../../../Engine/Content/Internationalization/icudt64l/lang/en_RW.res" 919
"../../../Engine/Content/Internationalization/icudt64l/region/en_RW.res" 920
"../../../Engine/Content/Internationalization/icudt64l/lang/en_SB.res" 921
"../../../Engine/Content/Internationalization/icudt64l/region/en_SB.res" 922
"../../../Engine/Content/Internationalization/icudt64l/lang/en_SC.res" 923
"../../../Engine/Content/Internationalization/icudt64l/region/en_SC.res" 924
"../../../Engine/Content/Internationalization/icudt64l/lang/en_SD.res" 925
"../../../Engine/Content/Internationalization/icudt64l/region/en_SD.res" 926
"../../../Engine/Content/Internationalization/icudt64l/lang/en_SE.res" 927
"../../../Engine/Content/Internationalization/icudt64l/region/en_SE.res" 928
"../../../Engine/Content/Internationalization/icudt64l/lang/en_SG.res" 929
"../../../Engine/Content/Internationalization/icudt64l/region/en_SG.res" 930
"../../../Engine/Content/Internationalization/icudt64l/lang/en_SH.res" 931
"../../../Engine/Content/Internationalization/icudt64l/region/en_SH.res" 932
"../../../Engine/Content/Internationalization/icudt64l/lang/en_SI.res" 933
"../../../Engine/Content/Internationalization/icudt64l/region/en_SI.res" 934
"../../../Engine/Content/Internationalization/icudt64l/lang/en_SL.res" 935
"../../../Engine/Content/Internationalization/icudt64l/region/en_SL.res" 936
"../../../Engine/Content/Internationalization/icudt64l/lang/en_SS.res" 937
"../../../Engine/Content/Internationalization/icudt64l/region/en_SS.res" 938
"../../../Engine/Content/Internationalization/icudt64l/lang/en_SX.res" 939
"../../../Engine/Content/Internationalization/icudt64l/region/en_SX.res" 940
"../../../Engine/Content/Internationalization/icudt64l/lang/en_SZ.res" 941
"../../../Engine/Content/Internationalization/icudt64l/region/en_SZ.res" 942
"../../../Engine/Content/Internationalization/icudt64l/lang/en_TC.res" 943
"../../../Engine/Content/Internationalization/icudt64l/region/en_TC.res" 944
"../../../Engine/Content/Internationalization/icudt64l/lang/en_TK.res" 945
"../../../Engine/Content/Internationalization/icudt64l/region/en_TK.res" 946
"../../../Engine/Content/Internationalization/icudt64l/lang/en_TO.res" 947
"../../../Engine/Content/Internationalization/icudt64l/region/en_TO.res" 948
"../../../Engine/Content/Internationalization/icudt64l/lang/en_TT.res" 949
"../../../Engine/Content/Internationalization/icudt64l/region/en_TT.res" 950
"../../../Engine/Content/Internationalization/icudt64l/lang/en_TV.res" 951
"../../../Engine/Content/Internationalization/icudt64l/region/en_TV.res" 952
"../../../Engine/Content/Internationalization/icudt64l/lang/en_TZ.res" 953
"../../../Engine/Content/Internationalization/icudt64l/region/en_TZ.res" 954
"../../../Engine/Content/Internationalization/icudt64l/lang/en_UG.res" 955
"../../../Engine/Content/Internationalization/icudt64l/region/en_UG.res" 956
"../../../Engine/Content/Internationalization/icudt64l/lang/en_VC.res" 957
"../../../Engine/Content/Internationalization/icudt64l/region/en_VC.res" 958
"../../../Engine/Content/Internationalization/icudt64l/lang/en_VG.res" 959
"../../../Engine/Content/Internationalization/icudt64l/region/en_VG.res" 960
"../../../Engine/Content/Internationalization/icudt64l/lang/en_VU.res" 961
"../../../Engine/Content/Internationalization/icudt64l/region/en_VU.res" 962
"../../../Engine/Content/Internationalization/icudt64l/lang/en_WS.res" 963
"../../../Engine/Content/Internationalization/icudt64l/region/en_WS.res" 964
"../../../Engine/Content/Internationalization/icudt64l/lang/en_ZA.res" 965
"../../../Engine/Content/Internationalization/icudt64l/region/en_ZA.res" 966
"../../../Engine/Content/Internationalization/icudt64l/lang/en_ZM.res" 967
"../../../Engine/Content/Internationalization/icudt64l/region/en_ZM.res" 968
"../../../Engine/Content/Internationalization/icudt64l/lang/en_ZW.res" 969
"../../../Engine/Content/Internationalization/icudt64l/region/en_ZW.res" 970
"../../../Engine/Content/Internationalization/icudt64l/lang/eo.res" 971
"../../../Engine/Content/Internationalization/icudt64l/region/eo.res" 972
"../../../Engine/Content/Internationalization/icudt64l/lang/es.res" 973
"../../../Engine/Content/Internationalization/icudt64l/lang/es_419.res" 974
"../../../Engine/Content/Internationalization/icudt64l/region/es_419.res" 975
"../../../Engine/Content/Internationalization/icudt64l/region/es.res" 976
"../../../Engine/Content/Internationalization/icudt64l/lang/es_AR.res" 977
"../../../Engine/Content/Internationalization/icudt64l/region/es_AR.res" 978
"../../../Engine/Content/Internationalization/icudt64l/lang/es_BO.res" 979
"../../../Engine/Content/Internationalization/icudt64l/region/es_BO.res" 980
"../../../Engine/Content/Internationalization/icudt64l/lang/es_BR.res" 981
"../../../Engine/Content/Internationalization/icudt64l/region/es_BR.res" 982
"../../../Engine/Content/Internationalization/icudt64l/lang/es_BZ.res" 983
"../../../Engine/Content/Internationalization/icudt64l/region/es_BZ.res" 984
"../../../Engine/Content/Internationalization/icudt64l/lang/es_CL.res" 985
"../../../Engine/Content/Internationalization/icudt64l/region/es_CL.res" 986
"../../../Engine/Content/Internationalization/icudt64l/lang/es_CO.res" 987
"../../../Engine/Content/Internationalization/icudt64l/region/es_CO.res" 988
"../../../Engine/Content/Internationalization/icudt64l/lang/es_CR.res" 989
"../../../Engine/Content/Internationalization/icudt64l/region/es_CR.res" 990
"../../../Engine/Content/Internationalization/icudt64l/lang/es_CU.res" 991
"../../../Engine/Content/Internationalization/icudt64l/region/es_CU.res" 992
"../../../Engine/Content/Internationalization/icudt64l/lang/es_DO.res" 993
"../../../Engine/Content/Internationalization/icudt64l/region/es_DO.res" 994
"../../../Engine/Content/Internationalization/icudt64l/lang/es_EC.res" 995
"../../../Engine/Content/Internationalization/icudt64l/region/es_EC.res" 996
"../../../Engine/Content/Internationalization/icudt64l/lang/es_GT.res" 997
"../../../Engine/Content/Internationalization/icudt64l/region/es_GT.res" 998
"../../../Engine/Content/Internationalization/icudt64l/lang/es_HN.res" 999
"../../../Engine/Content/Internationalization/icudt64l/region/es_HN.res" 1000
"../../../Engine/Content/Internationalization/icudt64l/lang/es_MX.res" 1001
"../../../Engine/Content/Internationalization/icudt64l/region/es_MX.res" 1002
"../../../Engine/Content/Internationalization/icudt64l/lang/es_NI.res" 1003
"../../../Engine/Content/Internationalization/icudt64l/region/es_NI.res" 1004
"../../../Engine/Content/Internationalization/icudt64l/lang/es_PA.res" 1005
"../../../Engine/Content/Internationalization/icudt64l/region/es_PA.res" 1006
"../../../Engine/Content/Internationalization/icudt64l/lang/es_PE.res" 1007
"../../../Engine/Content/Internationalization/icudt64l/region/es_PE.res" 1008
"../../../Engine/Content/Internationalization/icudt64l/lang/es_PR.res" 1009
"../../../Engine/Content/Internationalization/icudt64l/region/es_PR.res" 1010
"../../../Engine/Content/Internationalization/icudt64l/lang/es_PY.res" 1011
"../../../Engine/Content/Internationalization/icudt64l/region/es_PY.res" 1012
"../../../Engine/Content/Internationalization/icudt64l/lang/es_SV.res" 1013
"../../../Engine/Content/Internationalization/icudt64l/region/es_SV.res" 1014
"../../../Engine/Content/Internationalization/icudt64l/lang/es_US.res" 1015
"../../../Engine/Content/Internationalization/icudt64l/region/es_US.res" 1016
"../../../Engine/Content/Internationalization/icudt64l/lang/es_UY.res" 1017
"../../../Engine/Content/Internationalization/icudt64l/region/es_UY.res" 1018
"../../../Engine/Content/Internationalization/icudt64l/lang/es_VE.res" 1019
"../../../Engine/Content/Internationalization/icudt64l/region/es_VE.res" 1020
"../../../Engine/Content/Internationalization/icudt64l/lang/et.res" 1021
"../../../Engine/Content/Internationalization/icudt64l/region/et.res" 1022
"../../../Engine/Content/Internationalization/icudt64l/lang/eu.res" 1023
"../../../Engine/Content/Internationalization/icudt64l/region/eu.res" 1024
"../../../Engine/Content/Internationalization/icudt64l/lang/ewo.res" 1025
"../../../Engine/Content/Internationalization/icudt64l/region/ewo.res" 1026
"../../../Engine/Content/Internationalization/icudt64l/lang/fa.res" 1027
"../../../Engine/Content/Internationalization/icudt64l/lang/fa_AF.res" 1028
"../../../Engine/Content/Internationalization/icudt64l/region/fa_AF.res" 1029
"../../../Engine/Content/Internationalization/icudt64l/region/fa.res" 1030
"../../../Engine/Content/Internationalization/icudt64l/lang/ff.res" 1031
"../../../Engine/Content/Internationalization/icudt64l/lang/ff_Latn.res" 1032
"../../../Engine/Content/Internationalization/icudt64l/region/ff.res" 1033
"../../../Engine/Content/Internationalization/icudt64l/region/ff_Latn.res" 1034
"../../../Engine/Content/Internationalization/icudt64l/lang/ff_CM.res" 1035
"../../../Engine/Content/Internationalization/icudt64l/lang/ff_Latn_CM.res" 1036
"../../../Engine/Content/Internationalization/icudt64l/region/ff_CM.res" 1037
"../../../Engine/Content/Internationalization/icudt64l/region/ff_Latn_CM.res" 1038
"../../../Engine/Content/Internationalization/icudt64l/lang/ff_GN.res" 1039
"../../../Engine/Content/Internationalization/icudt64l/lang/ff_Latn_GN.res" 1040
"../../../Engine/Content/Internationalization/icudt64l/region/ff_GN.res" 1041
"../../../Engine/Content/Internationalization/icudt64l/region/ff_Latn_GN.res" 1042
"../../../Engine/Content/Internationalization/icudt64l/lang/ff_MR.res" 1043
"../../../Engine/Content/Internationalization/icudt64l/lang/ff_Latn_MR.res" 1044
"../../../Engine/Content/Internationalization/icudt64l/region/ff_MR.res" 1045
"../../../Engine/Content/Internationalization/icudt64l/region/ff_Latn_MR.res" 1046
"../../../Engine/Content/Internationalization/icudt64l/lang/ff_SN.res" 1047
"../../../Engine/Content/Internationalization/icudt64l/lang/ff_Latn_SN.res" 1048
"../../../Engine/Content/Internationalization/icudt64l/region/ff_SN.res" 1049
"../../../Engine/Content/Internationalization/icudt64l/region/ff_Latn_SN.res" 1050
"../../../Engine/Content/Internationalization/icudt64l/lang/fi.res" 1051
"../../../Engine/Content/Internationalization/icudt64l/region/fi.res" 1052
"../../../Engine/Content/Internationalization/icudt64l/lang/fil.res" 1053
"../../../Engine/Content/Internationalization/icudt64l/lang/fil_PH.res" 1054
"../../../Engine/Content/Internationalization/icudt64l/region/fil_PH.res" 1055
"../../../Engine/Content/Internationalization/icudt64l/region/fil.res" 1056
"../../../Engine/Content/Internationalization/icudt64l/lang/fo.res" 1057
"../../../Engine/Content/Internationalization/icudt64l/region/fo.res" 1058
"../../../Engine/Content/Internationalization/icudt64l/lang/fr.res" 1059
"../../../Engine/Content/Internationalization/icudt64l/lang/fr_BE.res" 1060
"../../../Engine/Content/Internationalization/icudt64l/region/fr_BE.res" 1061
"../../../Engine/Content/Internationalization/icudt64l/region/fr.res" 1062
"../../../Engine/Content/Internationalization/icudt64l/lang/fr_CA.res" 1063
"../../../Engine/Content/Internationalization/icudt64l/region/fr_CA.res" 1064
"../../../Engine/Content/Internationalization/icudt64l/lang/fr_CH.res" 1065
"../../../Engine/Content/Internationalization/icudt64l/lang/fur.res" 1066
"../../../Engine/Content/Internationalization/icudt64l/region/fur.res" 1067
"../../../Engine/Content/Internationalization/icudt64l/lang/fy.res" 1068
"../../../Engine/Content/Internationalization/icudt64l/region/fy.res" 1069
"../../../Engine/Content/Internationalization/icudt64l/lang/ga.res" 1070
"../../../Engine/Content/Internationalization/icudt64l/region/ga.res" 1071
"../../../Engine/Content/Internationalization/icudt64l/lang/gd.res" 1072
"../../../Engine/Content/Internationalization/icudt64l/region/gd.res" 1073
"../../../Engine/Content/Internationalization/icudt64l/lang/gl.res" 1074
"../../../Engine/Content/Internationalization/icudt64l/region/gl.res" 1075
"../../../Engine/Content/Internationalization/icudt64l/lang/gsw.res" 1076
"../../../Engine/Content/Internationalization/icudt64l/region/gsw.res" 1077
"../../../Engine/Content/Internationalization/icudt64l/lang/gu.res" 1078
"../../../Engine/Content/Internationalization/icudt64l/region/gu.res" 1079
"../../../Engine/Content/Internationalization/icudt64l/lang/guz.res" 1080
"../../../Engine/Content/Internationalization/icudt64l/region/guz.res" 1081
"../../../Engine/Content/Internationalization/icudt64l/lang/gv.res" 1082
"../../../Engine/Content/Internationalization/icudt64l/region/gv.res" 1083
"../../../Engine/Content/Internationalization/icudt64l/lang/ha.res" 1084
"../../../Engine/Content/Internationalization/icudt64l/region/ha.res" 1085
"../../../Engine/Content/Internationalization/icudt64l/lang/ha_NE.res" 1086
"../../../Engine/Content/Internationalization/icudt64l/region/ha_NE.res" 1087
"../../../Engine/Content/Internationalization/icudt64l/lang/haw.res" 1088
"../../../Engine/Content/Internationalization/icudt64l/region/haw.res" 1089
"../../../Engine/Content/Internationalization/icudt64l/lang/he.res" 1090
"../../../Engine/Content/Internationalization/icudt64l/lang/he_IL.res" 1091
"../../../Engine/Content/Internationalization/icudt64l/region/he_IL.res" 1092
"../../../Engine/Content/Internationalization/icudt64l/region/he.res" 1093
"../../../Engine/Content/Internationalization/icudt64l/lang/hi.res" 1094
"../../../Engine/Content/Internationalization/icudt64l/region/hi.res" 1095
"../../../Engine/Content/Internationalization/icudt64l/lang/hr.res" 1096
"../../../Engine/Content/Internationalization/icudt64l/region/hr.res" 1097
"../../../Engine/Content/Internationalization/icudt64l/lang/hsb.res" 1098
"../../../Engine/Content/Internationalization/icudt64l/region/hsb.res" 1099
"../../../Engine/Content/Internationalization/icudt64l/lang/hu.res" 1100
"../../../Engine/Content/Internationalization/icudt64l/region/hu.res" 1101
"../../../Engine/Content/Internationalization/icudt64l/lang/hy.res" 1102
"../../../Engine/Content/Internationalization/icudt64l/region/hy.res" 1103
"../../../Engine/Content/Internationalization/icudt64l/lang/ia.res" 1104
"../../../Engine/Content/Internationalization/icudt64l/region/ia.res" 1105
"../../../Engine/Content/Internationalization/icudt64l/lang/id.res" 1106
"../../../Engine/Content/Internationalization/icudt64l/lang/id_ID.res" 1107
"../../../Engine/Content/Internationalization/icudt64l/region/id_ID.res" 1108
"../../../Engine/Content/Internationalization/icudt64l/region/id.res" 1109
"../../../Engine/Content/Internationalization/icudt64l/lang/ig.res" 1110
"../../../Engine/Content/Internationalization/icudt64l/region/ig.res" 1111
"../../../Engine/Content/Internationalization/icudt64l/lang/ii.res" 1112
"../../../Engine/Content/Internationalization/icudt64l/region/ii.res" 1113
"../../../Engine/Content/Internationalization/icudt64l/lang/is.res" 1114
"../../../Engine/Content/Internationalization/icudt64l/region/is.res" 1115
"../../../Engine/Content/Internationalization/icudt64l/lang/it.res" 1116
"../../../Engine/Content/Internationalization/icudt64l/region/it.res" 1117
"../../../Engine/Content/Internationalization/icudt64l/lang/ja.res" 1118
"../../../Engine/Content/Internationalization/icudt64l/lang/ja_JP.res" 1119
"../../../Engine/Content/Internationalization/icudt64l/region/ja_JP.res" 1120
"../../../Engine/Content/Internationalization/icudt64l/region/ja.res" 1121
"../../../Engine/Content/Internationalization/icudt64l/lang/jgo.res" 1122
"../../../Engine/Content/Internationalization/icudt64l/region/jgo.res" 1123
"../../../Engine/Content/Internationalization/icudt64l/lang/jmc.res" 1124
"../../../Engine/Content/Internationalization/icudt64l/region/jmc.res" 1125
"../../../Engine/Content/Internationalization/icudt64l/lang/jv.res" 1126
"../../../Engine/Content/Internationalization/icudt64l/region/jv.res" 1127
"../../../Engine/Content/Internationalization/icudt64l/lang/ka.res" 1128
"../../../Engine/Content/Internationalization/icudt64l/region/ka.res" 1129
"../../../Engine/Content/Internationalization/icudt64l/lang/kab.res" 1130
"../../../Engine/Content/Internationalization/icudt64l/region/kab.res" 1131
"../../../Engine/Content/Internationalization/icudt64l/lang/kam.res" 1132
"../../../Engine/Content/Internationalization/icudt64l/region/kam.res" 1133
"../../../Engine/Content/Internationalization/icudt64l/lang/kde.res" 1134
"../../../Engine/Content/Internationalization/icudt64l/region/kde.res" 1135
"../../../Engine/Content/Internationalization/icudt64l/lang/kea.res" 1136
"../../../Engine/Content/Internationalization/icudt64l/region/kea.res" 1137
"../../../Engine/Content/Internationalization/icudt64l/lang/khq.res" 1138
"../../../Engine/Content/Internationalization/icudt64l/region/khq.res" 1139
"../../../Engine/Content/Internationalization/icudt64l/lang/ki.res" 1140
"../../../Engine/Content/Internationalization/icudt64l/region/ki.res" 1141
"../../../Engine/Content/Internationalization/icudt64l/lang/kk.res" 1142
"../../../Engine/Content/Internationalization/icudt64l/region/kk.res" 1143
"../../../Engine/Content/Internationalization/icudt64l/lang/kkj.res" 1144
"../../../Engine/Content/Internationalization/icudt64l/region/kkj.res" 1145
"../../../Engine/Content/Internationalization/icudt64l/lang/kl.res" 1146
"../../../Engine/Content/Internationalization/icudt64l/region/kl.res" 1147
"../../../Engine/Content/Internationalization/icudt64l/lang/kln.res" 1148
"../../../Engine/Content/Internationalization/icudt64l/region/kln.res" 1149
"../../../Engine/Content/Internationalization/icudt64l/lang/km.res" 1150
"../../../Engine/Content/Internationalization/icudt64l/region/km.res" 1151
"../../../Engine/Content/Internationalization/icudt64l/lang/kn.res" 1152
"../../../Engine/Content/Internationalization/icudt64l/region/kn.res" 1153
"../../../Engine/Content/Internationalization/icudt64l/lang/ko.res" 1154
"../../../Engine/Content/Internationalization/icudt64l/region/ko_KP.res" 1155
"../../../Engine/Content/Internationalization/icudt64l/region/ko.res" 1156
"../../../Engine/Content/Internationalization/icudt64l/lang/kok.res" 1157
"../../../Engine/Content/Internationalization/icudt64l/region/kok.res" 1158
"../../../Engine/Content/Internationalization/icudt64l/lang/ks.res" 1159
"../../../Engine/Content/Internationalization/icudt64l/region/ks.res" 1160
"../../../Engine/Content/Internationalization/icudt64l/lang/ksb.res" 1161
"../../../Engine/Content/Internationalization/icudt64l/region/ksb.res" 1162
"../../../Engine/Content/Internationalization/icudt64l/lang/ksf.res" 1163
"../../../Engine/Content/Internationalization/icudt64l/region/ksf.res" 1164
"../../../Engine/Content/Internationalization/icudt64l/lang/ksh.res" 1165
"../../../Engine/Content/Internationalization/icudt64l/region/ksh.res" 1166
"../../../Engine/Content/Internationalization/icudt64l/lang/ku.res" 1167
"../../../Engine/Content/Internationalization/icudt64l/region/ku.res" 1168
"../../../Engine/Content/Internationalization/icudt64l/lang/kw.res" 1169
"../../../Engine/Content/Internationalization/icudt64l/region/kw.res" 1170
"../../../Engine/Content/Internationalization/icudt64l/lang/ky.res" 1171
"../../../Engine/Content/Internationalization/icudt64l/region/ky.res" 1172
"../../../Engine/Content/Internationalization/icudt64l/lang/lag.res" 1173
"../../../Engine/Content/Internationalization/icudt64l/region/lag.res" 1174
"../../../Engine/Content/Internationalization/icudt64l/lang/lb.res" 1175
"../../../Engine/Content/Internationalization/icudt64l/region/lb.res" 1176
"../../../Engine/Content/Internationalization/icudt64l/lang/lg.res" 1177
"../../../Engine/Content/Internationalization/icudt64l/region/lg.res" 1178
"../../../Engine/Content/Internationalization/icudt64l/lang/lkt.res" 1179
"../../../Engine/Content/Internationalization/icudt64l/region/lkt.res" 1180
"../../../Engine/Content/Internationalization/icudt64l/lang/ln.res" 1181
"../../../Engine/Content/Internationalization/icudt64l/region/ln.res" 1182
"../../../Engine/Content/Internationalization/icudt64l/lang/lo.res" 1183
"../../../Engine/Content/Internationalization/icudt64l/region/lo.res" 1184
"../../../Engine/Content/Internationalization/icudt64l/lang/lrc.res" 1185
"../../../Engine/Content/Internationalization/icudt64l/region/lrc.res" 1186
"../../../Engine/Content/Internationalization/icudt64l/lang/lt.res" 1187
"../../../Engine/Content/Internationalization/icudt64l/region/lt.res" 1188
"../../../Engine/Content/Internationalization/icudt64l/lang/lu.res" 1189
"../../../Engine/Content/Internationalization/icudt64l/region/lu.res" 1190
"../../../Engine/Content/Internationalization/icudt64l/lang/luo.res" 1191
"../../../Engine/Content/Internationalization/icudt64l/region/luo.res" 1192
"../../../Engine/Content/Internationalization/icudt64l/lang/luy.res" 1193
"../../../Engine/Content/Internationalization/icudt64l/region/luy.res" 1194
"../../../Engine/Content/Internationalization/icudt64l/lang/lv.res" 1195
"../../../Engine/Content/Internationalization/icudt64l/region/lv.res" 1196
"../../../Engine/Content/Internationalization/icudt64l/lang/mas.res" 1197
"../../../Engine/Content/Internationalization/icudt64l/region/mas.res" 1198
"../../../Engine/Content/Internationalization/icudt64l/lang/mer.res" 1199
"../../../Engine/Content/Internationalization/icudt64l/region/mer.res" 1200
"../../../Engine/Content/Internationalization/icudt64l/lang/mfe.res" 1201
"../../../Engine/Content/Internationalization/icudt64l/region/mfe.res" 1202
"../../../Engine/Content/Internationalization/icudt64l/lang/mg.res" 1203
"../../../Engine/Content/Internationalization/icudt64l/region/mg.res" 1204
"../../../Engine/Content/Internationalization/icudt64l/lang/mgh.res" 1205
"../../../Engine/Content/Internationalization/icudt64l/region/mgh.res" 1206
"../../../Engine/Content/Internationalization/icudt64l/lang/mgo.res" 1207
"../../../Engine/Content/Internationalization/icudt64l/region/mgo.res" 1208
"../../../Engine/Content/Internationalization/icudt64l/lang/mi.res" 1209
"../../../Engine/Content/Internationalization/icudt64l/region/mi.res" 1210
"../../../Engine/Content/Internationalization/icudt64l/lang/mk.res" 1211
"../../../Engine/Content/Internationalization/icudt64l/region/mk.res" 1212
"../../../Engine/Content/Internationalization/icudt64l/lang/ml.res" 1213
"../../../Engine/Content/Internationalization/icudt64l/region/ml.res" 1214
"../../../Engine/Content/Internationalization/icudt64l/lang/mn.res" 1215
"../../../Engine/Content/Internationalization/icudt64l/region/mn.res" 1216
"../../../Engine/Content/Internationalization/icudt64l/lang/mr.res" 1217
"../../../Engine/Content/Internationalization/icudt64l/region/mr.res" 1218
"../../../Engine/Content/Internationalization/icudt64l/lang/ms.res" 1219
"../../../Engine/Content/Internationalization/icudt64l/region/ms.res" 1220
"../../../Engine/Content/Internationalization/icudt64l/lang/mt.res" 1221
"../../../Engine/Content/Internationalization/icudt64l/region/mt.res" 1222
"../../../Engine/Content/Internationalization/icudt64l/lang/mua.res" 1223
"../../../Engine/Content/Internationalization/icudt64l/region/mua.res" 1224
"../../../Engine/Content/Internationalization/icudt64l/lang/my.res" 1225
"../../../Engine/Content/Internationalization/icudt64l/region/my.res" 1226
"../../../Engine/Content/Internationalization/icudt64l/lang/mzn.res" 1227
"../../../Engine/Content/Internationalization/icudt64l/region/mzn.res" 1228
"../../../Engine/Content/Internationalization/icudt64l/lang/naq.res" 1229
"../../../Engine/Content/Internationalization/icudt64l/region/naq.res" 1230
"../../../Engine/Content/Internationalization/icudt64l/lang/nb.res" 1231
"../../../Engine/Content/Internationalization/icudt64l/lang/nb_NO.res" 1232
"../../../Engine/Content/Internationalization/icudt64l/region/nb_NO.res" 1233
"../../../Engine/Content/Internationalization/icudt64l/region/nb.res" 1234
"../../../Engine/Content/Internationalization/icudt64l/lang/nd.res" 1235
"../../../Engine/Content/Internationalization/icudt64l/region/nd.res" 1236
"../../../Engine/Content/Internationalization/icudt64l/lang/nds.res" 1237
"../../../Engine/Content/Internationalization/icudt64l/region/nds.res" 1238
"../../../Engine/Content/Internationalization/icudt64l/lang/ne.res" 1239
"../../../Engine/Content/Internationalization/icudt64l/region/ne.res" 1240
"../../../Engine/Content/Internationalization/icudt64l/lang/nl.res" 1241
"../../../Engine/Content/Internationalization/icudt64l/region/nl.res" 1242
"../../../Engine/Content/Internationalization/icudt64l/lang/nmg.res" 1243
"../../../Engine/Content/Internationalization/icudt64l/region/nmg.res" 1244
"../../../Engine/Content/Internationalization/icudt64l/lang/nn.res" 1245
"../../../Engine/Content/Internationalization/icudt64l/lang/nn_NO.res" 1246
"../../../Engine/Content/Internationalization/icudt64l/region/nn_NO.res" 1247
"../../../Engine/Content/Internationalization/icudt64l/region/nn.res" 1248
"../../../Engine/Content/Internationalization/icudt64l/lang/nnh.res" 1249
"../../../Engine/Content/Internationalization/icudt64l/region/nnh.res" 1250
"../../../Engine/Content/Internationalization/icudt64l/lang/nus.res" 1251
"../../../Engine/Content/Internationalization/icudt64l/region/nus.res" 1252
"../../../Engine/Content/Internationalization/icudt64l/lang/nyn.res" 1253
"../../../Engine/Content/Internationalization/icudt64l/region/nyn.res" 1254
"../../../Engine/Content/Internationalization/icudt64l/lang/om.res" 1255
"../../../Engine/Content/Internationalization/icudt64l/region/om.res" 1256
"../../../Engine/Content/Internationalization/icudt64l/lang/or.res" 1257
"../../../Engine/Content/Internationalization/icudt64l/region/or.res" 1258
"../../../Engine/Content/Internationalization/icudt64l/lang/os.res" 1259
"../../../Engine/Content/Internationalization/icudt64l/region/os.res" 1260
"../../../Engine/Content/Internationalization/icudt64l/lang/pa.res" 1261
"../../../Engine/Content/Internationalization/icudt64l/lang/pa_Arab.res" 1262
"../../../Engine/Content/Internationalization/icudt64l/lang/pa_PK.res" 1263
"../../../Engine/Content/Internationalization/icudt64l/lang/pa_Arab_PK.res" 1264
"../../../Engine/Content/Internationalization/icudt64l/region/pa_PK.res" 1265
"../../../Engine/Content/Internationalization/icudt64l/region/pa_Arab_PK.res" 1266
"../../../Engine/Content/Internationalization/icudt64l/region/pa_Arab.res" 1267
"../../../Engine/Content/Internationalization/icudt64l/lang/pa_Guru.res" 1268
"../../../Engine/Content/Internationalization/icudt64l/lang/pa_IN.res" 1269
"../../../Engine/Content/Internationalization/icudt64l/lang/pa_Guru_IN.res" 1270
"../../../Engine/Content/Internationalization/icudt64l/region/pa_IN.res" 1271
"../../../Engine/Content/Internationalization/icudt64l/region/pa_Guru_IN.res" 1272
"../../../Engine/Content/Internationalization/icudt64l/region/pa_Guru.res" 1273
"../../../Engine/Content/Internationalization/icudt64l/region/pa.res" 1274
"../../../Engine/Content/Internationalization/icudt64l/lang/pl.res" 1275
"../../../Engine/Content/Internationalization/icudt64l/region/pl.res" 1276
"../../../Engine/Content/Internationalization/icudt64l/lang/ps.res" 1277
"../../../Engine/Content/Internationalization/icudt64l/region/ps.res" 1278
"../../../Engine/Content/Internationalization/icudt64l/lang/ps_PK.res" 1279
"../../../Engine/Content/Internationalization/icudt64l/region/ps_PK.res" 1280
"../../../Engine/Content/Internationalization/icudt64l/lang/pt.res" 1281
"../../../Engine/Content/Internationalization/icudt64l/lang/pt_AO.res" 1282
"../../../Engine/Content/Internationalization/icudt64l/lang/pt_PT.res" 1283
"../../../Engine/Content/Internationalization/icudt64l/region/pt_AO.res" 1284
"../../../Engine/Content/Internationalization/icudt64l/region/pt_PT.res" 1285
"../../../Engine/Content/Internationalization/icudt64l/region/pt.res" 1286
"../../../Engine/Content/Internationalization/icudt64l/lang/pt_CH.res" 1287
"../../../Engine/Content/Internationalization/icudt64l/region/pt_CH.res" 1288
"../../../Engine/Content/Internationalization/icudt64l/lang/pt_CV.res" 1289
"../../../Engine/Content/Internationalization/icudt64l/region/pt_CV.res" 1290
"../../../Engine/Content/Internationalization/icudt64l/lang/pt_GQ.res" 1291
"../../../Engine/Content/Internationalization/icudt64l/region/pt_GQ.res" 1292
"../../../Engine/Content/Internationalization/icudt64l/lang/pt_GW.res" 1293
"../../../Engine/Content/Internationalization/icudt64l/region/pt_GW.res" 1294
"../../../Engine/Content/Internationalization/icudt64l/lang/pt_LU.res" 1295
"../../../Engine/Content/Internationalization/icudt64l/region/pt_LU.res" 1296
"../../../Engine/Content/Internationalization/icudt64l/lang/pt_MO.res" 1297
"../../../Engine/Content/Internationalization/icudt64l/region/pt_MO.res" 1298
"../../../Engine/Content/Internationalization/icudt64l/lang/pt_MZ.res" 1299
"../../../Engine/Content/Internationalization/icudt64l/region/pt_MZ.res" 1300
"../../../Engine/Content/Internationalization/icudt64l/lang/pt_ST.res" 1301
"../../../Engine/Content/Internationalization/icudt64l/region/pt_ST.res" 1302
"../../../Engine/Content/Internationalization/icudt64l/lang/pt_TL.res" 1303
"../../../Engine/Content/Internationalization/icudt64l/region/pt_TL.res" 1304
"../../../Engine/Content/Internationalization/icudt64l/lang/qu.res" 1305
"../../../Engine/Content/Internationalization/icudt64l/region/qu.res" 1306
"../../../Engine/Content/Internationalization/icudt64l/lang/rm.res" 1307
"../../../Engine/Content/Internationalization/icudt64l/region/rm.res" 1308
"../../../Engine/Content/Internationalization/icudt64l/lang/rn.res" 1309
"../../../Engine/Content/Internationalization/icudt64l/region/rn.res" 1310
"../../../Engine/Content/Internationalization/icudt64l/lang/ro.res" 1311
"../../../Engine/Content/Internationalization/icudt64l/lang/ro_MD.res" 1312
"../../../Engine/Content/Internationalization/icudt64l/region/ro_MD.res" 1313
"../../../Engine/Content/Internationalization/icudt64l/region/ro.res" 1314
"../../../Engine/Content/Internationalization/icudt64l/lang/rof.res" 1315
"../../../Engine/Content/Internationalization/icudt64l/region/rof.res" 1316
"../../../Engine/Content/Internationalization/icudt64l/lang/ru.res" 1317
"../../../Engine/Content/Internationalization/icudt64l/region/ru.res" 1318
"../../../Engine/Content/Internationalization/icudt64l/region/ru_UA.res" 1319
"../../../Engine/Content/Internationalization/icudt64l/lang/rw.res" 1320
"../../../Engine/Content/Internationalization/icudt64l/region/rw.res" 1321
"../../../Engine/Content/Internationalization/icudt64l/lang/rwk.res" 1322
"../../../Engine/Content/Internationalization/icudt64l/region/rwk.res" 1323
"../../../Engine/Content/Internationalization/icudt64l/lang/sah.res" 1324
"../../../Engine/Content/Internationalization/icudt64l/region/sah.res" 1325
"../../../Engine/Content/Internationalization/icudt64l/lang/saq.res" 1326
"../../../Engine/Content/Internationalization/icudt64l/region/saq.res" 1327
"../../../Engine/Content/Internationalization/icudt64l/lang/sbp.res" 1328
"../../../Engine/Content/Internationalization/icudt64l/region/sbp.res" 1329
"../../../Engine/Content/Internationalization/icudt64l/lang/sd.res" 1330
"../../../Engine/Content/Internationalization/icudt64l/region/sd.res" 1331
"../../../Engine/Content/Internationalization/icudt64l/lang/se.res" 1332
"../../../Engine/Content/Internationalization/icudt64l/lang/se_FI.res" 1333
"../../../Engine/Content/Internationalization/icudt64l/region/se_FI.res" 1334
"../../../Engine/Content/Internationalization/icudt64l/region/se.res" 1335
"../../../Engine/Content/Internationalization/icudt64l/lang/seh.res" 1336
"../../../Engine/Content/Internationalization/icudt64l/region/seh.res" 1337
"../../../Engine/Content/Internationalization/icudt64l/lang/ses.res" 1338
"../../../Engine/Content/Internationalization/icudt64l/region/ses.res" 1339
"../../../Engine/Content/Internationalization/icudt64l/lang/sg.res" 1340
"../../../Engine/Content/Internationalization/icudt64l/region/sg.res" 1341
"../../../Engine/Content/Internationalization/icudt64l/lang/shi.res" 1342
"../../../Engine/Content/Internationalization/icudt64l/lang/shi_Latn.res" 1343
"../../../Engine/Content/Internationalization/icudt64l/lang/shi_MA.res" 1344
"../../../Engine/Content/Internationalization/icudt64l/lang/shi_Tfng_MA.res" 1345
"../../../Engine/Content/Internationalization/icudt64l/lang/shi_Tfng.res" 1346
"../../../Engine/Content/Internationalization/icudt64l/region/shi_MA.res" 1347
"../../../Engine/Content/Internationalization/icudt64l/region/shi_Tfng_MA.res" 1348
"../../../Engine/Content/Internationalization/icudt64l/region/shi_Tfng.res" 1349
"../../../Engine/Content/Internationalization/icudt64l/region/shi.res" 1350
"../../../Engine/Content/Internationalization/icudt64l/region/shi_Latn.res" 1351
"../../../Engine/Content/Internationalization/icudt64l/lang/si.res" 1352
"../../../Engine/Content/Internationalization/icudt64l/region/si.res" 1353
"../../../Engine/Content/Internationalization/icudt64l/lang/sk.res" 1354
"../../../Engine/Content/Internationalization/icudt64l/region/sk.res" 1355
"../../../Engine/Content/Internationalization/icudt64l/lang/sl.res" 1356
"../../../Engine/Content/Internationalization/icudt64l/region/sl.res" 1357
"../../../Engine/Content/Internationalization/icudt64l/lang/smn.res" 1358
"../../../Engine/Content/Internationalization/icudt64l/region/smn.res" 1359
"../../../Engine/Content/Internationalization/icudt64l/lang/sn.res" 1360
"../../../Engine/Content/Internationalization/icudt64l/region/sn.res" 1361
"../../../Engine/Content/Internationalization/icudt64l/lang/so.res" 1362
"../../../Engine/Content/Internationalization/icudt64l/region/so.res" 1363
"../../../Engine/Content/Internationalization/icudt64l/lang/sq.res" 1364
"../../../Engine/Content/Internationalization/icudt64l/region/sq.res" 1365
"../../../Engine/Content/Internationalization/icudt64l/lang/sr.res" 1366
"../../../Engine/Content/Internationalization/icudt64l/lang/sr_Cyrl.res" 1367
"../../../Engine/Content/Internationalization/icudt64l/lang/sr_BA.res" 1368
"../../../Engine/Content/Internationalization/icudt64l/lang/sr_Cyrl_BA.res" 1369
"../../../Engine/Content/Internationalization/icudt64l/region/sr_BA.res" 1370
"../../../Engine/Content/Internationalization/icudt64l/region/sr_Cyrl_BA.res" 1371
"../../../Engine/Content/Internationalization/icudt64l/region/sr_Cyrl.res" 1372
"../../../Engine/Content/Internationalization/icudt64l/region/sr.res" 1373
"../../../Engine/Content/Internationalization/icudt64l/lang/sr_ME.res" 1374
"../../../Engine/Content/Internationalization/icudt64l/lang/sr_Latn_ME.res" 1375
"../../../Engine/Content/Internationalization/icudt64l/lang/sr_Latn.res" 1376
"../../../Engine/Content/Internationalization/icudt64l/region/sr_ME.res" 1377
"../../../Engine/Content/Internationalization/icudt64l/region/sr_Latn_ME.res" 1378
"../../../Engine/Content/Internationalization/icudt64l/region/sr_Latn.res" 1379
"../../../Engine/Content/Internationalization/icudt64l/lang/sr_Cyrl_ME.res" 1380
"../../../Engine/Content/Internationalization/icudt64l/region/sr_Cyrl_ME.res" 1381
"../../../Engine/Content/Internationalization/icudt64l/lang/sr_RS.res" 1382
"../../../Engine/Content/Internationalization/icudt64l/lang/sr_Cyrl_RS.res" 1383
"../../../Engine/Content/Internationalization/icudt64l/region/sr_RS.res" 1384
"../../../Engine/Content/Internationalization/icudt64l/region/sr_Cyrl_RS.res" 1385
"../../../Engine/Content/Internationalization/icudt64l/lang/sr_XK.res" 1386
"../../../Engine/Content/Internationalization/icudt64l/lang/sr_Cyrl_XK.res" 1387
"../../../Engine/Content/Internationalization/icudt64l/region/sr_XK.res" 1388
"../../../Engine/Content/Internationalization/icudt64l/region/sr_Cyrl_XK.res" 1389
"../../../Engine/Content/Internationalization/icudt64l/lang/sr_Latn_BA.res" 1390
"../../../Engine/Content/Internationalization/icudt64l/region/sr_Latn_BA.res" 1391
"../../../Engine/Content/Internationalization/icudt64l/lang/sr_Latn_RS.res" 1392
"../../../Engine/Content/Internationalization/icudt64l/region/sr_Latn_RS.res" 1393
"../../../Engine/Content/Internationalization/icudt64l/lang/sr_Latn_XK.res" 1394
"../../../Engine/Content/Internationalization/icudt64l/region/sr_Latn_XK.res" 1395
"../../../Engine/Content/Internationalization/icudt64l/lang/sv.res" 1396
"../../../Engine/Content/Internationalization/icudt64l/region/sv.res" 1397
"../../../Engine/Content/Internationalization/icudt64l/lang/sv_FI.res" 1398
"../../../Engine/Content/Internationalization/icudt64l/lang/sw.res" 1399
"../../../Engine/Content/Internationalization/icudt64l/lang/sw_CD.res" 1400
"../../../Engine/Content/Internationalization/icudt64l/region/sw_CD.res" 1401
"../../../Engine/Content/Internationalization/icudt64l/region/sw.res" 1402
"../../../Engine/Content/Internationalization/icudt64l/lang/sw_KE.res" 1403
"../../../Engine/Content/Internationalization/icudt64l/region/sw_KE.res" 1404
"../../../Engine/Content/Internationalization/icudt64l/lang/ta.res" 1405
"../../../Engine/Content/Internationalization/icudt64l/region/ta.res" 1406
"../../../Engine/Content/Internationalization/icudt64l/lang/te.res" 1407
"../../../Engine/Content/Internationalization/icudt64l/region/te.res" 1408
"../../../Engine/Content/Internationalization/icudt64l/lang/teo.res" 1409
"../../../Engine/Content/Internationalization/icudt64l/region/teo.res" 1410
"../../../Engine/Content/Internationalization/icudt64l/lang/tg.res" 1411
"../../../Engine/Content/Internationalization/icudt64l/region/tg.res" 1412
"../../../Engine/Content/Internationalization/icudt64l/lang/th.res" 1413
"../../../Engine/Content/Internationalization/icudt64l/lang/th_TH.res" 1414
"../../../Engine/Content/Internationalization/icudt64l/region/th_TH.res" 1415
"../../../Engine/Content/Internationalization/icudt64l/region/th.res" 1416
"../../../Engine/Content/Internationalization/icudt64l/lang/ti.res" 1417
"../../../Engine/Content/Internationalization/icudt64l/region/ti.res" 1418
"../../../Engine/Content/Internationalization/icudt64l/lang/tk.res" 1419
"../../../Engine/Content/Internationalization/icudt64l/region/tk.res" 1420
"../../../Engine/Content/Internationalization/icudt64l/lang/to.res" 1421
"../../../Engine/Content/Internationalization/icudt64l/region/to.res" 1422
"../../../Engine/Content/Internationalization/icudt64l/lang/tr.res" 1423
"../../../Engine/Content/Internationalization/icudt64l/region/tr.res" 1424
"../../../Engine/Content/Internationalization/icudt64l/lang/tt.res" 1425
"../../../Engine/Content/Internationalization/icudt64l/region/tt.res" 1426
"../../../Engine/Content/Internationalization/icudt64l/lang/twq.res" 1427
"../../../Engine/Content/Internationalization/icudt64l/region/twq.res" 1428
"../../../Engine/Content/Internationalization/icudt64l/lang/tzm.res" 1429
"../../../Engine/Content/Internationalization/icudt64l/region/tzm.res" 1430
"../../../Engine/Content/Internationalization/icudt64l/lang/ug.res" 1431
"../../../Engine/Content/Internationalization/icudt64l/region/ug.res" 1432
"../../../Engine/Content/Internationalization/icudt64l/lang/uk.res" 1433
"../../../Engine/Content/Internationalization/icudt64l/region/uk.res" 1434
"../../../Engine/Content/Internationalization/icudt64l/lang/ur.res" 1435
"../../../Engine/Content/Internationalization/icudt64l/lang/ur_IN.res" 1436
"../../../Engine/Content/Internationalization/icudt64l/region/ur_IN.res" 1437
"../../../Engine/Content/Internationalization/icudt64l/region/ur.res" 1438
"../../../Engine/Content/Internationalization/icudt64l/lang/uz.res" 1439
"../../../Engine/Content/Internationalization/icudt64l/lang/uz_Arab.res" 1440
"../../../Engine/Content/Internationalization/icudt64l/lang/uz_AF.res" 1441
"../../../Engine/Content/Internationalization/icudt64l/lang/uz_Arab_AF.res" 1442
"../../../Engine/Content/Internationalization/icudt64l/region/uz_AF.res" 1443
"../../../Engine/Content/Internationalization/icudt64l/region/uz_Arab_AF.res" 1444
"../../../Engine/Content/Internationalization/icudt64l/region/uz_Arab.res" 1445
"../../../Engine/Content/Internationalization/icudt64l/lang/uz_Cyrl.res" 1446
"../../../Engine/Content/Internationalization/icudt64l/lang/uz_UZ.res" 1447
"../../../Engine/Content/Internationalization/icudt64l/lang/uz_Latn_UZ.res" 1448
"../../../Engine/Content/Internationalization/icudt64l/lang/uz_Latn.res" 1449
"../../../Engine/Content/Internationalization/icudt64l/region/uz_UZ.res" 1450
"../../../Engine/Content/Internationalization/icudt64l/region/uz_Latn_UZ.res" 1451
"../../../Engine/Content/Internationalization/icudt64l/region/uz_Latn.res" 1452
"../../../Engine/Content/Internationalization/icudt64l/region/uz.res" 1453
"../../../Engine/Content/Internationalization/icudt64l/region/uz_Cyrl.res" 1454
"../../../Engine/Content/Internationalization/icudt64l/lang/vai.res" 1455
"../../../Engine/Content/Internationalization/icudt64l/lang/vai_Latn.res" 1456
"../../../Engine/Content/Internationalization/icudt64l/lang/vai_LR.res" 1457
"../../../Engine/Content/Internationalization/icudt64l/lang/vai_Vaii_LR.res" 1458
"../../../Engine/Content/Internationalization/icudt64l/lang/vai_Vaii.res" 1459
"../../../Engine/Content/Internationalization/icudt64l/region/vai_LR.res" 1460
"../../../Engine/Content/Internationalization/icudt64l/region/vai_Vaii_LR.res" 1461
"../../../Engine/Content/Internationalization/icudt64l/region/vai_Vaii.res" 1462
"../../../Engine/Content/Internationalization/icudt64l/region/vai.res" 1463
"../../../Engine/Content/Internationalization/icudt64l/region/vai_Latn.res" 1464
"../../../Engine/Content/Internationalization/icudt64l/lang/vi.res" 1465
"../../../Engine/Content/Internationalization/icudt64l/region/vi.res" 1466
"../../../Engine/Content/Internationalization/icudt64l/lang/vun.res" 1467
"../../../Engine/Content/Internationalization/icudt64l/region/vun.res" 1468
"../../../Engine/Content/Internationalization/icudt64l/lang/wae.res" 1469
"../../../Engine/Content/Internationalization/icudt64l/region/wae.res" 1470
"../../../Engine/Content/Internationalization/icudt64l/lang/wo.res" 1471
"../../../Engine/Content/Internationalization/icudt64l/region/wo.res" 1472
"../../../Engine/Content/Internationalization/icudt64l/lang/xh.res" 1473
"../../../Engine/Content/Internationalization/icudt64l/region/xh.res" 1474
"../../../Engine/Content/Internationalization/icudt64l/lang/xog.res" 1475
"../../../Engine/Content/Internationalization/icudt64l/region/xog.res" 1476
"../../../Engine/Content/Internationalization/icudt64l/lang/yav.res" 1477
"../../../Engine/Content/Internationalization/icudt64l/region/yav.res" 1478
"../../../Engine/Content/Internationalization/icudt64l/lang/yi.res" 1479
"../../../Engine/Content/Internationalization/icudt64l/region/yi.res" 1480
"../../../Engine/Content/Internationalization/icudt64l/lang/yo.res" 1481
"../../../Engine/Content/Internationalization/icudt64l/lang/yo_BJ.res" 1482
"../../../Engine/Content/Internationalization/icudt64l/region/yo_BJ.res" 1483
"../../../Engine/Content/Internationalization/icudt64l/region/yo.res" 1484
"../../../Engine/Content/Internationalization/icudt64l/lang/yue.res" 1485
"../../../Engine/Content/Internationalization/icudt64l/lang/yue_Hans.res" 1486
"../../../Engine/Content/Internationalization/icudt64l/lang/yue_CN.res" 1487
"../../../Engine/Content/Internationalization/icudt64l/lang/yue_Hans_CN.res" 1488
"../../../Engine/Content/Internationalization/icudt64l/region/yue_CN.res" 1489
"../../../Engine/Content/Internationalization/icudt64l/region/yue_Hans_CN.res" 1490
"../../../Engine/Content/Internationalization/icudt64l/region/yue_Hans.res" 1491
"../../../Engine/Content/Internationalization/icudt64l/lang/yue_Hant.res" 1492
"../../../Engine/Content/Internationalization/icudt64l/lang/yue_HK.res" 1493
"../../../Engine/Content/Internationalization/icudt64l/lang/yue_Hant_HK.res" 1494
"../../../Engine/Content/Internationalization/icudt64l/region/yue_HK.res" 1495
"../../../Engine/Content/Internationalization/icudt64l/region/yue_Hant_HK.res" 1496
"../../../Engine/Content/Internationalization/icudt64l/region/yue_Hant.res" 1497
"../../../Engine/Content/Internationalization/icudt64l/region/yue.res" 1498
"../../../Engine/Content/Internationalization/icudt64l/lang/zgh.res" 1499
"../../../Engine/Content/Internationalization/icudt64l/region/zgh.res" 1500
"../../../Engine/Content/Internationalization/icudt64l/lang/zh.res" 1501
"../../../Engine/Content/Internationalization/icudt64l/lang/zh_Hans.res" 1502
"../../../Engine/Content/Internationalization/icudt64l/lang/zh_CN.res" 1503
"../../../Engine/Content/Internationalization/icudt64l/lang/zh_Hans_CN.res" 1504
"../../../Engine/Content/Internationalization/icudt64l/region/zh_CN.res" 1505
"../../../Engine/Content/Internationalization/icudt64l/region/zh_Hans_CN.res" 1506
"../../../Engine/Content/Internationalization/icudt64l/region/zh_Hans.res" 1507
"../../../Engine/Content/Internationalization/icudt64l/region/zh.res" 1508
"../../../Engine/Content/Internationalization/icudt64l/lang/zh_HK.res" 1509
"../../../Engine/Content/Internationalization/icudt64l/lang/zh_Hant_HK.res" 1510
"../../../Engine/Content/Internationalization/icudt64l/lang/zh_Hant.res" 1511
"../../../Engine/Content/Internationalization/icudt64l/region/zh_HK.res" 1512
"../../../Engine/Content/Internationalization/icudt64l/region/zh_Hant_HK.res" 1513
"../../../Engine/Content/Internationalization/icudt64l/region/zh_Hant.res" 1514
"../../../Engine/Content/Internationalization/icudt64l/lang/zh_MO.res" 1515
"../../../Engine/Content/Internationalization/icudt64l/lang/zh_Hant_MO.res" 1516
"../../../Engine/Content/Internationalization/icudt64l/region/zh_MO.res" 1517
"../../../Engine/Content/Internationalization/icudt64l/region/zh_Hant_MO.res" 1518
"../../../Engine/Content/Internationalization/icudt64l/lang/zh_SG.res" 1519
"../../../Engine/Content/Internationalization/icudt64l/lang/zh_Hans_SG.res" 1520
"../../../Engine/Content/Internationalization/icudt64l/region/zh_SG.res" 1521
"../../../Engine/Content/Internationalization/icudt64l/region/zh_Hans_SG.res" 1522
"../../../Engine/Content/Internationalization/icudt64l/lang/zh_TW.res" 1523
"../../../Engine/Content/Internationalization/icudt64l/lang/zh_Hant_TW.res" 1524
"../../../Engine/Content/Internationalization/icudt64l/region/zh_TW.res" 1525
"../../../Engine/Content/Internationalization/icudt64l/region/zh_Hant_TW.res" 1526
"../../../Engine/Content/Internationalization/icudt64l/lang/zu.res" 1527
"../../../Engine/Content/Internationalization/icudt64l/region/zu.res" 1528
"../../../Engine/Content/Internationalization/icudt64l/lang/no.res" 1529
"../../../Engine/Content/Internationalization/icudt64l/lang/tl.res" 1530
"../../../Engine/Plugins/Experimental/Water/Shaders/Private/WaterMeshVertexFactory.ush" 1531
"../../../Engine/Shaders/Private/VertexFactoryCommon.ush" 1532
"../../../Engine/Shaders/Private/Common.ush" 1533
"../../../Engine/Shaders/Public/Platform.ush" 1534
"../../../Engine/Shaders/Public/FP16Math.ush" 1535
"../../../Engine/Shaders/Public/Platform/D3D/D3DCommon.ush" 1536
"../../../Engine/Shaders/Public/ShaderVersion.ush" 1537
"../../../Engine/Shaders/Private/CommonViewUniformBuffer.ush" 1538
"../../../Engine/Shaders/Private/InstancedStereo.ush" 1539
"../../../Engine/Shaders/Private/Definitions.usf" 1540
"../../../Engine/Shaders/Private/FastMath.ush" 1541
"../../../Engine/Shaders/Private/Random.ush" 1542
"../../../Engine/Plugins/FX/Niagara/Shaders/Private/NiagaraSpriteVertexFactory.ush" 1543
"../../../Engine/Shaders/Private/ParticleVertexFactoryCommon.ush" 1544
"../../../Engine/Plugins/FX/Niagara/Shaders/Private/NiagaraVFParticleAccess.usf" 1545
"../../../Engine/Plugins/FX/Niagara/Shaders/Private/NiagaraRibbonVertexFactory.ush" 1546
"../../../Engine/Plugins/FX/Niagara/Shaders/Private/NiagaraMeshVertexFactory.ush" 1547
"../../../Engine/Plugins/FX/Niagara/Shaders/Private/NiagaraCommon.ush" 1548
"../../../Engine/Shaders/Private/RayTracing/RayTracingCommon.ush" 1549
"../../../Engine/Shaders/Private/ShadingCommon.ush" 1550
"../../../Engine/Shaders/Shared/RayTracingDefinitions.h" 1551
"../../../Engine/Shaders/Private/RayTracing/RayTracingHitGroupCommon.ush" 1552
"../../../Engine/Shaders/Shared/RayTracingBuiltInResources.h" 1553
"../../../Engine/Shaders/Private/VectorFieldVisualizationVertexFactory.ush" 1554
"../../../Engine/Shaders/Private/ParticleSpriteVertexFactory.ush" 1555
"../../../Engine/Shaders/Private/ParticleGPUSpriteVertexFactory.ush" 1556
"../../../Engine/Shaders/Private/ParticleBeamTrailVertexFactory.ush" 1557
"../../../Engine/Shaders/Private/MeshParticleVertexFactory.ush" 1558
"../../../Engine/Shaders/Private/LocalVertexFactory.ush" 1559
"../../../Engine/Shaders/Private/LocalVertexFactoryCommon.ush" 1560
"../../../Engine/Shaders/Private/LightmapData.ush" 1561
"../../../Engine/Shaders/Private/GpuSkinCommon.ush" 1562
"../../../Engine/Shaders/Private/GpuSkinVertexFactory.ush" 1563
"../../../Engine/Shaders/Private/GeometryCacheVertexFactory.ush" 1564
"../../../Engine/Shaders/Private/LandscapeVertexFactory.ush" 1565
"../../../Engine/Plugins/Media/WmfMedia/Shaders/Private/MediaHardwareVideoDecoding.usf" 1566
"../../../Engine/Shaders/Private/GammaCorrectionCommon.ush" 1567
"../../../Engine/Shaders/Private/ColorUtils.ush" 1568
"../../../Engine/Plugins/Media/ImgMedia/Shaders/Private/ExrSwizzler.usf" 1569
"../../../Engine/Plugins/FX/Niagara/Shaders/Private/NiagaraSortKeyGen.usf" 1570
"../../../Engine/Plugins/FX/Niagara/Shaders/Private/NiagaraGPURayTracingTransforms.usf" 1571
"../../../Engine/Plugins/FX/Niagara/Shaders/Private/NiagaraDrawIndirectArgsGen.usf" 1572
"../../../Engine/Plugins/FX/Niagara/Shaders/Private/NiagaraFillIntBuffer.usf" 1573
"../../../Engine/Plugins/FX/Niagara/Shaders/Private/NiagaraComputeFreeIDs.usf" 1574
"../../../Engine/Plugins/FX/Niagara/Shaders/Private/NiagaraInitFreeIDBuffer.usf" 1575
"../../../Engine/Plugins/FX/Niagara/Shaders/Private/NiagaraEmitterInstanceShader.usf" 1576
"../../../Engine/Plugins/FX/Niagara/Shaders/Private/NiagaraShaderVersion.ush" 1577
"../../../Engine/Shaders/Private/GlobalDistanceFieldShared.ush" 1578
"../../../Engine/Shaders/Private/SceneTexturesCommon.ush" 1579
"../../../Engine/Plugins/FX/Niagara/Shaders/Private/NiagaraPhysicsCommon.ush" 1580
"../../../Engine/Plugins/FX/Niagara/Shaders/Private/NiagaraDebugDraw.usf" 1581
"../../../Engine/Plugins/FX/Niagara/Shaders/Private/NiagaraDebugDraw.ush" 1582
"../../../Engine/Plugins/FX/Niagara/Shaders/Private/NiagaraVisualizeTexture.usf" 1583
"../../../Engine/Plugins/FX/Niagara/Shaders/Private/NiagaraBatchedElements.usf" 1584
"../../../Engine/Shaders/Private/SlateElementPixelShader.usf" 1585
"../../../Engine/Shaders/Private/SlateShaderCommon.ush" 1586
"../../../Engine/Shaders/Private/MaterialTemplate.ush" 1587
"../../../Engine/Shaders/Private/EyeAdaptationCommon.ush" 1588
"../../../Engine/Shaders/Private/SobolRandom.ush" 1589
"../../../Engine/Shaders/Private/MonteCarlo.ush" 1590
"../../../Engine/Shaders/Private/DepthOfFieldCommon.ush" 1591
"../../../Engine/Shaders/Private/CircleDOFCommon.ush" 1592
"../../../Engine/Shaders/Private/PhysicsFieldSampler.ush" 1593
"../../../Engine/Shaders/Private/PhysicsFieldShared.ush" 1594
"../../../Engine/Shaders/Private/SceneData.ush" 1595
"../../../Engine/Shaders/Private/HairShadingCommon.ush" 1596
"../../../Engine/Shaders/Private/HairStrands/HairCardsAttributeCommon.ush" 1597
"../../../Engine/Shaders/Private/HairStrands/HairStrandsVertexFactoryCommon.ush" 1598
"../../../Engine/Shaders/Private/HairStrands/HairStrandsAttributeCommon.ush" 1599
"../../../Engine/Shaders/Private/SpeedTreeCommon.ush" 1600
"../../../Engine/Shaders/Private/VirtualTextureCommon.ush" 1601
"../../../Engine/Shaders/Private/MinMaterialTexCoords.ush" 1602
"../../../Engine/Shaders/Private/AtmosphereCommon.ush" 1603
"../../../Engine/Shaders/Private/SkyAtmosphereCommon.ush" 1604
"../../../Engine/Shaders/Private/SingleLayerWaterCommon.ush" 1605
"../../../Engine/Shaders/Private/PaniniProjection.ush" 1606
"../../../Engine/Shaders/Private/DeferredShadingCommon.ush" 1607
"../../../Engine/Shaders/Private/LightAccumulator.ush" 1608
"../../../Engine/Shaders/Private/CompositeUIPixelShader.usf" 1609
"../../../Engine/Shaders/Private/TonemapCommon.ush" 1610
"../../../Engine/Shaders/Private/ACES.ush" 1611
"../../../Engine/Shaders/Private/SlateMaskingShader.usf" 1612
"../../../Engine/Shaders/Private/SlatePostProcessColorDeficiencyPixelShader.usf" 1613
"../../../Engine/Shaders/Private/ColorSpace.ush" 1614
"../../../Engine/Shaders/Private/SlatePostProcessPixelShader.usf" 1615
"../../../Engine/Shaders/Private/SlateVertexShader.usf" 1616
"../../../Engine/Shaders/Private/TranslucentLightingShaders.usf" 1617
"../../../Engine/Shaders/Private/SHCommon.ush" 1618
"../../../Engine/Shaders/Private/ShadowProjectionCommon.ush" 1619
"../../../Engine/Shaders/Private/CubemapCommon.ush" 1620
"../../../Engine/Shaders/Private/VectorFieldCompositeShaders.usf" 1621
"../../../Engine/Shaders/Private/UpdateTextureShaders.usf" 1622
"../../../Engine/Shaders/Private/StereoLayerShader.usf" 1623
"../../../Engine/Shaders/Private/MorphTargets.usf" 1624
"../../../Engine/Shaders/Private/SimpleElementColorChannelMaskPixelShader.usf" 1625
"../../../Engine/Shaders/Private/SimpleElementHitProxyPixelShader.usf" 1626
"../../../Engine/Shaders/Private/SimpleElementPixelShader.usf" 1627
"../../../Engine/Shaders/Private/IESLightProfilesCommon.ush" 1628
"../../../Engine/Shaders/Private/SimpleElementVertexShader.usf" 1629
"../../../Engine/Shaders/Private/ScreenPixelShaderOES.usf" 1630
"../../../Engine/Shaders/Private/ScreenVertexShader.usf" 1631
"../../../Engine/Shaders/Private/ScreenPixelShader.usf" 1632
"../../../Engine/Shaders/Private/VolumetricLightmapStreaming.usf" 1633
"../../../Engine/Shaders/Private/PhysicsFieldReset.usf" 1634
"../../../Engine/Shaders/Private/PhysicsFieldBuilder.usf" 1635
"../../../Engine/Shaders/Private/ParticleSortKeyGen.usf" 1636
"../../../Engine/Shaders/Private/ParticleBoundsShader.usf" 1637
"../../../Engine/Shaders/Private/ParticleSimVisualizeShader.usf" 1638
"../../../Engine/Shaders/Private/ParticleInjectionShader.usf" 1639
"../../../Engine/Shaders/Private/ParticleSimulationShader.usf" 1640
"../../../Engine/Shaders/Private/ParticleCurveInjectionShader.usf" 1641
"../../../Engine/Shaders/Private/CopyUIntBuffer.usf" 1642
"../../../Engine/Shaders/Private/RadixSortShaders.usf" 1643
"../../../Engine/Shaders/Private/RecomputeTangentsPerVertexPass.usf" 1644
"../../../Engine/Shaders/Private/RecomputeTangentsCommon.ush" 1645
"../../../Engine/Shaders/Private/RecomputeTangentsPerTrianglePass.usf" 1646
"../../../Engine/Shaders/Private/GpuSkinCacheComputeShader.usf" 1647
"../../../Engine/Shaders/Private/DistanceFieldDownsampling.usf" 1648
"../../../Engine/Shaders/Private/HeightFieldAtlasManagement.usf" 1649
"../../../Engine/Shaders/Private/LandscapePhysicalMaterial.usf" 1650
"../../../Engine/Shaders/Private/LandscapeGrassWeight.usf" 1651
"../../../Engine/Shaders/Private/LandscapeLayersCS.usf" 1652
"../../../Engine/Shaders/Private/LandscapeLayersPS.usf" 1653
"../../../Engine/Shaders/Private/LandscapeLayersVS.usf" 1654
"../../../Engine/Shaders/Private/WideCustomResolveShaders.usf" 1655
"../../../Engine/Shaders/Private/WideCustomResolve_Wide.ush" 1656
"../../../Engine/Shaders/Private/WideCustomResolve_Wider.ush" 1657
"../../../Engine/Shaders/Private/WideCustomResolve_Widest.ush" 1658
"../../../Engine/Shaders/Private/PageTableUpdate.usf" 1659
"../../../Engine/Shaders/Private/VirtualTextureCompress.usf" 1660
"../../../Engine/Shaders/Private/BCCompressionCommon.ush" 1661
"../../../Engine/Shaders/Private/ETCCompressionCommon.ush" 1662
"../../../Engine/Shaders/Private/VirtualTextureMaterial.usf" 1663
"../../../Engine/Shaders/Private/PixelShaderOutputCommon.ush" 1664
"../../../Engine/Shaders/Private/VolumetricRenderTarget.usf" 1665
"../../../Engine/Shaders/Private/SceneTextureParameters.ush" 1666
"../../../Engine/Shaders/Private/VolumetricFogVoxelization.usf" 1667
"../../../Engine/Shaders/Private/VolumetricCloudMaterialPixelCommon.ush" 1668
"../../../Engine/Shaders/Private/VolumetricFogLightFunction.usf" 1669
"../../../Engine/Shaders/Private/LightFunctionCommon.ush" 1670
"../../../Engine/Shaders/Private/VolumetricFog.usf" 1671
"../../../Engine/Shaders/Private/DeferredLightingCommon.ush" 1672
"../../../Engine/Shaders/Private/DynamicLightingCommon.ush" 1673
"../../../Engine/Shaders/Private/CapsuleLightIntegrate.ush" 1674
"../../../Engine/Shaders/Private/ShadingModels.ush" 1675
"../../../Engine/Shaders/Private/BRDF.ush" 1676
"../../../Engine/Shaders/Private/CapsuleLight.ush" 1677
"../../../Engine/Shaders/Private/RectLight.ush" 1678
"../../../Engine/Shaders/Private/TransmissionCommon.ush" 1679
"../../../Engine/Shaders/Private/SubsurfaceProfileCommon.ush" 1680
"../../../Engine/Shaders/Private/BurleyNormalizedSSSCommon.ush" 1681
"../../../Engine/Shaders/Private/HairBsdf.ush" 1682
"../../../Engine/Shaders/Private/CapsuleLightSampling.ush" 1683
"../../../Engine/Shaders/Private/RectLightIntegrate.ush" 1684
"../../../Engine/Shaders/Private/LightGridCommon.ush" 1685
"../../../Engine/Shaders/Private/HeightFogCommon.ush" 1686
"../../../Engine/Shaders/Private/DistanceFieldAOShared.ush" 1687
"../../../Engine/Shaders/Private/VolumeLightingCommon.ush" 1688
"../../../Engine/Shaders/Private/ShadowFilteringCommon.ush" 1689
"../../../Engine/Shaders/Private/PixelQuadMessagePassing.ush" 1690
"../../../Engine/Shaders/Private/VolumeLightingCommonSampling.ush" 1691
"../../../Engine/Shaders/Private/VolumetricLightmapShared.ush" 1692
"../../../Engine/Shaders/Private/ForwardShadowingCommon.ush" 1693
"../../../Engine/Shaders/Private/ParticipatingMediaCommon.ush" 1694
"../../../Engine/Shaders/Private/VolumetricCloudCommon.ush" 1695
"../../../Engine/Shaders/Private/VolumetricCloud.usf" 1696
"../../../Engine/Shaders/Private/ReflectionEnvironmentShared.ush" 1697
"../../../Engine/Shaders/Private/ShaderDrawDebug.ush" 1698
"../../../Engine/Shaders/Private/VisualizeVolumetricLightmap.usf" 1699
"../../../Engine/Shaders/Private/ViewMode/LODColorationPixelShader.usf" 1700
"../../../Engine/Shaders/Private/DebugViewModeCommon.ush" 1701
"../../../Engine/Shaders/Private/VelocityShader.usf" 1702
"../../../Engine/Shaders/Private/VelocityCommon.ush" 1703
"../../../Engine/Shaders/Private/Tessellation.ush" 1704
"../../../Engine/Shaders/Private/FlatTessellation.ush" 1705
"../../../Engine/Shaders/Private/PNTriangles.ush" 1706
"../../../Engine/Shaders/Private/VariableRateShading.usf" 1707
"../../../Engine/Shaders/Private/TranslucencyUpsampling.usf" 1708
"../../../Engine/Shaders/Private/SeparateTranslucency.ush" 1709
"../../../Engine/Shaders/Private/TranslucentLightInjectionShaders.usf" 1710
"../../../Engine/Shaders/Private/TranslucentShadowDepthShaders.usf" 1711
"../../../Engine/Shaders/Private/ShadowDepthCommon.ush" 1712
"../../../Engine/Shaders/Private/TiledDeferredLightShaders.usf" 1713
"../../../Engine/Shaders/Private/RayTracing/RayTracingTest.usf" 1714
"../../../Engine/Shaders/Private/SkyAtmosphere.usf" 1715
"../../../Engine/Shaders/Private/MiniFontCommon.ush" 1716
"../../../Engine/Shaders/Private/SingleLayerWaterComposite.usf" 1717
"../../../Engine/Shaders/Private/ReflectionEnvironmentComposite.ush" 1718
"../../../Engine/Shaders/Private/ShadowProjectionPixelShader.usf" 1719
"../../../Engine/Shaders/Private/ShadowPercentageCloserFiltering.ush" 1720
"../../../Engine/Shaders/Private/TransmissionThickness.ush" 1721
"../../../Engine/Shaders/Private/HairStrands/HairStrandsVisibilityCommon.ush" 1722
"../../../Engine/Shaders/Private/HairStrands/HairStrandsVisibilityCommonStruct.ush" 1723
"../../../Engine/Shaders/Private/ShadowProjectionVertexShader.usf" 1724
"../../../Engine/Shaders/Private/CopyShadowMaps.usf" 1725
"../../../Engine/Shaders/Private/ShadowDepthPixelShader.usf" 1726
"../../../Engine/Shaders/Private/LPVListEntry.ush" 1727
"../../../Engine/Shaders/Private/LPVWriteVplCommon.ush" 1728
"../../../Engine/Shaders/Private/LPVWriteCommon.ush" 1729
"../../../Engine/Shaders/Private/LPVCommon.ush" 1730
"../../../Engine/Shaders/Private/ShadowDepthVertexShader.usf" 1731
"../../../Engine/Shaders/Private/ShaderPrintDraw.usf" 1732
"../../../Engine/Shaders/Private/ShaderPrintCommon.ush" 1733
"../../../Engine/Shaders/Private/ShaderComplexityAccumulatePixelShader.usf" 1734
"../../../Engine/Shaders/Private/QuadOverdraw.ush" 1735
"../../../Engine/Shaders/Private/SSRT/SSRTDiffuseIndirect.usf" 1736
"../../../Engine/Shaders/Private/SSRT/SSRTRayCast.ush" 1737
"../../../Engine/Shaders/Private/SSRT/SSRTTileClassificationBuffer.ush" 1738
"../../../Engine/Shaders/Private/SSRT/SSRTReflections.usf" 1739
"../../../Engine/Shaders/Private/ScreenSpaceDenoise/SSDPublic.ush" 1740
"../../../Engine/Shaders/Private/SSRT/SSRTTileClassification.usf" 1741
"../../../Engine/Shaders/Private/SSRT/SSRTPrevFrameReduction.usf" 1742
"../../../Engine/Shaders/Private/ScreenSpaceDenoise/SSDComposeHarmonics.usf" 1743
"../../../Engine/Shaders/Private/ScreenSpaceDenoise/SSDDefinitions.ush" 1744
"../../../Engine/Shaders/Private/ScreenSpaceDenoise/SSDPublicHarmonics.ush" 1745
"../../../Engine/Shaders/Private/LightShaderParameters.ush" 1746
"../../../Engine/Shaders/Private/ScreenSpaceDenoise/SSDSignalFramework.ush" 1747
"../../../Engine/Shaders/Private/ScreenSpaceDenoise/SSDCommon.ush" 1748
"../../../Engine/Shaders/Private/SphericalGaussian.ush" 1749
"../../../Engine/Shaders/Public/WaveBroadcastIntrinsics.ush" 1750
"../../../Engine/Shaders/Private/ScreenSpaceDenoise/SSDMetadata.ush" 1751
"../../../Engine/Shaders/Private/ScreenSpaceDenoise/SSDSignalCore.ush" 1752
"../../../Engine/Shaders/Private/QuasiRandom.ush" 1753
"../../../Engine/Shaders/Private/BlueNoise.ush" 1754
"../../../Engine/Shaders/Private/Halton.ush" 1755
"../../../Engine/Shaders/Private/MortonCode.ush" 1756
"../../../Engine/Shaders/Private/ScreenSpaceDenoise/SSDSignalArray.ush" 1757
"../../../Engine/Shaders/Private/ScreenSpaceDenoise/SSDSignalBufferEncoding.ush" 1758
"../../../Engine/Shaders/Private/ScreenSpaceDenoise/SSDPublicBufferEncoding.ush" 1759
"../../../Engine/Shaders/Private/ScreenSpaceDenoise/SSDTemporalAccumulation.usf" 1760
"../../../Engine/Shaders/Private/ScreenSpaceDenoise/SSDSpatialKernel.ush" 1761
"../../../Engine/Shaders/Private/ScreenSpaceDenoise/SSDSignalAccumulatorArray.ush" 1762
"../../../Engine/Shaders/Private/ScreenSpaceDenoise/SSDSignalAccumulator.ush" 1763
"../../../Engine/Shaders/Private/ScreenSpaceDenoise/SSDSignalCompression.ush" 1764
"../../../Engine/Shaders/Private/TextureSampling.ush" 1765
"../../../Engine/Shaders/Private/ScreenSpaceDenoise/SSDSpatialAccumulation.usf" 1766
"../../../Engine/Shaders/Private/ScreenSpaceDenoise/SSDInjest.usf" 1767
"../../../Engine/Shaders/Private/ScreenSpaceDenoise/SSDCompressMetadata.usf" 1768
"../../../Engine/Shaders/Private/DownsampleDepthPixelShader.usf" 1769
"../../../Engine/Shaders/Private/ScreenPass.usf" 1770
"../../../Engine/Shaders/Private/HZB.usf" 1771
"../../../Engine/Shaders/Private/ReductionCommon.ush" 1772
"../../../Engine/Shaders/Private/HZBOcclusion.usf" 1773
"../../../Engine/Shaders/Private/OcclusionQueryPixelShader.usf" 1774
"../../../Engine/Shaders/Private/OcclusionQueryVertexShader.usf" 1775
"../../../Engine/Shaders/Private/HitProxyPixelShader.usf" 1776
"../../../Engine/Shaders/Private/HitProxyVertexShader.usf" 1777
"../../../Engine/Shaders/Private/ODSCapture.usf" 1778
"../../../Engine/Shaders/Private/SceneCapturePixelShader.usf" 1779
"../../../Engine/Shaders/Private/RequiredTextureResolutionPixelShader.usf" 1780
"../../../Engine/Shaders/Private/RTWriteMaskDecode.usf" 1781
"../../../Engine/Shaders/Private/ReflectionEnvironmentShaders.usf" 1782
"../../../Engine/Shaders/Private/SkyLightingShared.ush" 1783
"../../../Engine/Shaders/Private/RayTracing/VisualizeSkyLightMipTreePS.usf" 1784
"../../../Engine/Shaders/Private/RayTracing/MipTreeCommon.ush" 1785
"../../../Engine/Shaders/Private/RayTracing/CompositeSkyLightPS.usf" 1786
"../../../Engine/Shaders/Private/RayTracing/GenerateSkyLightVisibilityRaysCS.usf" 1787
"../../../Engine/Shaders/Private/RayTracing/RayTracingSkyLightCommon.ush" 1788
"../../../Engine/Shaders/Private/RayTracing/SkyLightVisibilityRaysData.ush" 1789
"../../../Engine/Shaders/Private/PathTracing/Utilities/PathTracingRandomSequence.ush" 1790
"../../../Engine/Shaders/Private/Raytracing/RaytracingSkylightRGS.usf" 1791
"../../../Engine/Shaders/Private/HairStrands/HairStrandsVoxelPageCommonStruct.ush" 1792
"../../../Engine/Shaders/Private/HairStrands/HairStrandsRaytracing.ush" 1793
"../../../Engine/Shaders/Private/HairStrands/HairStrandsVoxelPageCommon.ush" 1794
"../../../Engine/Shaders/Private/HairStrands/HairStrandsVoxelPageTraversal.ush" 1795
"../../../Engine/Shaders/Private/Raytracing/RayTracingSkyLightEvaluation.ush" 1796
"../../../Engine/Shaders/Private/Raytracing/RayTracingDeferredShadingCommon.ush" 1797
"../../../Engine/Shaders/Private/RayTracing/RayTracingOcclusionRGS.usf" 1798
"../../../Engine/Shaders/Private/RayTracing/RayTracingDirectionalLight.ush" 1799
"../../../Engine/Shaders/Private/RayTracing/RayTracingRectLight.ush" 1800
"../../../Engine/Shaders/Private/RayTracing/RayTracingSphereLight.ush" 1801
"../../../Engine/Shaders/Private/RayTracing/RayTracingSpotLight.ush" 1802
"../../../Engine/Shaders/Private/RayTracing/RayTracingDiskLight.ush" 1803
"../../../Engine/Shaders/Private/RayTracing/RayTracingPointLight.ush" 1804
"../../../Engine/Shaders/Private/RayTracing/SplitImaginaryReflectionGBufferCS.usf" 1805
"../../../Engine/Shaders/Private/RayTracing/RayTracingReflectionsCommon.ush" 1806
"../../../Engine/Shaders/Private/RayTracing/RayTracingReflections.usf" 1807
"../../../Engine/Shaders/Private/RayTracing/RayTracingLightingCommon.ush" 1808
"../../../Engine/Shaders/Private/RayTracing/RayTracingLightCullingCommon.ush" 1809
"../../../Engine/Shaders/Private/RayTracing/RayTracingReflectionEnvironment.ush" 1810
"../../../Engine/Shaders/Private/RayTracing/RayTracingPrimaryRays.usf" 1811
"../../../Engine/Shaders/Private/RayTracing/RayTracingMaterialDefaultHitShaders.usf" 1812
"../../../Engine/Shaders/Private/RayTracing/RayTracingMaterialHitShaders.usf" 1813
"../../../Engine/Shaders/Private/LightmapCommon.ush" 1814
"../../../Engine/Shaders/Private/PathTracing/Material/PathTracingFresnel.ush" 1815
"../../../Engine/Shaders/Private/PathTracing/Material/PathTracingThinGlass.ush" 1816
"../../../Engine/Shaders/Private/PathTracing/Material/PathTracingMaterialCommon.ush" 1817
"../../../Engine/Shaders/Private/PathTracing/PathTracingCommon.ush" 1818
"../../../Engine/Shaders/Private/PathTracing/PathTracingDefinitions.ush" 1819
"../../../Engine/Shaders/Private/PathTracing/Material/PathTracingGlossy.ush" 1820
"../../../Engine/Shaders/Private/RayTracing/RayTracingLightingMS.usf" 1821
"../../../Engine/Shaders/Private/RayTracing/GenerateCulledLightListCS.usf" 1822
"../../../Engine/Shaders/Private/RayTracing/RayTracingFinalGatherRGS.usf" 1823
"../../../Engine/Shaders/Private/RayTracing/RayTracingGatherPoints.ush" 1824
"../../../Engine/Shaders/Private/PathTracing/Light/PathTracingLightSampling.ush" 1825
"../../../Engine/Shaders/Private/PathTracing/Light/PathTracingLightCommon.ush" 1826
"../../../Engine/Shaders/Shared/RayTracingTypes.h" 1827
"../../../Engine/Shaders/Shared/PathTracingDefinitions.h" 1828
"../../../Engine/Shaders/Private/PathTracing/Light/PathTracingDirectionalLight.ush" 1829
"../../../Engine/Shaders/Private/PathTracing/Light/PathTracingPointLight.ush" 1830
"../../../Engine/Shaders/Private/PathTracing/Light/PathTracingCapsuleLight.ush" 1831
"../../../Engine/Shaders/Private/PathTracing/Light/PathTracingRectLight.ush" 1832
"../../../Engine/Shaders/Private/PathTracing/Light/PathTracingSkyLight.ush" 1833
"../../../Engine/Shaders/Private/PathTracing/Light/PathTracingSpotLight.ush" 1834
"../../../Engine/Shaders/Private/PathTracing/Material/PathTracingMaterialSampling.ush" 1835
"../../../Engine/Shaders/Private/PathTracing/Material/PathTracingLambert.ush" 1836
"../../../Engine/Shaders/Private/PathTracing/Material/PathTracingRadianceProbe.ush" 1837
"../../../Engine/Shaders/Private/PathTracing/Material/FirstBounceRayGuidingCommon.ush" 1838
"../../../Engine/Shaders/Private/PathTracing/Material/PathTracingSpecularReflection.ush" 1839
"../../../Engine/Shaders/Private/PathTracing/Material/PathTracingSpecularTransmission.ush" 1840
"../../../Engine/Shaders/Private/PathTracing/Material/PathTracingSolidGlass.ush" 1841
"../../../Engine/Shaders/Private/PathTracing/Material/PathTracingDefaultLit.ush" 1842
"../../../Engine/Shaders/Private/PathTracing/Material/PathTracingClearCoat.ush" 1843
"../../../Engine/Shaders/Private/PathTracing/Material/PathTracingTwoSidedFoliage.ush" 1844
"../../../Engine/Shaders/Private/PathTracing/Material/PathTracingCloth.ush" 1845
"../../../Engine/Shaders/Private/PathTracing/Material/PathTracingSubsurfaceProfile.ush" 1846
"../../../Engine/Shaders/Private/RayTracing/RayTracingCreateGatherPointsRGS.usf" 1847
"../../../Engine/Shaders/Private/RayTracing/RayTracingGlobalIlluminationRGS.usf" 1848
"../../../Engine/Shaders/Private/RayTracing/RayTracingDynamicMesh.usf" 1849
"../../../Engine/Shaders/Private/RayTracing/RayTracingDeferredReflections.usf" 1850
"../../../Engine/Shaders/Private/RayTracing/RayTracingDeferredMaterials.ush" 1851
"../../../Engine/Shaders/Shared/ThirdParty/AMD/ags_shader_intrinsics_dx12.h" 1852
"../../../Engine/Shaders/Private/RayTracing/RayTracingDeferredReflections.ush" 1853
"../../../Engine/Shaders/Private/RayTracing/RayTracingReflectionResolve.usf" 1854
"../../../Engine/Shaders/Private/RayTracing/RayTracingReflectionsGenerateRaysCS.usf" 1855
"../../../Engine/Shaders/Private/RayTracing/MaterialSort.usf" 1856
"../../../Engine/Shaders/Private/RayTracing/RayTracingDeferredMaterials.usf" 1857
"../../../Engine/Shaders/Private/RayTracing/RayTracingDebug.usf" 1858
"../../../Engine/Shaders/Shared/RayTracingDebugDefinitions.h" 1859
"../../../Engine/Shaders/Private/RayTracing/RayTracingBarycentrics.usf" 1860
"../../../Engine/Shaders/Private/RayTracing/RayTracingAmbientOcclusionRGS.usf" 1861
"../../../Engine/Shaders/Private/PrimitiveDistanceAccuracyPixelShader.usf" 1862
"../../../Engine/Shaders/Private/VisualizeShadingModels.usf" 1863
"../../../Engine/Shaders/Private/PostProcessCommon.ush" 1864
"../../../Engine/Shaders/Private/TemporalAA/TAAUpdateHistory.usf" 1865
"../../../Engine/Shaders/Private/TemporalAA/TAACommon.ush" 1866
"../../../Engine/Shaders/Private/TemporalAA/TAADilateRejection.usf" 1867
"../../../Engine/Shaders/Private/TemporalAA/TAACompareHistory.usf" 1868
"../../../Engine/Shaders/Private/TemporalAA/TAAFilterFrequencies.usf" 1869
"../../../Engine/Shaders/Private/TemporalAA/TAADecimateHistory.usf" 1870
"../../../Engine/Shaders/Private/TemporalAA/TAADilateVelocity.usf" 1871
"../../../Engine/Shaders/Private/TemporalAA/TAAClearPrevTextures.usf" 1872
"../../../Engine/Shaders/Private/TemporalAA/TAAStandalone.usf" 1873
"../../../Engine/Shaders/Private/FilterPixelShader.usf" 1874
"../../../Engine/Shaders/Private/ScreenPass.ush" 1875
"../../../Engine/Shaders/Private/FilterVertexShader.usf" 1876
"../../../Engine/Shaders/Private/PostProcessVisualizeHDR.usf" 1877
"../../../Engine/Shaders/Private/PostProcessHistogramCommon.ush" 1878
"../../../Engine/Shaders/Private/ShaderComplexityApplyPixelShader.usf" 1879
"../../../Engine/Shaders/Private/PostProcessVisualizeBuffer.usf" 1880
"../../../Engine/Shaders/Private/PostProcessUpscale.usf" 1881
"../../../Engine/Shaders/Private/PostProcessTonemap.usf" 1882
"../../../Engine/Shaders/Private/PostProcessTestImage.usf" 1883
"../../../Engine/Shaders/Private/PostProcessSubsurface.usf" 1884
"../../../Engine/Shaders/Private/SeparableSSS.ush" 1885
"../../../Engine/Shaders/Private/SubsurfaceBurleyNormalized.ush" 1886
"../../../Engine/Shaders/Private/PostProcessSelectionOutline.usf" 1887
"../../../Engine/Shaders/Private/PostProcessPixelProjectedReflectionMobile.usf" 1888
"../../../Engine/Shaders/Private/PostProcessNoiseBlur.usf" 1889
"../../../Engine/Shaders/Private/PostProcessMotionBlur.usf" 1890
"../../../Engine/Shaders/Private/PostProcessVelocityFlatten.usf" 1891
"../../../Engine/Shaders/Private/PostProcessMobile.usf" 1892
"../../../Engine/Shaders/Private/PostProcessMitchellNetravali.usf" 1893
"../../../Engine/Shaders/Private/PostProcessMaterialShaders.usf" 1894
"../../../Engine/Shaders/Private/PostProcessLensFlares.usf" 1895
"../../../Engine/Shaders/Private/ComposeSeparateTranslucency.usf" 1896
"../../../Engine/Shaders/Private/PostProcessHMD.usf" 1897
"../../../Engine/Shaders/Private/PostProcessHistogramReduce.usf" 1898
"../../../Engine/Shaders/Private/PostProcessHistogram.usf" 1899
"../../../Engine/Shaders/Private/PostProcessGBufferHints.usf" 1900
"../../../Engine/Shaders/Private/PostProcessFFTBloom.usf" 1901
"../../../Engine/Shaders/Private/PostProcessEyeAdaptation.usf" 1902
"../../../Engine/Shaders/Private/PostProcessDownsample.usf" 1903
"../../../Engine/Shaders/Private/PostProcessDOF.usf" 1904
"../../../Engine/Shaders/Private/PostProcessDeviceEncodingOnly.usf" 1905
"../../../Engine/Shaders/Private/PostProcessCompositeEditorPrimitives.usf" 1906
"../../../Engine/Shaders/Private/PostProcessCombineLUTs.usf" 1907
"../../../Engine/Shaders/Private/PostProcessVisualizeDOF.usf" 1908
"../../../Engine/Shaders/Private/PostProcessBloom.usf" 1909
"../../../Engine/Shaders/Private/PostProcessAmbientOcclusionMobile.usf" 1910
"../../../Engine/Shaders/Private/PostProcessAmbientOcclusionCommon.ush" 1911
"../../../Engine/Shaders/Private/FXAAShader.usf" 1912
"../../../Engine/Shaders/Private/Fxaa3_11.ush" 1913
"../../../Engine/Shaders/Private/DiaphragmDOF/DOFRecombine.usf" 1914
"../../../Engine/Shaders/Private/DiaphragmDOF/DOFCommon.ush" 1915
"../../../Engine/Shaders/Private/DiaphragmDOF/DOFHybridScatterPixelShader.usf" 1916
"../../../Engine/Shaders/Private/DiaphragmDOF/DOFHybridScatterCommon.ush" 1917
"../../../Engine/Shaders/Private/DiaphragmDOF/DOFHybridScatterVertexShader.usf" 1918
"../../../Engine/Shaders/Private/DiaphragmDOF/DOFPostfiltering.usf" 1919
"../../../Engine/Shaders/Private/DiaphragmDOF/DOFGatherTileSuggest.ush" 1920
"../../../Engine/Shaders/Private/DiaphragmDOF/DOFCocTileCommon.ush" 1921
"../../../Engine/Shaders/Private/DiaphragmDOF/DOFGatherPass.usf" 1922
"../../../Engine/Shaders/Private/DiaphragmDOF/DOFGatherCommon.ush" 1923
"../../../Engine/Shaders/Private/DiaphragmDOF/DOFGatherAccumulator.ush" 1924
"../../../Engine/Shaders/Private/DiaphragmDOF/DOFGatherKernel.ush" 1925
"../../../Engine/Shaders/Private/DiaphragmDOF/DOFBokehLUT.usf" 1926
"../../../Engine/Shaders/Private/DiaphragmDOF/DOFHybridScatterCompilation.usf" 1927
"../../../Engine/Shaders/Private/DiaphragmDOF/DOFReduce.usf" 1928
"../../../Engine/Shaders/Private/DiaphragmDOF/DOFDownsample.ush" 1929
"../../../Engine/Shaders/Private/DiaphragmDOF/DOFHybridScatterCompilation.ush" 1930
"../../../Engine/Shaders/Private/DiaphragmDOF/DOFDownsample.usf" 1931
"../../../Engine/Shaders/Private/DiaphragmDOF/DOFCocTileDilate.usf" 1932
"../../../Engine/Shaders/Private/DiaphragmDOF/DOFCocTileFlatten.usf" 1933
"../../../Engine/Shaders/Private/DiaphragmDOF/DOFSetup.usf" 1934
"../../../Engine/Shaders/Private/PlanarReflectionShaders.usf" 1935
"../../../Engine/Shaders/Private/PlanarReflectionShared.ush" 1936
"../../../Engine/Shaders/Private/PathTracing/PathTracingCompositingPixelShader.usf" 1937
"../../../Engine/Shaders/Private/PathTracing/PathTracingIESAtlas.usf" 1938
"../../../Engine/Shaders/Private/PathTracing/PathTracing.usf" 1939
"../../../Engine/Shaders/Private/PathTracing/Light/PathTracingLightGrid.ush" 1940
"../../../Engine/Shaders/Private/PathTracing/PathTracingCamera.ush" 1941
"../../../Engine/Shaders/Private/PathTracing/Sensor/PathTracingPinholeCamera.ush" 1942
"../../../Engine/Shaders/Private/PathTracing/PathTracingBuildLightGrid.usf" 1943
"../../../Engine/Shaders/Private/PathTracing/PathTracingSkylightMISCompensation.usf" 1944
"../../../Engine/Shaders/Private/PathTracing/PathTracingSkylightPrepare.usf" 1945
"../../../Engine/Shaders/Private/MobileSceneCapture.usf" 1946
"../../../Engine/Shaders/Private/DistortApplyScreenPS.usf" 1947
"../../../Engine/Shaders/Private/MobileDeferredShading.usf" 1948
"../../../Engine/Shaders/Private/MobileShadingModels.ush" 1949
"../../../Engine/Shaders/Private/MobileGGX.ush" 1950
"../../../Engine/Shaders/Private/MobileBasePassPixelShader.usf" 1951
"../../../Engine/Shaders/Private/MobileBasePassCommon.ush" 1952
"../../../Engine/Shaders/Private/SingleLayerWaterShading.ush" 1953
"../../../Engine/Shaders/Private/DistortionCommon.ush" 1954
"../../../Engine/Shaders/Private/MobileBasePassVertexShader.usf" 1955
"../../../Engine/Shaders/Private/MeshTexCoordSizeAccuracyPixelShader.usf" 1956
"../../../Engine/Shaders/Private/MaterialTexCoordScalesPixelShader.usf" 1957
"../../../Engine/Shaders/Private/LightShaftShader.usf" 1958
"../../../Engine/Shaders/Private/StationaryLightOverlapShaders.usf" 1959
"../../../Engine/Shaders/Private/DeferredLightPixelShaders.usf" 1960
"../../../Engine/Shaders/Private/HairStrands/HairStrandsCommon.ush" 1961
"../../../Engine/Shaders/Private/HairStrands/HairStrandsDeepTransmittanceCommon.ush" 1962
"../../../Engine/Shaders/Private/HairStrands/HairStrandsDeepTransmittanceDualScattering.ush" 1963
"../../../Engine/Shaders/Private/DeferredLightVertexShaders.usf" 1964
"../../../Engine/Shaders/Private/LPVVisualise.usf" 1965
"../../../Engine/Shaders/Private/LPVGeometryVolumeCommon.ush" 1966
"../../../Engine/Shaders/Private/LPVDirectLightInject.usf" 1967
"../../../Engine/Shaders/Private/LPVPropagate.usf" 1968
"../../../Engine/Shaders/Private/LPVPacking.ush" 1969
"../../../Engine/Shaders/Private/LPVBuildGeometryVolume.usf" 1970
"../../../Engine/Shaders/Private/LPVDirectionalOcclusion.usf" 1971
"../../../Engine/Shaders/Private/LPVInject_AccumulateVplLists.usf" 1972
"../../../Engine/Shaders/Private/LPVInject_GenerateVplLists.usf" 1973
"../../../Engine/Shaders/Private/LPVClearLists.usf" 1974
"../../../Engine/Shaders/Private/LPVClear.usf" 1975
"../../../Engine/Shaders/Private/LightMapDensityShader.usf" 1976
"../../../Engine/Shaders/Private/LightGridInjection.usf" 1977
"../../../Engine/Shaders/Private/LightFunctionPixelShader.usf" 1978
"../../../Engine/Shaders/Private/LightFunctionVertexShader.usf" 1979
"../../../Engine/Shaders/Private/ReflectionEnvironmentPixelShader.usf" 1980
"../../../Engine/Shaders/Private/AmbientCubemapComposite.usf" 1981
"../../../Engine/Shaders/Private/DiffuseIndirectComposite.usf" 1982
"../../../Engine/Shaders/Private/HeightfieldLighting.usf" 1983
"../../../Engine/Shaders/Private/DistanceFieldLightingShared.ush" 1984
"../../../Engine/Shaders/Private/DistanceFieldShadowingShared.ush" 1985
"../../../Engine/Shaders/Private/HeightfieldLightingShared.ush" 1986
"../../../Engine/Shaders/Private/HdrCustomResolveShaders.usf" 1987
"../../../Engine/Shaders/Private/HairStrands/HairStrandsVoxelMip.usf" 1988
"../../../Engine/Shaders/Private/HairStrands/HairStrandsVoxelRasterCompute.usf" 1989
"../../../Engine/Shaders/Private/HairStrands/HairStrandsVoxelPageAllocation.usf" 1990
"../../../Engine/Shaders/Private/Matrices.ush" 1991
"../../../Engine/Shaders/Private/HairStrands/HairStrandsAABBCommon.ush" 1992
"../../../Engine/Shaders/Private/HairStrands/HairStrandsVoxelOpaque.usf" 1993
"../../../Engine/Shaders/Private/HairStrands/HairStrandsVisibilityRasterCompute.usf" 1994
"../../../Engine/Shaders/Shared/ThirdParty/NVIDIA/nvHLSLExtns.h" 1995
"../../../Engine/Shaders/Shared/ThirdParty/NVIDIA/nvHLSLExtnsInternal.h" 1996
"../../../Engine/Shaders/Shared/ThirdParty/NVIDIA/nvShaderExtnEnums.h" 1997
"../../../Engine/Shaders/Shared/ThirdParty/AMD/ags_shader_intrinsics_dx11.h" 1998
"../../../Engine/Shaders/Private/HairStrands/HairStrandsCoverage.usf" 1999
"../../../Engine/Shaders/Private/HairStrands/HairStrandsVisibilityDepthPS.usf" 2000
"../../../Engine/Shaders/Private/HairStrands/HairStrandsVisibilityTransmittanceDepthPS.usf" 2001
"../../../Engine/Shaders/Private/HairStrands/HairStrandsVisibilityFillOpaqueDepthPS.usf" 2002
"../../../Engine/Shaders/Private/HairStrands/HairStrandsVisibilityTile.usf" 2003
"../../../Engine/Shaders/Private/HairStrands/HairStrandsVisibilityCompactionComputeRaster.usf" 2004
"../../../Engine/Shaders/Private/HairStrands/HairStrandsVisibilityCompaction.usf" 2005
"../../../Engine/Shaders/Private/HairStrands/HairStrandsVisibilityCopyIndirectArg.usf" 2006
"../../../Engine/Shaders/Private/HairStrands/HairStrandsVisibilityClearPS.usf" 2007
"../../../Engine/Shaders/Private/HairStrands/HairStrandsVisibilityPS.usf" 2008
"../../../Engine/Shaders/Private/HairStrands/HairStrandsVisibilityVS.usf" 2009
"../../../Engine/Shaders/Private/HairStrands/HairStrandsLightChannelMask.usf" 2010
"../../../Engine/Shaders/Private/HairStrands/HairStrandsVelocity.usf" 2011
"../../../Engine/Shaders/Private/HairStrands/HairStrandsVisibilityComputeSampleCoverage.usf" 2012
"../../../Engine/Shaders/Private/HairStrands/HairStrandsMaterialPS.usf" 2013
"../../../Engine/Shaders/Private/HairStrands/HairStrandsMaterialCommon.ush" 2014
"../../../Engine/Shaders/Private/HairStrands/HairStrandsMaterialVS.usf" 2015
"../../../Engine/Shaders/Private/HairStrands/HairStrandsMaterialGBufferPS.usf" 2016
"../../../Engine/Shaders/Private/HairStrands/HairStrandsGBufferCommon.ush" 2017
"../../../Engine/Shaders/Private/HairStrands/HairStrandsMaterialGBufferVS.usf" 2018
"../../../Engine/Shaders/Private/HairStrands/HairStrandsLightSample.usf" 2019
"../../../Engine/Shaders/Private/HairStrands/HairStrandsDeepShadowMask.usf" 2020
"../../../Engine/Shaders/Private/HairStrands/HairStrandsDeepShadowCommonStruct.ush" 2021
"../../../Engine/Shaders/Private/HairStrands/HairStrandsDebugCommon.ush" 2022
"../../../Engine/Shaders/Private/HairStrands/HairStrandsDeepShadowCommon.ush" 2023
"../../../Engine/Shaders/Private/HairStrands/HairStrandsDeepTransmittanceMask.usf" 2024
"../../../Engine/Shaders/Private/HairStrands/HairScatter.usf" 2025
"../../../Engine/Shaders/Private/HairStrands/HairScatterCompose.usf" 2026
"../../../Engine/Shaders/Private/HairStrands/HairStrandsDeepShadowPS.usf" 2027
"../../../Engine/Shaders/Private/HairStrands/HairStrandsDeepShadowVS.usf" 2028
"../../../Engine/Shaders/Private/HairStrands/HairStrandsLUT.usf" 2029
"../../../Engine/Shaders/Private/HairStrands/HairStrandsEnvironmentLighting.usf" 2030
"../../../Engine/Shaders/Private/HairStrands/HairStrandsEnvironmentLightingCommon.ush" 2031
"../../../Engine/Shaders/Private/HairStrands/HairStrandsDebugCommonStruct.ush" 2032
"../../../Engine/Shaders/Private/HairStrands/HairStrandsEnvironmentAO.usf" 2033
"../../../Engine/Shaders/Private/HairStrands/HairStrandsDeepShadowAllocation.usf" 2034
"../../../Engine/Shaders/Private/HairStrands/HairStrandsVoxelDepthInjection.usf" 2035
"../../../Engine/Shaders/Private/HairStrands/HairStrandsClusterCulling.usf" 2036
"../../../Engine/Shaders/Private/HairStrands/HairStrandsClusterCommon.ush" 2037
"../../../Engine/Shaders/Private/HairStrands/HairStrandsVisibilityPPLLDebug.usf" 2038
"../../../Engine/Shaders/Private/HairStrands/HairStrandsBsdfPlot.usf" 2039
"../../../Engine/Shaders/Private/HairStrands/HairStrandsVoxelPageRayMarching.usf" 2040
"../../../Engine/Shaders/Private/HairStrands/HairStrandsDeepShadowDebug.usf" 2041
"../../../Engine/Shaders/Private/HairStrands/HairStrandsDebug.usf" 2042
"../../../Engine/Shaders/Private/HairStrands/HairStrandsDebugPrint.usf" 2043
"../../../Engine/Shaders/Private/HairStrands/HairStrandsGBufferWrite.usf" 2044
"../../../Engine/Shaders/Private/HairStrands/HairStrandsVisibilityComposeSubPixelPS.usf" 2045
"../../../Engine/Shaders/Private/HairStrands/HairStrandsAABB.usf" 2046
"../../../Engine/Shaders/Private/GPUFastFourierTransform.usf" 2047
"../../../Engine/Shaders/Private/GPUFastFourierTransform2DCore.ush" 2048
"../../../Engine/Shaders/Private/GPUFastFourierTransformCore.ush" 2049
"../../../Engine/Shaders/Private/ShaderDrawDebug.usf" 2050
"../../../Engine/Shaders/Private/GPUBenchmark.usf" 2051
"../../../Engine/Shaders/Private/GlobalDistanceField.usf" 2052
"../../../Engine/Shaders/Private/GammaCorrection.usf" 2053
"../../../Engine/Shaders/Private/HeightFogPixelShader.usf" 2054
"../../../Engine/Shaders/Private/HeightFogVertexShader.usf" 2055
"../../../Engine/Shaders/Private/DistortAccumulatePS.usf" 2056
"../../../Engine/Shaders/Private/DistortAccumulateVS.usf" 2057
"../../../Engine/Shaders/Private/DistanceFieldVisualization.usf" 2058
"../../../Engine/Shaders/Private/DistanceFieldShadowing.usf" 2059
"../../../Engine/Shaders/Private/DistanceFieldScreenGridLighting.usf" 2060
"../../../Engine/Shaders/Private/DistanceFieldObjectCulling.usf" 2061
"../../../Engine/Shaders/Private/DistanceFieldLightingPost.usf" 2062
"../../../Engine/Shaders/Private/DitheredTransitionStencil.usf" 2063
"../../../Engine/Shaders/Private/DepthOnlyPixelShader.usf" 2064
"../../../Engine/Shaders/Private/DepthOnlyVertexShader.usf" 2065
"../../../Engine/Shaders/Private/PositionOnlyDepthVertexShader.usf" 2066
"../../../Engine/Shaders/Private/DeferredDecal.usf" 2067
"../../../Engine/Shaders/Private/DecalCommon.ush" 2068
"../../../Engine/Shaders/Private/DBufferDecalShared.ush" 2069
"../../../Engine/Shaders/Private/DebugViewModeVertexShader.usf" 2070
"../../../Engine/Shaders/Private/PostProcessPassThrough.usf" 2071
"../../../Engine/Shaders/Private/MeshDecals.usf" 2072
"../../../Engine/Shaders/Private/PostProcessLpvIndirect.usf" 2073
"../../../Engine/Shaders/Private/LPVFinalPass.ush" 2074
"../../../Engine/Shaders/Private/PostProcessAmbientOcclusion.usf" 2075
"../../../Engine/Shaders/Private/ClusteredDeferredShadingPixelShader.usf" 2076
"../../../Engine/Shaders/Private/CapsuleShadowShaders.usf" 2077
"../../../Engine/Shaders/Private/BasePassPixelShader.usf" 2078
"../../../Engine/Shaders/Private/BasePassCommon.ush" 2079
"../../../Engine/Shaders/Private/ShadingModelsMaterial.ush" 2080
"../../../Engine/Shaders/Private/ThinTranslucentCommon.ush" 2081
"../../../Engine/Shaders/Private/ForwardLightingCommon.ush" 2082
"../../../Engine/Shaders/Private/BasePassTessellationShaders.usf" 2083
"../../../Engine/Shaders/Private/BasePassVertexCommon.ush" 2084
"../../../Engine/Shaders/Private/BasePassVertexShader.usf" 2085
"../../../Engine/Shaders/Private/AtmospherePrecomputeInscatter.usf" 2086
"../../../Engine/Shaders/Private/AtmospherePrecomputeCommon.ush" 2087
"../../../Engine/Shaders/Private/AtmospherePrecompute.usf" 2088
"../../../Engine/Shaders/Private/AtmosphericFogShader.usf" 2089
"../../../Engine/Shaders/Private/AnisotropyPassShader.usf" 2090
"../../../Engine/Shaders/Private/SimpleElementVolumeTexturePreviewPixelShader.usf" 2091
"../../../Engine/Shaders/Private/SimpleElementTexture2DPreviewPixelShader.usf" 2092
"../../../Engine/Shaders/Private/SimpleElementNormalMapPixelShader.usf" 2093
"../../../Engine/Shaders/Private/meshpaintdilatepixelshader.usf" 2094
"../../../Engine/Shaders/Private/meshpaintdilatevertexshader.usf" 2095
"../../../Engine/Shaders/Private/MeshPaintPixelShader.usf" 2096
"../../../Engine/Shaders/Private/MeshPaintVertexShader.usf" 2097
"../../../Engine/Shaders/Private/Tools/VisualizeTexture.usf" 2098
"../../../Engine/Shaders/Private/ByteBuffer.usf" 2099
"../../../Engine/Shaders/Private/ResolveVertexShader.usf" 2100
"../../../Engine/Shaders/Private/ResolvePixelShader.usf" 2101
"../../../Engine/Shaders/Private/Tools/ClearUAV.usf" 2102
"../../../Engine/Shaders/Private/ClearReplacementShaders.usf" 2103
"../../../Engine/Shaders/Private/Raytracing/RayTracingInstanceCopy.usf" 2104
"../../../Engine/Shaders/Private/RenderGraphUtilities.usf" 2105
"../../../Engine/Shaders/Private/OneColorShader.usf" 2106
"../../../Engine/Shaders/Private/OculusShaders.usf" 2107
"../../../Engine/Shaders/Private/MediaShaders.usf" 2108
"../../../Engine/Shaders/Private/NullPixelShader.usf" 2109
"../../../Engine/Shaders/Private/ComputeGenerateMips.usf" 2110
"../../../Engine/Shaders/Private/CopyTextureShaders.usf" 2111
"../../../Engine/Shaders/Private/Tools/FullscreenVertexShader.usf" 2112
"../../../Engine/Shaders/Private/RayTracing/RayTracingBuiltInShaders.usf" 2113
"C:/Users/malco/AppData/Local/UnrealEngine/4.27/DerivedDataCache/Boot.ddc" 2114
"../../../Engine/DerivedDataCache/Compressed.ddp" 2115
"I:/DerivedDataCache/TestData/0/TestData_4kb.dat" 2116
"I:/DerivedDataCache/TestData/1/TestData_4kb.dat" 2117
"I:/DerivedDataCache/TestData/0/TestData_8kb.dat" 2118
"I:/DerivedDataCache/TestData/1/TestData_8kb.dat" 2119
"I:/DerivedDataCache/TestData/0/TestData_16kb.dat" 2120
"I:/DerivedDataCache/TestData/1/TestData_16kb.dat" 2121
"I:/DerivedDataCache/TestData/0/TestData_64kb.dat" 2122
"I:/DerivedDataCache/TestData/1/TestData_64kb.dat" 2123
"I:/DerivedDataCache/TestData/0/TestData_128kb.dat" 2124
"I:/DerivedDataCache/TestData/1/TestData_128kb.dat" 2125
"I:/DerivedDataCache/TestData/0/TestData_256kb.dat" 2126
"I:/DerivedDataCache/TestData/1/TestData_256kb.dat" 2127
"../../../Engine/Content/EditorResources/S_Actor.uasset" 2128
"../../../Engine/Content/EngineResources/WhiteSquareTexture.uasset" 2129
"../../../Engine/Content/EngineResources/GradientTexture0.uasset" 2130
"../../../Engine/Content/EngineResources/Black.uasset" 2131
"../../../Engine/Content/EngineMeshes/Sphere.uasset" 2132
"../../../Engine/Content/EditorMaterials/MatineeGroups/MAT_Groups_Float.uasset" 2133
"../../../Engine/Content/EditorMaterials/MatineeGroups/MAT_Groups_Anim.uasset" 2134
"../../../Engine/Content/EditorMaterials/MatineeGroups/MAT_Groups_AudioMaster.uasset" 2135
"../../../Engine/Content/EditorMaterials/MatineeGroups/MAT_ColorTrack.uasset" 2136
"../../../Engine/Content/EditorMaterials/MatineeGroups/MAT_Groups_Fade.uasset" 2137
"../../../Engine/Content/EditorMaterials/MatineeGroups/MAT_Groups_Director.uasset" 2138
"../../../Engine/Content/EditorMaterials/MatineeGroups/MAT_Groups_Event.uasset" 2139
"../../../Engine/Content/EditorMaterials/MatineeGroups/MAT_Groups_Move.uasset" 2140
"../../../Engine/Content/EditorMaterials/MatineeGroups/MAT_Groups_Slomo.uasset" 2141
"../../../Engine/Content/EditorMaterials/MatineeGroups/MAT_Groups_Sound.uasset" 2142
"../../../Engine/Content/EditorMaterials/MAT_Groups_Toggle.uasset" 2143
"../../../Engine/Content/EditorMaterials/MatineeGroups/MAT_Groups_Vector.uasset" 2144
"../../../Engine/Content/EditorMaterials/MAT_Groups_Visibility.uasset" 2145
"../../../Engine/Content/EngineResources/DefaultTexture.uasset" 2146
"../../../Engine/Content/EngineResources/DefaultTextureCube.uasset" 2147
"../../../Engine/Content/EngineResources/DefaultVolumeTexture.uasset" 2148
"../../../Engine/Content/EngineResources/DefaultVolumeTexture2D.uasset" 2149
"../../../Engine/Content/EngineFonts/RobotoDistanceField.uasset" 2150
"../../../Engine/Content/EngineMaterials/DefaultTextMaterialOpaque.uasset" 2151
"../../../Engine/Content/Functions/Engine_MaterialFunctions01/Shading/PowerToRoughness.uasset" 2152
"../../../Engine/Content/Functions/Engine_MaterialFunctions01/Shading/ConvertFromDiffSpec.uasset" 2153
"../../../Engine/Content/EngineMaterials/WorldGridMaterial.uasset" 2154
"../../../Engine/Content/Functions/Engine_MaterialFunctions01/Opacity/CameraDepthFade.uasset" 2155
"../../../Engine/Content/EngineMaterials/T_Default_Material_Grid_M.uasset" 2156
"../../../Engine/Content/EngineMaterials/T_Default_Material_Grid_N.uasset" 2157
"../../../Engine/Content/EngineMaterials/DefaultDeferredDecalMaterial.uasset" 2158
"../../../Engine/Content/EngineMaterials/DefaultDiffuse.uasset" 2159
"../../../Engine/Content/EngineMaterials/DefaultLightFunctionMaterial.uasset" 2160
"../../../Engine/Content/EngineMaterials/DefaultPostProcessMaterial.uasset" 2161
"../../../Engine/Content/Functions/Engine_MaterialFunctions02/Utility/BreakOutFloat2Components.uasset" 2162
"../../../Engine/Content/EditorResources/S_Trigger.uasset" 2163
"../../../Engine/Content/EngineSky/VolumetricClouds/m_SimpleVolumetricCloud_Inst.uasset" 2164
"../../../Engine/Content/EngineSky/VolumetricClouds/m_SimpleVolumetricCloud.uasset" 2165
"../../../Engine/Content/Functions/Engine_MaterialFunctions02/Utility/MakeFloat2.uasset" 2166
"../../../Engine/Content/EngineSky/VolumetricClouds/CloudGradientTexture.uasset" 2167
"../../../Engine/Content/EngineSky/VolumetricClouds/CloudWeatherTexture.uasset" 2168
"../../../Engine/Content/EngineSky/VolumetricClouds/T_VolumeNoiseErosion32.uasset" 2169
"../../../Engine/Content/EngineSky/VolumetricClouds/T_NoiseErosion.uasset" 2170
"../../../Engine/Content/EngineSky/VolumetricClouds/T_VolumeNoiseShape64.uasset" 2171
"../../../Engine/Content/EngineSky/VolumetricClouds/T_NoiseShape64.uasset" 2172
"../../../Engine/Content/EngineMaterials/BaseFlattenMaterial.uasset" 2173
"../../../Engine/Content/EngineMaterials/BaseFlattenDiffuseMap.uasset" 2174
"../../../Engine/Content/EngineMaterials/BaseFlattenEmissiveMap.uasset" 2175
"../../../Engine/Content/EngineMaterials/BaseFlattenGrayscaleMap.uasset" 2176
"../../../Engine/Content/EngineMaterials/BaseFlattenNormalMap.uasset" 2177
"../../../Engine/Content/EngineDamageTypes/DmgTypeBP_Environmental.uasset" 2178
"../../../Engine/Content/VREditor/TransformGizmo/SM_Sequencer_Key.uasset" 2179
"../../../Engine/Content/VREditor/TransformGizmo/Main.uasset" 2180
"../../../Engine/Content/VREditor/TransformGizmo/Xray.uasset" 2181
"../../../Engine/Content/EngineMaterials/Widget3DPassThrough_Translucent.uasset" 2182
"../../../Engine/Content/EngineMaterials/Widget3DPassThrough.uasset" 2183
"../../../Engine/Config/TVOS/TVOSEngine.ini" 2184
"../../../Engine/Content/EngineMaterials/Widget3DPassThrough_Translucent_OneSided.uasset" 2185
"../../../Engine/Content/EngineMaterials/Widget3DPassThrough_Opaque.uasset" 2186
"../../../Engine/Content/EngineMaterials/Widget3DPassThrough_Opaque_OneSided.uasset" 2187
"../../../Engine/Content/EngineMaterials/Widget3DPassThrough_Masked.uasset" 2188
"../../../Engine/Content/EngineMaterials/Widget3DPassThrough_Masked_OneSided.uasset" 2189
"../../../Engine/Content/VREditor/TransformGizmo/PlaneTranslationHandle.uasset" 2190
"../../../Engine/Content/VREditor/TransformGizmo/TransformGizmoMaterial.uasset" 2191
"../../../Engine/Content/VREditor/LaserPointer/VR_LaserPower_01.uasset" 2192
"../../../Engine/Content/VREditor/TransformGizmo/TranslucentTransformGizmoMaterial.uasset" 2193
"../../../Engine/Content/VREditor/TransformGizmo/BoundingBoxCorner.uasset" 2194
"../../../Engine/Content/VREditor/TransformGizmo/BoundingBoxEdge.uasset" 2195
"../../../Engine/Content/EditorMeshes/Camera/SM_CraneRig_Base.uasset" 2196
"../../../Engine/Content/EditorMaterials/Camera/MI_CineMat_Rig.uasset" 2197
"../../../Engine/Content/EditorMaterials/Camera/CineMat.uasset" 2198
"../../../Engine/Content/EditorMeshes/Camera/SM_CraneRig_Arm.uasset" 2199
"../../../Engine/Content/EditorMeshes/Camera/SM_CraneRig_Mount.uasset" 2200
"../../../Engine/Content/EditorMeshes/Camera/SM_CraneRig_Body.uasset" 2201
"../../../Engine/Content/EditorMeshes/Camera/SM_RailRig_Track.uasset" 2202
"../../../Engine/Content/EditorMeshes/Camera/SM_RailRig_Mount.uasset" 2203
"../../../Engine/Content/ArtTools/RenderToTexture/Meshes/S_1_Unit_Plane.uasset" 2204
"../../../Engine/Content/EngineDebugMaterials/M_SimpleUnlitTranslucent.uasset" 2205
"../../../Engine/Content/EngineFonts/Roboto.uasset" 2206
"../../../Engine/Content/EngineFonts/Faces/DroidSansFallback.uasset" 2207
"../../../Engine/Content/EngineFonts/Faces/RobotoBold.uasset" 2208
"../../../Engine/Content/EngineFonts/Faces/RobotoBoldItalic.uasset" 2209
"../../../Engine/Content/EngineFonts/Faces/RobotoItalic.uasset" 2210
"../../../Engine/Content/EngineFonts/Faces/RobotoLight.uasset" 2211
"../../../Engine/Content/EngineFonts/Faces/RobotoRegular.uasset" 2212
"../../../Engine/Content/EditorMaterials/ParticleSystems/PSysThumbnail_NoImage.uasset" 2213
"../../../Engine/Content/EditorMaterials/ParticleSystems/PSysThumbnail_OOD.uasset" 2214
"../../../Engine/Content/Maps/Templates/Thumbnails/Default.uasset" 2215
"../../../Engine/Content/Maps/Templates/Thumbnails/TimeOfDay.uasset" 2216
"../../../Engine/Content/Maps/Templates/Thumbnails/VR-Basic.uasset" 2217
"../../../Engine/Content/EditorLandscapeResources/DataLayer.uasset" 2218
"../../Plugins/Experimental/Water/Content/Icons/WaterSprite.uasset" 2219
"../../Plugins/Experimental/Water/Content/Icons/WaterBodyCustomSprite.uasset" 2220
"../../Plugins/Experimental/Water/Content/Icons/WaterBodyExclusionVolumeSprite.uasset" 2221
"../../Plugins/Experimental/Water/Content/Icons/WaterBodyIslandSprite.uasset" 2222
"../../Plugins/Experimental/Water/Content/Icons/WaterBodyLakeSprite.uasset" 2223
"../../Plugins/Experimental/Water/Content/Icons/WaterBodyOceanSprite.uasset" 2224
"../../Plugins/Experimental/Water/Content/Icons/WaterBodyRiverSprite.uasset" 2225
"../../Plugins/Experimental/Water/Content/Icons/WaterMeshActorSprite.uasset" 2226
"../../Plugins/Experimental/Water/Content/Meshes/LakeMesh.uasset" 2227
"../../Plugins/Experimental/Water/Content/Meshes/RiverMesh.uasset" 2228
"../../Plugins/Runtime/Oculus/OculusVR/Content/Materials/PokeAHoleMaterial.uasset" 2229
"../../../Engine/Content/VREditor/TransformGizmo/SM_Sequencer_Node.uasset" 2230
"../../../Engine/Content/Internationalization/icudt64l/coll/ucadata.icu" 2231
"../../../Engine/Content/Internationalization/icudt64l/coll/en.res" 2232
"../../../Engine/Content/Internationalization/icudt64l/coll/root.res" 2233
"../../../Engine/Content/Tutorial/Basics/LevelEditorOverview.uasset" 2234
"../../../Engine/Content/Tutorial/Basics/TutorialAssets/icon_tab_Levels_40x.uasset" 2235
"../../../Engine/Content/Tutorial/Basics/LevelEditorAttract.uasset" 2236
"../../../Engine/Content/Tutorial/ContentIntroCurve.uasset" 2237
"C:/Users/malco/Desktop/Cloned Reditus/ReditusV.4.27/Content/DialogueSystem/Font/final_fantasy_36_font_Font.uasset" 2238
"C:/Users/malco/Desktop/Cloned Reditus/ReditusV.4.27/Content/DialogueSystem/Font/final_fantasy_36_font.uasset" 2239
"C:/Users/malco/Desktop/Cloned Reditus/ReditusV.4.27/Content/Flipbooks/OverworldPlayerCharacterFlipbooks/Ceaser/Front/Down1.uasset" 2240
"../../Plugins/2D/Paper2D/Content/MaskedUnlitSpriteMaterial.uasset" 2241
"../../Plugins/2D/Paper2D/Content/DefaultSpriteMaterial.uasset" 2242
"../../Plugins/2D/Paper2D/Content/PlaceholderTextures/DummySpriteTexture.uasset" 2243
"../../Plugins/2D/Paper2D/Content/OpaqueUnlitSpriteMaterial.uasset" 2244
"../../Plugins/2D/Paper2D/Content/DefaultPaperTerrainMaterial.uasset" 2245
"../../Plugins/2D/Paper2D/Content/DummySprite.uasset" 2246
"C:/Users/malco/Desktop/Cloned Reditus/ReditusV.4.27/Plugins/MinimapPlugin/Content/Materials/Background/M_UMG_Background.uasset" 2247
"../../../Engine/Content/Functions/Engine_MaterialFunctions02/Utility/BreakOutFloat4Components.uasset" 2248
"C:/Users/malco/Desktop/Cloned Reditus/ReditusV.4.27/Plugins/MinimapPlugin/Content/Materials/Background/MF_UMG_SampleBackground.uasset" 2249
"C:/Users/malco/Desktop/Cloned Reditus/ReditusV.4.27/Plugins/MinimapPlugin/Content/Materials/Common/MF_Mask_Rect.uasset" 2250
"C:/Users/malco/Desktop/Cloned Reditus/ReditusV.4.27/Plugins/MinimapPlugin/Content/Textures/Icons/T_Icon_Placeholder.uasset" 2251
"C:/Users/malco/Desktop/Cloned Reditus/ReditusV.4.27/Plugins/MinimapPlugin/Content/Materials/Background/M_Canvas_Background.uasset" 2252
"C:/Users/malco/Desktop/Cloned Reditus/ReditusV.4.27/Plugins/MinimapPlugin/Content/Materials/Common/MF_Mask_CanvasClip.uasset" 2253
"C:/Users/malco/Desktop/Cloned Reditus/ReditusV.4.27/Plugins/MinimapPlugin/Content/Materials/Common/MF_Mask_Circle.uasset" 2254
"C:/Users/malco/Desktop/Cloned Reditus/ReditusV.4.27/Plugins/MinimapPlugin/Content/Textures/RT_MinimapSnapshot.uasset" 2255
"C:/Users/malco/Desktop/Cloned Reditus/ReditusV.4.27/Plugins/MinimapPlugin/Content/Materials/Fog/M_UMG_Fog.uasset" 2256
"C:/Users/malco/Desktop/Cloned Reditus/ReditusV.4.27/Plugins/MinimapPlugin/Content/Materials/Fog/M_Canvas_Fog.uasset" 2257
"C:/Users/malco/Desktop/Cloned Reditus/ReditusV.4.27/Plugins/MinimapPlugin/Content/Materials/Fog/M_FogCombine.uasset" 2258
"C:/Users/malco/Desktop/Cloned Reditus/ReditusV.4.27/Plugins/MinimapPlugin/Content/Textures/Fog/T_TestFog.uasset" 2259
"C:/Users/malco/Desktop/Cloned Reditus/ReditusV.4.27/Plugins/MinimapPlugin/Content/Materials/Fog/M_WorldFog.uasset" 2260
"../../../Engine/Content/Functions/Engine_MaterialFunctions02/Texturing/CustomRotator.uasset" 2261
"C:/Users/malco/Desktop/Cloned Reditus/ReditusV.4.27/Plugins/MinimapPlugin/Content/Textures/Icons/T_Icon_ObjectiveArrow.uasset" 2262
"C:/Users/malco/Desktop/Cloned Reditus/ReditusV.4.27/Plugins/MinimapPlugin/Content/Materials/Icons/M_UMG_MapIcon.uasset" 2263
"../../../Engine/Content/Functions/Engine_MaterialFunctions01/Texturing/ScaleUVsByCenter.uasset" 2264
"C:/Users/malco/Desktop/Cloned Reditus/ReditusV.4.27/Plugins/MinimapPlugin/Content/Materials/Icons/MF_UMG_SampleIcon.uasset" 2265
"C:/Users/malco/Desktop/Cloned Reditus/ReditusV.4.27/Plugins/MinimapPlugin/Content/Materials/Icons/M_Canvas_MapIcon.uasset" 2266
"C:/Users/malco/Desktop/Cloned Reditus/ReditusV.4.27/Plugins/MinimapPlugin/Content/Materials/Background/M_Canvas_BackgroundFill.uasset" 2267
"C:/Users/malco/Desktop/Cloned Reditus/ReditusV.4.27/Plugins/MinimapPlugin/Content/Materials/Revealers/M_Revealer_Circle.uasset" 2268
"C:/Users/malco/Desktop/Cloned Reditus/ReditusV.4.27/Plugins/MinimapPlugin/Content/Materials/Common/MF_InverseLerp.uasset" 2269
"../../Plugins/Lumin/MagicLeapPassableWorld/Content/MagicLeapARPinInfoActor.uasset" 2270
"../../../Engine/Content/ArtTools/RenderToTexture/Materials/Debug/M_Emissive_Color.uasset" 2271
"../../../Engine/Content/BasicShapes/Cylinder.uasset" 2272
"../../../Engine/Content/EngineMaterials/DefaultMaterial.uasset" 2273
"../../../Engine/Content/EngineDebugMaterials/VertexColorMaterial.uasset" 2274
"../../../Engine/Content/EngineDebugMaterials/WireframeMaterial.uasset" 2275
"../../../Engine/Content/EngineMeshes/Cylinder.uasset" 2276
"../../Plugins/Editor/SpeedTreeImporter/Content/SpeedTree9/SpeedTreeMaster.uasset" 2277
"../../../Engine/Content/Functions/Engine_MaterialFunctions02/ObjectLocalBounds.uasset" 2278
"../../../Engine/Content/Functions/Engine_MaterialFunctions02/SafeNormalize.uasset" 2279
"../../../Engine/Content/Functions/Engine_MaterialFunctions02/Utility/BreakOutFloat3Components.uasset" 2280
"../../../Engine/Content/Functions/Engine_MaterialFunctions02/Utility/VectorLength.uasset" 2281
"../../../Engine/Content/Functions/Engine_MaterialFunctions02/UVs/BoundingBoxBased_0-1_UVW.uasset" 2282
"../../../Engine/Content/Functions/Engine_MaterialFunctions02/WorldPositionOffset/ObjectScale.uasset" 2283
"../../Plugins/Editor/SpeedTreeImporter/Content/SpeedTree9/SpeedTreeBranchMotion.uasset" 2284
"../../Plugins/Editor/SpeedTreeImporter/Content/SpeedTree9/SpeedTreeWindMotion.uasset" 2285
"../../Plugins/Editor/SpeedTreeImporter/Content/SpeedTree9/game_wind_noise.uasset" 2286
"../../Plugins/Editor/SpeedTreeImporter/Content/SpeedTree9/UnpackDirection.uasset" 2287
"../../Plugins/Editor/SpeedTreeImporter/Content/SpeedTree9/UnpackInteger3.uasset" 2288
"../../Plugins/Editor/SpeedTreeImporter/Content/SpeedTree9/SpeedTreeCameraFacing.uasset" 2289
"../../Plugins/Editor/SpeedTreeImporter/Content/SpeedTree9/SpeedTreeWind.uasset" 2290
"../../Plugins/Editor/SpeedTreeImporter/Content/SpeedTree9/Empty.uasset" 2291
"../../Plugins/Editor/SpeedTreeImporter/Content/SpeedTree9/EmptyNormal.uasset" 2292
"../../Plugins/Editor/SpeedTreeImporter/Content/SpeedTree9/SpeedTreeBillboardMaster.uasset" 2293
"../../Plugins/Editor/SpeedTreeImporter/Content/SpeedTree9/SpeedTreeBillboard.uasset" 2294
"../../../Engine/Content/EditorResources/S_Solver.uasset" 2295
"../../../Engine/Content/EditorResources/S_Note.uasset" 2296
"../../../Engine/Content/EngineDebugMaterials/VolumeToRender.uasset" 2297
"../../../Engine/Content/EngineDebugMaterials/M_VolumeRenderSphereTracePP.uasset" 2298
"../../../Engine/Content/Functions/Engine_MaterialFunctions02/Utility/CameraDirectionVector.uasset" 2299
"../../Plugins/Runtime/OpenXR/Content/Devices/GoogleDaydream/GoogleDaydreamController.uasset" 2300
"../../Plugins/Runtime/OpenXR/Content/Devices/GoogleDaydream/MI_GoogleDaydream.uasset" 2301
"../../Plugins/Runtime/OpenXR/Content/Devices/M_XRController.uasset" 2302
"../../Plugins/Runtime/OpenXR/Content/Devices/GoogleDaydream/BaseTexture.uasset" 2303
"../../Plugins/Runtime/OpenXR/Content/Devices/GoogleDaydream/MRTexture.uasset" 2304
"../../Plugins/Runtime/OpenXR/Content/Devices/HTCVive/HTCViveController.uasset" 2305
"../../Plugins/Runtime/OpenXR/Content/Devices/HTCVive/MI_HTCVive.uasset" 2306
"../../Plugins/Runtime/OpenXR/Content/Devices/HTCVive/BaseTexture.uasset" 2307
"../../Plugins/Runtime/OpenXR/Content/Devices/MicrosoftMixedReality/Left/left_MicrosoftMixedRealityController.uasset" 2308
"../../Plugins/Runtime/OpenXR/Content/Devices/MicrosoftMixedReality/MI_MicrosoftMixedReality.uasset" 2309
"../../Plugins/Runtime/OpenXR/Content/Devices/MicrosoftMixedReality/BaseTexture.uasset" 2310
"../../Plugins/Runtime/OpenXR/Content/Devices/MicrosoftMixedReality/EmissiveTexture.uasset" 2311
"../../Plugins/Runtime/OpenXR/Content/Devices/MicrosoftMixedReality/MRTexture.uasset" 2312
"../../Plugins/Runtime/OpenXR/Content/Devices/MicrosoftMixedReality/NormalTexture.uasset" 2313
"../../Plugins/Runtime/OpenXR/Content/Devices/MicrosoftMixedReality/Right/right_MicrosoftMixedRealityController.uasset" 2314
"../../Plugins/Runtime/OpenXR/Content/Devices/OculusGo/OculusGoController.uasset" 2315
"../../Plugins/Runtime/OpenXR/Content/Devices/OculusGo/MI_OculusGo.uasset" 2316
"../../Plugins/Runtime/OpenXR/Content/Devices/OculusGo/BaseTexture.uasset" 2317
"../../Plugins/Runtime/OpenXR/Content/Devices/OculusTouch/Left/left_OculusTouchController.uasset" 2318
"../../Plugins/Runtime/OpenXR/Content/Devices/OculusTouch/MI_OculusTouch.uasset" 2319
"../../Plugins/Runtime/OpenXR/Content/Devices/OculusTouch/BaseTexture.uasset" 2320
"../../Plugins/Runtime/OpenXR/Content/Devices/OculusTouch/MRTexture.uasset" 2321
"../../Plugins/Runtime/OpenXR/Content/Devices/OculusTouch/Right/right_OculusTouchController.uasset" 2322
"../../Plugins/Runtime/OpenXR/Content/Devices/ValveIndex/Left/left_ValveIndexController.uasset" 2323
"../../Plugins/Runtime/OpenXR/Content/Devices/ValveIndex/Left/MI_left_ValveIndex.uasset" 2324
"../../Plugins/Runtime/OpenXR/Content/Devices/ValveIndex/BaseTexture.uasset" 2325
"../../Plugins/Runtime/OpenXR/Content/Devices/ValveIndex/MRTexture.uasset" 2326
"../../Plugins/Runtime/OpenXR/Content/Devices/ValveIndex/Right/right_ValveIndexController.uasset" 2327
"../../Plugins/Runtime/OpenXR/Content/Devices/ValveIndex/Right/MI_right_ValveIndex.uasset" 2328
"../../Plugins/Runtime/OpenXR/Content/Devices/OculusTouch_v2/Left/left_OculusTouch_v2Controller.uasset" 2329
"../../Plugins/Runtime/OpenXR/Content/Devices/OculusTouch_v2/MI_OculusTouch_v2.uasset" 2330
"../../Plugins/Runtime/OpenXR/Content/Devices/OculusTouch_v2/BaseTexture.uasset" 2331
"../../Plugins/Runtime/OpenXR/Content/Devices/OculusTouch_v2/MRTexture.uasset" 2332
"../../Plugins/Runtime/OpenXR/Content/Devices/OculusTouch_v2/Right/right_OculusTouch_v2Controller.uasset" 2333
"../../Plugins/Runtime/OpenXR/Content/Devices/OculusTouch_v3/Left/left_OculusTouch_v3Controller.uasset" 2334
"../../Plugins/Runtime/OpenXR/Content/Devices/OculusTouch_v3/MI_OculusTouch_v3.uasset" 2335
"../../Plugins/Runtime/OpenXR/Content/Devices/OculusTouch_v3/BaseTexture.uasset" 2336
"../../Plugins/Runtime/OpenXR/Content/Devices/OculusTouch_v3/MRTexture.uasset" 2337
"../../Plugins/Runtime/OpenXR/Content/Devices/OculusTouch_v3/Right/right_OculusTouch_v3Controller.uasset" 2338
"../../Plugins/Runtime/Oculus/OculusVR/Content/Materials/OculusMR_ChromaKey.uasset" 2339
"../../../Engine/Content/Functions/Engine_MaterialFunctions02/Utility/MakeFloat3.uasset" 2340
"../../Plugins/Runtime/Oculus/OculusVR/Content/Materials/OculusMR_OpaqueColoredMaterial.uasset" 2341
"../../Plugins/Runtime/Oculus/OculusVR/Content/Meshes/RiftHMD.uasset" 2342
"../../Plugins/Runtime/Oculus/OculusVR/Content/Meshes/LeftTouchController.uasset" 2343
"../../Plugins/Runtime/Oculus/OculusVR/Content/Materials/touchController_mat.uasset" 2344
"../../Plugins/Runtime/Oculus/OculusVR/Content/Textures/touchController_albedo.uasset" 2345
"../../Plugins/Runtime/Oculus/OculusVR/Content/Textures/touchController_controlmap.uasset" 2346
"../../Plugins/Runtime/Oculus/OculusVR/Content/Meshes/RightTouchController.uasset" 2347
"../../Plugins/Runtime/Oculus/OculusVR/Content/Meshes/LeftTouchForQuestRiftSController.uasset" 2348
"../../Plugins/Runtime/Oculus/OculusVR/Content/Materials/TouchForQuestRiftSControllerMaterial.uasset" 2349
"../../Plugins/Runtime/Oculus/OculusVR/Content/Textures/TouchForQuestRiftSController_albedo.uasset" 2350
"../../Plugins/Runtime/Oculus/OculusVR/Content/Meshes/RightTouchForQuestRiftSController.uasset" 2351
"../../../Engine/Content/EngineMaterials/RemoveSurfaceMaterial.uasset" 2352
"../../../Engine/Content/EngineDebugMaterials/DebugMeshMaterial.uasset" 2353
"../../../Engine/Content/EngineMaterials/EmissiveMeshMaterial.uasset" 2354
"../../../Engine/Content/EngineMaterials/DefaultWhiteGrid_Low.uasset" 2355
"../../../Engine/Content/EngineMaterials/M_InvalidLightmapSettings.uasset" 2356
"../../../Engine/Content/EngineMaterials/InvalidLightmapSettings.uasset" 2357
"../../../Engine/Content/EngineMaterials/GizmoMaterial.uasset" 2358
"../../../Engine/Content/EngineMaterials/PhAT_JointLimitMaterial.uasset" 2359
"../../../Engine/Content/Functions/Engine_MaterialFunctions02/WorldPositionOffset/CameraOffset.uasset" 2360
"../../../Engine/Content/EngineMaterials/Good64x64TilingNoiseHighFreq.uasset" 2361
"../../../Engine/Content/EngineMaterials/DefaultBokeh.uasset" 2362
"../../../Engine/Content/EngineMaterials/DefaultBloomKernel.uasset" 2363
"../../../Engine/Content/EngineMaterials/PreintegratedSkinBRDF.uasset" 2364
"../../../Engine/Content/EngineMaterials/MiniFont.uasset" 2365
"../../../Engine/Content/EngineMaterials/WeightMapPlaceholderTexture.uasset" 2366
"../../../Engine/Content/EngineMaterials/DefaultWhiteGrid.uasset" 2367
"../../../Engine/Content/EngineMaterials/BlueNoise.uasset" 2368
"../../../Engine/Content/EngineMaterials/DefaultPhysicalMaterial.uasset" 2369
"C:/Users/malco/Desktop/Cloned Reditus/ReditusV.4.27/Intermediate/AssetRegistryCache/311563bb.bin" 2370
"C:/Users/malco/Desktop/Cloned Reditus/ReditusV.4.27/Content/Maps/testmap.umap" 2371
"C:/Users/malco/Desktop/Cloned Reditus/ReditusV.4.27/Intermediate/AssetRegistryCache/c90e3f55.bin" 2372
"C:/Users/malco/Desktop/Cloned Reditus/ReditusV.4.27/Content/TurnBasedJRPGTemplate/Blueprints/Battle/BP_BattleBase.uasset" 2373
"C:/Users/malco/Desktop/Cloned Reditus/ReditusV.4.27/Content/TurnBasedJRPGTemplate/Blueprints/Items/UsableItems/BP_PheonixDown.uasset" 2374
"C:/Users/malco/Desktop/Cloned Reditus/ReditusV.4.27/Content/TurnBasedJRPGTemplate/Blueprints/UI/BP_ActionsUI.uasset" 2375
"C:/Users/malco/Desktop/Cloned Reditus/ReditusV.4.27/Content/TurnBasedJRPGTemplate/Blueprints/Units/PlayerUnits/BP_PlayerUnitBase.uasset" 2376
"../../Plugins/Experimental/Water/Content/Materials/MPC/MPC_Water.uasset" 2377
"../../../Engine/Content/BasicShapes/Cube.uasset" 2378
"../../../Engine/Content/BasicShapes/Sphere.uasset" 2379
"../../../Engine/Content/BasicShapes/Cone.uasset" 2380
"../../../Engine/Content/BasicShapes/Plane.uasset" 2381
"../../../Engine/Content/EditorLandscapeResources/DefaultAlphaTexture.uasset" 2382
"../../../Engine/Content/EditorResources/S_Terrain.uasset" 2383
"../../Plugins/Experimental/Water/Content/Icons/WaterLandscapeBrushSprite.uasset" 2384
"../../Plugins/Experimental/Water/Content/Curves/FloatCurve.uasset" 2385
"../../Plugins/Experimental/Water/Content/Curves/FloatCurve_WaterBodyIsland.uasset" 2386
"../../Plugins/Experimental/Water/Content/Waves/GerstnerWaves_Lake.uasset" 2387
"../../Plugins/Experimental/Water/Content/Waves/GerstnerWaves_Ocean.uasset" 2388
"../../Plugins/Experimental/Water/Content/Icons/WaterErrorSprite.uasset" 2389
"../../Plugins/Experimental/Landmass/Content/Landscape/BlueprintBrushes/MPC/MPC_Landscape.uasset" 2390
"C:/Users/malco/Desktop/Cloned Reditus/ReditusV.4.27/Content/Pixel2D/Blueprints/AnimatedTileReplacer/Pixel2DTileReplacerDataTable.uasset" 2391
"../../../Engine/Content/EditorResources/SequenceRecorder/Countdown.uasset" 2392
"../../../Engine/Content/EditorResources/SequenceRecorder/RecordingIndicator.uasset" 2393
"C:/Users/malco/Desktop/Cloned Reditus/ReditusV.4.27/Intermediate/AssetRegistryCache/74fb4fd3.bin" 2394
"I:/DerivedDataCache/4/4/6/TEXTURE_E01F4250BECD420DA9CE63B5EECEC2C2_OODLE_AUTODXT_11_305BDD5F43D3F35AEF79__FEFFB3CB06A7C69ECE645470621FD4A600CD6B7D.udd" 2395
"I:/DerivedDataCache/5/8/6/TEXTURE_E01F4250BECD420DA9CE63B5EECEC2C2_OODLE_AUTODXT_11_305BDD5F43D3F35AEF79__E4A66C6A8F3DF80E9E13A657FA1E0F420F46D34D.udd" 2396
"I:/DerivedDataCache/2/2/3/TEXTURE_E01F4250BECD420DA9CE63B5EECEC2C2_OODLE_AUTODXT_11_B765831941A058F41C92__CF46F99607DC6BAD10F4D755220B3C6B369877EB.udd" 2397
"I:/DerivedDataCache/5/0/3/TEXTURE_E01F4250BECD420DA9CE63B5EECEC2C2_OODLE_AUTODXT_11_305BDD5F43D3F35AEF79__D514DD8FB60B85A090D71294120FE3C708635D11.udd" 2398
"I:/DerivedDataCache/7/4/3/TEXTURE_E01F4250BECD420DA9CE63B5EECEC2C2_OODLE_AUTODXT_11_B765831941A058F41C92__341C2E434F667F352910B06C45155A8CAAAF9773.udd" 2399
"I:/DerivedDataCache/5/8/9/TEXTURE_E01F4250BECD420DA9CE63B5EECEC2C2_OODLE_AUTODXT_11_B765831941A058F41C92__D48904C8971CBF33C5D7F77421F21F1EFAE994E2.udd" 2400
"I:/DerivedDataCache/9/4/9/MATSM_0BA69734E4FD45E082FA4560DBE25454_PCD3D_SM5_8__BC5N_NOCCBN_NOIRIS_DEV_SL___B289157E8C69A9E8CB5496AD44D54B76DBF7325B.udd" 2401
"I:/DerivedDataCache/1/3/8/MATSM_0BA69734E4FD45E082FA4560DBE25454_PCD3D_SM5_8__BC5N_NOCCBN_NOIRIS_DEV_SL___FF63AC71F7944591356DECBCF7653E1BBA6B4116.udd" 2402
"I:/DerivedDataCache/3/4/3/MATSM_0BA69734E4FD45E082FA4560DBE25454_PCD3D_SM5_8__BC5N_NOCCBN_NOIRIS_DEV_SL___BF32DEDF2C410F0ACF9F864FCA3CE05BB447AFDF.udd" 2403
"I:/DerivedDataCache/4/7/9/MATSM_0BA69734E4FD45E082FA4560DBE25454_PCD3D_SM5_8__BC5N_NOCCBN_NOIRIS_DEV_SL___E6C4ED38D18F35FC1CB31448B6F3A4393CB1FE00.udd" 2404
"I:/DerivedDataCache/8/1/5/MATSM_0BA69734E4FD45E082FA4560DBE25454_PCD3D_SM5_8__BC5N_NOCCBN_NOIRIS_DEV_SL___1E36BEE8B22BCCEBB828FE9AD3881A2C770B3B6A.udd" 2405
"I:/DerivedDataCache/4/6/2/TEXTURE_E01F4250BECD420DA9CE63B5EECEC2C2_OODLE_AUTODXT_11_119784064352006F9203__43B7243C4EEFA1A31746D180B41F1068DD7E5A40.udd" 2406
"I:/DerivedDataCache/1/9/7/MATSM_0BA69734E4FD45E082FA4560DBE25454_PCD3D_SM5_8__BC5N_NOCCBN_NOIRIS_DEV_SL___455BC9D3B58BAE4B767F791C8A3EBCC7588D1F04.udd" 2407
"I:/DerivedDataCache/7/3/8/TEXTURE_E01F4250BECD420DA9CE63B5EECEC2C2_OODLE_AUTODXT_11_E6E470B1487DE5BF5F97__DACA34FF2C26F68D1E08C0E6F474FBF47BCF3240.udd" 2408
"I:/DerivedDataCache/2/2/2/MATSM_0BA69734E4FD45E082FA4560DBE25454_PCD3D_SM5_8__BC5N_NOCCBN_NOIRIS_DEV_SL___7AC7D91BA9DF01C5AFAA20BDFAB866CDCB90C1D2.udd" 2409
"I:/DerivedDataCache/8/0/0/TEXTURE_E01F4250BECD420DA9CE63B5EECEC2C2_OODLE_AUTODXT_11_E6E470B1487DE5BF5F97__5735B0C415584D014EC082C04D0E6A90AAEA3853.udd" 2410
"I:/DerivedDataCache/4/7/6/MATSM_0BA69734E4FD45E082FA4560DBE25454_PCD3D_SM5_8__BC5N_NOCCBN_NOIRIS_DEV_SL___F06A1DF2C5AB447A8A632BA88042BE4DB41CB084.udd" 2411
"I:/DerivedDataCache/1/2/7/TEXTURE_E01F4250BECD420DA9CE63B5EECEC2C2_OODLE_AUTODXT_11_E6E470B1487DE5BF5F97__0C41C8457BDB2289B39DEB0656B15DAB47153F26.udd" 2412
"I:/DerivedDataCache/5/1/3/MATSM_0BA69734E4FD45E082FA4560DBE25454_PCD3D_SM5_8__BC5N_NOCCBN_NOIRIS_DEV_SL___87AA842278C50215E952525EF54984533B500214.udd" 2413
"I:/DerivedDataCache/2/2/3/TEXTURE_E01F4250BECD420DA9CE63B5EECEC2C2_OODLE_AUTODXT_11_E6E470B1487DE5BF5F97__A7F9F27C1CD172096DCD3D137F713A9231666DA6.udd" 2414
"I:/DerivedDataCache/6/8/6/TEXTURE_E01F4250BECD420DA9CE63B5EECEC2C2_OODLE_AUTODXT_11_E6E470B1487DE5BF5F97__3044AA7712074FDDD619C3410E26718EAC5C9142.udd" 2415
"I:/DerivedDataCache/7/6/8/MATSM_0BA69734E4FD45E082FA4560DBE25454_PCD3D_SM5_8__BC5N_NOCCBN_NOIRIS_DEV_SL___8F12BBE406A8553DDEC59B80BD66E947D25E16A1.udd" 2416
"I:/DerivedDataCache/5/3/8/MATSM_0BA69734E4FD45E082FA4560DBE25454_PCD3D_SM5_8__BC5N_NOCCBN_NOIRIS_DEV_SL___1ACCAA011337A20A0C119FED0EC09EC37E359F49.udd" 2417
"I:/DerivedDataCache/2/9/5/TEXTURE_E01F4250BECD420DA9CE63B5EECEC2C2_BGRA8_BD438A524BAE139865F1E2AAA264366__E5808A870D0B2D2C0EB0C298A1481E823106E503.udd" 2418
"I:/DerivedDataCache/3/8/0/PHYSX_A08609EF508D460CBB6710540B03AACF_PHYSXPC_5DE6A8A3400F931177B4AFA635097ED__BA460A9775FCA39780821C25B7C1F214D97F730B.udd" 2419
"I:/DerivedDataCache/9/8/1/TEXTURE_E01F4250BECD420DA9CE63B5EECEC2C2_OODLE_AUTODXT_11_D1D20D834B96B6FEBC0B__6E2E6760CB2404C4708CC3411A20CED272A1CBAE.udd" 2420
"I:/DerivedDataCache/2/1/5/TEXTURE_E01F4250BECD420DA9CE63B5EECEC2C2_OODLE_AUTODXT_11_4F4FCDCC41C23B3116C8__28B79271BAA3594F7FC304C4749E3ADFD01677E7.udd" 2421
"I:/DerivedDataCache/9/8/8/TEXTURE_E01F4250BECD420DA9CE63B5EECEC2C2_OODLE_AUTODXT_11_2EB74A274708EE9FC8D9__C407D3E4F430B93E6FBDA8E0884BA153B67E78A6.udd" 2422
"I:/DerivedDataCache/1/3/3/TEXTURE_E01F4250BECD420DA9CE63B5EECEC2C2_OODLE_AUTODXT_11_C1ECEA694ACAF71B6F39__14BC8D20C40A84B9AF0CC5A933A6F8274F1CB22A.udd" 2423
"I:/DerivedDataCache/1/7/1/TEXTURE_E01F4250BECD420DA9CE63B5EECEC2C2_OODLE_AUTODXT_11_2FD90EF34A762A73A6B1__2F1147BBC4533C23B7B80B909648371B7A6A50DC.udd" 2424
"I:/DerivedDataCache/5/3/3/TEXTURE_E01F4250BECD420DA9CE63B5EECEC2C2_OODLE_AUTODXT_11_235822FB422B78A6EC14__D75014E7060079DCC3DA30A8F88131B936081C02.udd" 2425
"I:/DerivedDataCache/1/9/8/TEXTURE_E01F4250BECD420DA9CE63B5EECEC2C2_OODLE_AUTODXT_11_6E3A355D43D109F59810__A9978D537BA1CCBB9501B6DC6F6244FD1D793AF8.udd" 2426
"I:/DerivedDataCache/8/0/0/TEXTURE_E01F4250BECD420DA9CE63B5EECEC2C2_OODLE_AUTODXT_11_E9379C304A9D68792AAA__39E19B380362E3E9C8606608EA6B53A571A58B04.udd" 2427
"I:/DerivedDataCache/5/6/6/TEXTURE_E01F4250BECD420DA9CE63B5EECEC2C2_OODLE_AUTODXT_11_6E3A355D43D109F59810__0A43C6A6D9F3EB4F550B40AF16B4E25A2E2CD0F2.udd" 2428
"I:/DerivedDataCache/2/3/0/TEXTURE_E01F4250BECD420DA9CE63B5EECEC2C2_OODLE_AUTODXT_11_6E3A355D43D109F59810__18C85C9DEF1459D599CBEA229C6C9FB589A1011C.udd" 2429
"I:/DerivedDataCache/6/9/2/MATSM_0BA69734E4FD45E082FA4560DBE25454_PCD3D_SM5_8__BC5N_NOCCBN_NOIRIS_DEV_SL___DE763ACF3558F25CE6E2FEEB7F505C4E1E4B8072.udd" 2430
"C:/Users/malco/Desktop/Cloned Reditus/ReditusV.4.27/Content/Pixel2D/Textures/Final/Tiles/T_AnimatedObjects_01.uasset" 2431
"C:/Users/malco/Desktop/Cloned Reditus/ReditusV.4.27/Content/Pixel2D/Sprites/Final/Tileset/S_AnimatedObjects_01_Sprite_13.uasset" 2432
"C:/Users/malco/Desktop/Cloned Reditus/ReditusV.4.27/Content/Pixel2D/Sprites/Final/Tileset/S_AnimatedObjects_01_Sprite_12.uasset" 2433
"C:/Users/malco/Desktop/Cloned Reditus/ReditusV.4.27/Content/Pixel2D/Sprites/Final/Tileset/S_AnimatedObjects_01_Sprite_11.uasset" 2434
"I:/DerivedDataCache/7/1/5/TEXTURE_E01F4250BECD420DA9CE63B5EECEC2C2_BGRA8_36E9E5F04F84BAAD04A07191DE78DC9__047607A8B8C6F82D74DC0CCEF75C7474F62A15A2.udd" 2435
"C:/Users/malco/Desktop/Cloned Reditus/ReditusV.4.27/Content/Pixel2D/FlipBooks/Final/FB_Water.uasset" 2436
"C:/Users/malco/Desktop/Cloned Reditus/ReditusV.4.27/Content/Pixel2D/Sprites/Final/Tileset/S_AnimatedObjects_01_Sprite_22.uasset" 2437
"C:/Users/malco/Desktop/Cloned Reditus/ReditusV.4.27/Content/Pixel2D/Sprites/Final/Tileset/S_AnimatedObjects_01_Sprite_21.uasset" 2438
"C:/Users/malco/Desktop/Cloned Reditus/ReditusV.4.27/Content/Pixel2D/Sprites/Final/Tileset/S_AnimatedObjects_01_Sprite_20.uasset" 2439
"C:/Users/malco/Desktop/Cloned Reditus/ReditusV.4.27/Content/Pixel2D/Sprites/Final/Tileset/S_AnimatedObjects_01_Sprite_24.uasset" 2440
"C:/Users/malco/Desktop/Cloned Reditus/ReditusV.4.27/Content/Pixel2D/Sprites/Final/Tileset/S_AnimatedObjects_01_Sprite_23.uasset" 2441
"C:/Users/malco/Desktop/Cloned Reditus/ReditusV.4.27/Content/Pixel2D/FlipBooks/Final/FB_Lava.uasset" 2442
"C:/Users/malco/Desktop/Cloned Reditus/ReditusV.4.27/Content/Pixel2D/Sprites/Final/Tileset/S_AnimatedObjects_01_Sprite_19.uasset" 2443
"C:/Users/malco/Desktop/Cloned Reditus/ReditusV.4.27/Content/Pixel2D/Sprites/Final/Tileset/S_AnimatedObjects_01_Sprite_10.uasset" 2444
"C:/Users/malco/Desktop/Cloned Reditus/ReditusV.4.27/Content/Pixel2D/Sprites/Final/Tileset/S_AnimatedObjects_01_Sprite_14.uasset" 2445
"C:/Users/malco/Desktop/Cloned Reditus/ReditusV.4.27/Content/Pixel2D/Sprites/Final/Tileset/S_AnimatedObjects_01_Sprite_17.uasset" 2446
"C:/Users/malco/Desktop/Cloned Reditus/ReditusV.4.27/Content/Pixel2D/Sprites/Final/Tileset/S_AnimatedObjects_01_Sprite_18.uasset" 2447
"C:/Users/malco/Desktop/Cloned Reditus/ReditusV.4.27/Content/Pixel2D/Sprites/Final/Tileset/S_AnimatedObjects_01_Sprite_16.uasset" 2448
"C:/Users/malco/Desktop/Cloned Reditus/ReditusV.4.27/Content/Pixel2D/Sprites/Final/Tileset/S_AnimatedObjects_01_Sprite_15.uasset" 2449
"C:/Users/malco/Desktop/Cloned Reditus/ReditusV.4.27/Content/Pixel2D/Sprites/Final/S_Waterfall_05.uasset" 2450
"C:/Users/malco/Desktop/Cloned Reditus/ReditusV.4.27/Content/Pixel2D/FlipBooks/Final/FB_Grass_01.uasset" 2451
"C:/Users/malco/Desktop/Cloned Reditus/ReditusV.4.27/Content/Pixel2D/Sprites/Final/S_Waterfall_04.uasset" 2452
"C:/Users/malco/Desktop/Cloned Reditus/ReditusV.4.27/Content/Pixel2D/Sprites/Final/S_Waterfall_01.uasset" 2453
"C:/Users/malco/Desktop/Cloned Reditus/ReditusV.4.27/Content/Pixel2D/Sprites/Final/S_Waterfall_02.uasset" 2454
"C:/Users/malco/Desktop/Cloned Reditus/ReditusV.4.27/Content/DialogueSystem/DialogueBackgrounds/wwasteland.uasset" 2455
"C:/Users/malco/Desktop/Cloned Reditus/ReditusV.4.27/Content/Pixel2D/Sprites/Final/S_Waterfall_03.uasset" 2456
"../../../Engine/Content/MobileResources/HUD/VirtualJoystick_Thumb.uasset" 2457
"C:/Users/malco/Desktop/Cloned Reditus/ReditusV.4.27/Content/Pixel2D/Textures/Final/Tiles/T_Pixel2DTilesetCombinedPadded.uasset" 2458
"../../../Engine/Content/MobileResources/HUD/VirtualJoystick_Background.uasset" 2459
"../../../Engine/Content/MobileResources/HUD/DefaultVirtualJoysticks.uasset" 2460
"../../../Engine/Content/EditorBlueprintResources/StandardMacros.uasset" 2461
"C:/Users/malco/Desktop/Cloned Reditus/ReditusV.4.27/Content/Pixel2D/Sprites/Final/Tileset/TS_Pixel2DCompleteTileset.uasset" 2462
"C:/Users/malco/Desktop/Cloned Reditus/ReditusV.4.27/Content/Pixel2D/FlipBooks/Final/FB_Waterfall.uasset" 2463
"C:/Users/malco/Desktop/Cloned Reditus/ReditusV.4.27/Content/TurnBasedJRPGTemplate/Blueprints/Structs/S_Thumbnail.uasset" 2464
"C:/Users/malco/Desktop/Cloned Reditus/ReditusV.4.27/Content/TurnBasedJRPGTemplate/Blueprints/Items/BP_ItemBase.uasset" 2465
"C:/Users/malco/Desktop/Cloned Reditus/ReditusV.4.27/Content/TurnBasedJRPGTemplate/Blueprints/Structs/S_UnitStats.uasset" 2466
"C:/Users/malco/Desktop/Cloned Reditus/ReditusV.4.27/Content/TurnBasedJRPGTemplate/Blueprints/Enums/E_EquipmentType.uasset" 2467
"C:/Users/malco/Desktop/Cloned Reditus/ReditusV.4.27/Content/TurnBasedJRPGTemplate/Blueprints/Enums/E_UnitClass.uasset" 2468
"C:/Users/malco/Desktop/Cloned Reditus/ReditusV.4.27/Content/TurnBasedJRPGTemplate/Blueprints/Items/Equipment/Helms/BP_HelmBase.uasset" 2469
"C:/Users/malco/Desktop/Cloned Reditus/ReditusV.4.27/Content/TurnBasedJRPGTemplate/Blueprints/Items/Equipment/Boots/BP_BootsBase.uasset" 2470
"C:/Users/malco/Desktop/Cloned Reditus/ReditusV.4.27/Content/TurnBasedJRPGTemplate/Blueprints/Items/Equipment/Armors/BP_ArmorBase.uasset" 2471
"C:/Users/malco/Desktop/Cloned Reditus/ReditusV.4.27/Content/TurnBasedJRPGTemplate/Blueprints/Items/Equipment/Accesories/BP_AccessoriesBase.uasset" 2472
"I:/DerivedDataCache/6/0/2/TEXTURE_E01F4250BECD420DA9CE63B5EECEC2C2_BGRA8_8F643BE14E39E1B1EA225ABE84FBC76__4E4E571E2BF81DCB0CF6983FBAB29C3736B13697.udd" 2473
"I:/DerivedDataCache/1/6/2/TEXTURE_E01F4250BECD420DA9CE63B5EECEC2C2_OODLE_AUTODXT_11_DFF445A746A0CE97C55F__77484929884A67147F06F398895215F8F199E866.udd" 2474
"C:/Users/malco/Desktop/Cloned Reditus/ReditusV.4.27/Content/TurnBasedJRPGTemplate/Blueprints/Battle/E_BattleResult.uasset" 2475
"I:/DerivedDataCache/1/6/2/TEXTURE_E01F4250BECD420DA9CE63B5EECEC2C2_BGRA8_8F643BE14E39E1B1EA225ABE84FBC76__6D0CD7E9395E5FAA6F75CA922380EE31C9DED092.udd" 2476
"I:/DerivedDataCache/0/9/6/TEXTURE_E01F4250BECD420DA9CE63B5EECEC2C2_BGRA8_8F643BE14E39E1B1EA225ABE84FBC76__B84772231A903DA8A047D1A430C4872669F41536.udd" 2477
"C:/Users/malco/Desktop/Cloned Reditus/ReditusV.4.27/Content/TurnBasedJRPGTemplate/Blueprints/Battle/BP_Camera.uasset" 2478
"I:/DerivedDataCache/4/4/4/TEXTURE_E01F4250BECD420DA9CE63B5EECEC2C2_BGRA8_8F643BE14E39E1B1EA225ABE84FBC76__587AD70FA5E58AA20C3E851240017B5E0498B280.udd" 2479
"C:/Users/malco/Desktop/Cloned Reditus/ReditusV.4.27/Content/TurnBasedJRPGTemplate/Blueprints/Enums/E_RecruitmentEvents.uasset" 2480
"C:/Users/malco/Desktop/Cloned Reditus/ReditusV.4.27/Content/TurnBasedJRPGTemplate/Blueprints/Enums/E_GameState.uasset" 2481
"C:/Users/malco/Desktop/Cloned Reditus/ReditusV.4.27/Content/TurnBasedJRPGTemplate/Blueprints/Enums/E_RobotTermperments.uasset" 2482
"C:/Users/malco/Desktop/Cloned Reditus/ReditusV.4.27/Content/TurnBasedJRPGTemplate/Blueprints/UI/ImagesForMainMenu/T_MenuCursor.uasset" 2483
"../../../Engine/Content/ArtTools/RenderToTexture/Textures/127grey.uasset" 2484
"C:/Users/malco/Desktop/Cloned Reditus/ReditusV.4.27/Plugins/DialoguePlugin/Content/UI/M_DarkenChildWidget.uasset" 2485
"I:/DerivedDataCache/4/9/6/TEXTURE_E01F4250BECD420DA9CE63B5EECEC2C2_BGRA8_8F643BE14E39E1B1EA225ABE84FBC76__CD420AEBA1242FB742D56CECEA9BAC8063F46477.udd" 2486
"C:/Users/malco/Desktop/Cloned Reditus/ReditusV.4.27/Plugins/DialoguePlugin/Content/UI/MI_DarkenChildWidget.uasset" 2487
"C:/Users/malco/Desktop/Cloned Reditus/ReditusV.4.27/Plugins/DialoguePlugin/Content/UI/RichTextStyles.uasset" 2488
"C:/Users/malco/Desktop/Cloned Reditus/ReditusV.4.27/Plugins/DialoguePlugin/Content/UI/DemoReplyWidget.uasset" 2489
"C:/Users/malco/Desktop/Cloned Reditus/ReditusV.4.27/Content/textures/T_DialogueBackground.uasset" 2490
"I:/DerivedDataCache/4/1/3/TEXTURE_E01F4250BECD420DA9CE63B5EECEC2C2_BGRA8_8F643BE14E39E1B1EA225ABE84FBC76__7DE353D6015A51EEE3F669E5294D7263F0F6E861.udd" 2491
"C:/Users/malco/Desktop/Cloned Reditus/ReditusV.4.27/Content/TurnBasedJRPGTemplate/Blueprints/Items/Equipment/BP_EquipmentBase.uasset" 2492
"C:/Users/malco/Desktop/Cloned Reditus/ReditusV.4.27/Content/TurnBasedJRPGTemplate/Blueprints/Items/Equipment/EquipmentMesh/BP_EquipmentMeshBase.uasset" 2493
"C:/Users/malco/Desktop/Cloned Reditus/ReditusV.4.27/Content/TurnBasedJRPGTemplate/Blueprints/Units/BP_UnitBase.uasset" 2494
"C:/Users/malco/Desktop/Cloned Reditus/ReditusV.4.27/Content/Particles/GoodParticleStatus/Blueprint/BP_GoodParticleStatus.uasset" 2495
"C:/Users/malco/Desktop/Cloned Reditus/ReditusV.4.27/Content/TurnBasedJRPGTemplate/Blueprints/Enums/E_AttackWeaponAnimation.uasset" 2496
"C:/Users/malco/Desktop/Cloned Reditus/ReditusV.4.27/Content/TurnBasedJRPGTemplate/Blueprints/Enums/E_EnemyAttackSkillsAnimation.uasset" 2497
"C:/Users/malco/Desktop/Cloned Reditus/ReditusV.4.27/Content/TurnBasedJRPGTemplate/Blueprints/Enums/E_AilmentType.uasset" 2498
"C:/Users/malco/Desktop/Cloned Reditus/ReditusV.4.27/Content/TurnBasedJRPGTemplate/Blueprints/Enums/E_PlayerSkillAnimations.uasset" 2499
"C:/Users/malco/Desktop/Cloned Reditus/ReditusV.4.27/Content/TurnBasedJRPGTemplate/Blueprints/Enums/EnemyWeaknessesStrengths/E_EnemyClass.uasset" 2500
"C:/Users/malco/Desktop/Cloned Reditus/ReditusV.4.27/Content/TurnBasedJRPGTemplate/Blueprints/Enums/E_PlayerOrEnemy.uasset" 2501
"C:/Users/malco/Desktop/Cloned Reditus/ReditusV.4.27/Content/TurnBasedJRPGTemplate/Blueprints/Enums/E_MovementChanged.uasset" 2502
"C:/Users/malco/Desktop/Cloned Reditus/ReditusV.4.27/Content/TurnBasedJRPGTemplate/Blueprints/Enums/E_AttackWeaponParticleEffectPlayer.uasset" 2503
"C:/Users/malco/Desktop/Cloned Reditus/ReditusV.4.27/Content/TurnBasedJRPGTemplate/Blueprints/Enums/PlayerAttackStrengths/E_SkillElementAffinity.uasset" 2504
"C:/Users/malco/Desktop/Cloned Reditus/ReditusV.4.27/Content/Particles/GoodParticleStatus/Blueprint/Enum/Enum_GoodParticleStatus.uasset" 2505
"C:/Users/malco/Desktop/Cloned Reditus/ReditusV.4.27/Content/MapSpriteAssets/AggroIndicator_Sprite.uasset" 2506
"C:/Users/malco/Desktop/Cloned Reditus/ReditusV.4.27/Content/Particles/InfinityBladeEffects/Effects/FX_Materials/Mobile/M_GhostSkull.uasset" 2507
"C:/Users/malco/Desktop/Cloned Reditus/ReditusV.4.27/Content/Particles/InfinityBladeEffects/Effects/FX_Textures/Glyph/T_GhostSkull.uasset" 2508
"C:/Users/malco/Desktop/Cloned Reditus/ReditusV.4.27/Content/Particles/GoodParticleStatus/Particles/Head_Status/PS_GPS_Selecction_01.uasset" 2509
"C:/Users/malco/Desktop/Cloned Reditus/ReditusV.4.27/Content/Particles/GoodParticleStatus/Sources/Materials/M_GPS_MeshColor_Additive.uasset" 2510
"C:/Users/malco/Desktop/Cloned Reditus/ReditusV.4.27/Content/Particles/GoodParticleStatus/Sources/Meshes/SM_GPS_Diamond.uasset" 2511
"C:/Users/malco/Desktop/Cloned Reditus/ReditusV.4.27/Content/Flipbooks/PlayerBattleAnimations/Caeser/ScrapSword/IsDefending/CaeserScrapSwordDefend2.uasset" 2512
"C:/Users/malco/Desktop/Cloned Reditus/ReditusV.4.27/Content/Flipbooks/PlayerBattleAnimations/Caeser/ScrapSword/IsDefending/CaeserScrapSwordDefend1_Sprite_0.uasset" 2513
"C:/Users/malco/Desktop/Cloned Reditus/ReditusV.4.27/Content/Flipbooks/PlayerBattleAnimations/Caeser/ScrapSword/IsDefending/CaeserScrapSwordDefend1.uasset" 2514
"C:/Users/malco/Desktop/Cloned Reditus/ReditusV.4.27/Content/Flipbooks/PlayerBattleAnimations/Caeser/ScrapSword/IsDefending/CaeserScrapSwordDefend1_Sprite_1.uasset" 2515
"C:/Users/malco/Desktop/Cloned Reditus/ReditusV.4.27/Content/Flipbooks/PlayerBattleAnimations/Caeser/ScrapSword/IsDefending/CaeserScrapSwordDefend1_Sprite_2.uasset" 2516
"C:/Users/malco/Desktop/Cloned Reditus/ReditusV.4.27/Content/Flipbooks/PlayerBattleAnimations/Caeser/ScrapSword/IsDefending/CaeserScrapSwordDefend1_Sprite_3.uasset" 2517
"C:/Users/malco/Desktop/Cloned Reditus/ReditusV.4.27/Content/Material/Pixel2dMaterial/MaskedLitSpriteMaterial.uasset" 2518
"../../Plugins/2D/Paper2D/Content/DefaultLitSpriteMaterial.uasset" 2519
"../../Plugins/2D/Paper2D/Content/PlaceholderTextures/FlatNormalMap.uasset" 2520
"C:/Users/malco/Desktop/Cloned Reditus/ReditusV.4.27/Content/NeedToRemove/UnnecessaryContent/ThirdPersonContent/Mannequin/Character/Mesh/SK_Mannequin.uasset" 2521
"C:/Users/malco/Desktop/Cloned Reditus/ReditusV.4.27/Content/NeedToRemove/UnnecessaryContent/ThirdPersonContent/Mannequin/Character/Mesh/SK_Mannequin_PhysicsAsset.uasset" 2522
"C:/Users/malco/Desktop/Cloned Reditus/ReditusV.4.27/Content/NeedToRemove/UnnecessaryContent/ThirdPersonContent/Mannequin/Character/Mesh/UE4_Mannequin_Skeleton.uasset" 2523
"C:/Users/malco/Desktop/Cloned Reditus/ReditusV.4.27/Content/TurnBasedJRPGTemplate/Blueprints/UI/BP_TargetIcon.uasset" 2524
"C:/Users/malco/Desktop/Cloned Reditus/ReditusV.4.27/Content/TurnBasedJRPGTemplate/Blueprints/UI/ImagesForMainMenu/MenuCursor2.uasset" 2525
"C:/Users/malco/Desktop/Cloned Reditus/ReditusV.4.27/Content/TurnBasedJRPGTemplate/Materials/M_JRPGWidget3DPassThrough_Masked_OneSided.uasset" 2526
"C:/Users/malco/Desktop/Cloned Reditus/ReditusV.4.27/Content/TurnBasedJRPGTemplate/Materials/M_JRPGWidget3DPassThrough_Opaque.uasset" 2527
"C:/Users/malco/Desktop/Cloned Reditus/ReditusV.4.27/Content/TurnBasedJRPGTemplate/Materials/M_JRPGWidget3DPassThrough.uasset" 2528
"C:/Users/malco/Desktop/Cloned Reditus/ReditusV.4.27/Content/TurnBasedJRPGTemplate/Blueprints/Enums/E_ActionType.uasset" 2529
"C:/Users/malco/Desktop/Cloned Reditus/ReditusV.4.27/Content/TurnBasedJRPGTemplate/Blueprints/Enums/E_SelectType.uasset" 2530
"C:/Users/malco/Desktop/Cloned Reditus/ReditusV.4.27/Content/TurnBasedJRPGTemplate/Blueprints/Structs/S_PlayerUnitData.uasset" 2531
"C:/Users/malco/Desktop/Cloned Reditus/ReditusV.4.27/Content/TurnBasedJRPGTemplate/Blueprints/Items/Equipment/Weapons/BP_WeaponBase.uasset" 2532
"C:/Users/malco/Desktop/Cloned Reditus/ReditusV.4.27/Content/TurnBasedJRPGTemplate/Blueprints/Battle/BP_BattleController.uasset" 2533
"C:/Users/malco/Desktop/Cloned Reditus/ReditusV.4.27/Content/TurnBasedJRPGTemplate/Blueprints/Skills/BP_BattleTechsBase.uasset" 2534
"C:/Users/malco/Desktop/Cloned Reditus/ReditusV.4.27/Content/TurnBasedJRPGTemplate/Blueprints/Skills/Buffs/BP_BuffBase.uasset" 2535
"C:/Users/malco/Desktop/Cloned Reditus/ReditusV.4.27/Content/TurnBasedJRPGTemplate/Blueprints/Units/EnemyUnits/S_EnemyUnitSpawnDataList.uasset" 2536
"C:/Users/malco/Desktop/Cloned Reditus/ReditusV.4.27/Content/TurnBasedJRPGTemplate/Blueprints/Units/EnemyUnits/BP_EnemyUnitBase.uasset" 2537
"C:/Users/malco/Desktop/Cloned Reditus/ReditusV.4.27/Content/TurnBasedJRPGTemplate/Blueprints/Controllers/BP_JRPGFunctionLibrary.uasset" 2538
"C:/Users/malco/Desktop/Cloned Reditus/ReditusV.4.27/Content/TurnBasedJRPGTemplate/Blueprints/Controllers/BP_JRPGPlayerController.uasset" 2539
"C:/Users/malco/Desktop/Cloned Reditus/ReditusV.4.27/Content/TurnBasedJRPGTemplate/Blueprints/Items/UsableItems/BP_UsableItemBase.uasset" 2540
"C:/Users/malco/Desktop/Cloned Reditus/ReditusV.4.27/Content/TurnBasedJRPGTemplate/Blueprints/Enums/E_UnitFilter.uasset" 2541
"C:/Users/malco/Desktop/Cloned Reditus/ReditusV.4.27/Content/TurnBasedJRPGTemplate/Blueprints/Skills/D_DamageType.uasset" 2542
"C:/Users/malco/Desktop/Cloned Reditus/ReditusV.4.27/Content/TurnBasedJRPGTemplate/Blueprints/Skills/E_SkillType.uasset" 2543
"C:/Users/malco/Desktop/Cloned Reditus/ReditusV.4.27/Content/TurnBasedJRPGTemplate/Blueprints/Quests/BP_QuestBase.uasset" 2544
"C:/Users/malco/Desktop/Cloned Reditus/ReditusV.4.27/Content/TurnBasedJRPGTemplate/Blueprints/Structs/S_QuestRewards.uasset" 2545
"C:/Users/malco/Desktop/Cloned Reditus/ReditusV.4.27/Content/TurnBasedJRPGTemplate/Blueprints/Items/BP_RecipeItemBase.uasset" 2546
"C:/Users/malco/Desktop/Cloned Reditus/ReditusV.4.27/Content/TurnBasedJRPGTemplate/Blueprints/Items/MiscItems/BP_MiscItemBase.uasset" 2547
"C:/Users/malco/Desktop/Cloned Reditus/ReditusV.4.27/Content/TurnBasedJRPGTemplate/Blueprints/Structs/S_QuestSounds.uasset" 2548
"C:/Users/malco/Desktop/Cloned Reditus/ReditusV.4.27/Content/TurnBasedJRPGTemplate/Blueprints/Quests/HuntingQuests/BP_HuntingQuestBase.uasset" 2549
"C:/Users/malco/Desktop/Cloned Reditus/ReditusV.4.27/Content/TurnBasedJRPGTemplate/Blueprints/Quests/ItemQuests/BP_ItemQuestBase.uasset" 2550
"C:/Users/malco/Desktop/Cloned Reditus/ReditusV.4.27/Content/OverworldBlueprints/Components/BP_PixelCharacterMovementComponent.uasset" 2551
"C:/Users/malco/Desktop/Cloned Reditus/ReditusV.4.27/Content/TurnBasedJRPGTemplate/Blueprints/PlayerPawns/BP_JRPGCharacterBase.uasset" 2552
"C:/Users/malco/Desktop/Cloned Reditus/ReditusV.4.27/Content/OverworldBlueprints/FadeCameraOccluders/Blueprints/FadeCameraOccluders.uasset" 2553
"C:/Users/malco/Desktop/Cloned Reditus/ReditusV.4.27/Content/OverworldBlueprints/FadeCameraOccluders/Blueprints/BP_FlipbookTransition.uasset" 2554
"C:/Users/malco/Desktop/Cloned Reditus/ReditusV.4.27/Content/OverworldBlueprints/FadeCameraOccluders/Blueprints/DATA_FCO_OccluderCategory.uasset" 2555
"C:/Users/malco/Desktop/Cloned Reditus/ReditusV.4.27/Content/OverworldBlueprints/FadeCameraOccluders/Blueprints/STRUCT_FCO_OccluderCategory.uasset" 2556
"C:/Users/malco/Desktop/Cloned Reditus/ReditusV.4.27/Content/Material/Pixel2dMaterial/TrannyTree.uasset" 2557
"C:/Users/malco/Desktop/Cloned Reditus/ReditusV.4.27/Content/OverworldBlueprints/FadeCameraOccluders/Blueprints/BP_MeshTransition.uasset" 2558
"C:/Users/malco/Desktop/Cloned Reditus/ReditusV.4.27/Content/Material/MasterMaterial/REDITUS_M_Material.uasset" 2559
"../../../Engine/Content/Functions/Engine_MaterialFunctions01/Texturing/FlattenNormal.uasset" 2560
"C:/Users/malco/Desktop/Cloned Reditus/ReditusV.4.27/Content/Material/PostProcessingMaterial/MaskedOcclusion/MaskedOcclusion_MF.uasset" 2561
"C:/Users/malco/Desktop/Cloned Reditus/ReditusV.4.27/Content/Material/PostProcessingMaterial/MaskedOcclusion/MaskedOcclusion_MP.uasset" 2562
"C:/Users/malco/Desktop/Cloned Reditus/ReditusV.4.27/Content/textures/Particles/T_Clouds_01.uasset" 2563
"C:/Users/malco/Desktop/Cloned Reditus/ReditusV.4.27/Content/StaticMeshes/PrologueMeshes/HD2D3DPixelArtMeshes/Update2/TileSheet/T_RPGTown_TileSheet_01_E.uasset" 2564
"C:/Users/malco/Desktop/Cloned Reditus/ReditusV.4.27/Content/StaticMeshes/PrologueMeshes/HD2D3DPixelArtMeshes/Update2/TileSheet/T_RPGTown_TileSheet_01_M.uasset" 2565
"C:/Users/malco/Desktop/Cloned Reditus/ReditusV.4.27/Content/textures/Cobblestone/CBS_R.uasset" 2566
"C:/Users/malco/Desktop/Cloned Reditus/ReditusV.4.27/Content/textures/Cobblestone/CBS_specular.uasset" 2567
"C:/Users/malco/Desktop/Cloned Reditus/ReditusV.4.27/Content/textures/HeremusMapTexture/T_RedittCampGroundBase.uasset" 2568
"C:/Users/malco/Desktop/Cloned Reditus/ReditusV.4.27/Content/textures/RedittCampGround_Normal_Map.uasset" 2569
"C:/Users/malco/Desktop/Cloned Reditus/ReditusV.4.27/Content/OverworldBlueprints/FadeCameraOccluders/Blueprints/BP_PaperSpriteTransition.uasset" 2570
"C:/Users/malco/Desktop/Cloned Reditus/ReditusV.4.27/Content/OverworldBlueprints/FadeCameraOccluders/Blueprints/BP_SkeletalTransition.uasset" 2571
"C:/Users/malco/Desktop/Cloned Reditus/ReditusV.4.27/Content/OverworldBlueprints/FadeCameraOccluders/Materials/M_FCO_MeshFade.uasset" 2572
"C:/Users/malco/Desktop/Cloned Reditus/ReditusV.4.27/Content/OverworldBlueprints/FadeCameraOccluders/Blueprints/ActorToIgnore.uasset" 2573
"C:/Users/malco/Desktop/Cloned Reditus/ReditusV.4.27/Content/OverworldBlueprints/FadeCameraOccluders/Blueprints/STRUCT_FCO_FlipbookOccluder.uasset" 2574
"C:/Users/malco/Desktop/Cloned Reditus/ReditusV.4.27/Content/OverworldBlueprints/FadeCameraOccluders/Blueprints/STRUCT_FCO_MeshOccluder.uasset" 2575
"C:/Users/malco/Desktop/Cloned Reditus/ReditusV.4.27/Content/OverworldBlueprints/FadeCameraOccluders/Blueprints/STRUCT_FCO_PaperSpriteOccluder.uasset" 2576
"C:/Users/malco/Desktop/Cloned Reditus/ReditusV.4.27/Content/OverworldBlueprints/FadeCameraOccluders/Blueprints/STRUCT_FCO_SkeletalOccluder.uasset" 2577
"C:/Users/malco/Desktop/Cloned Reditus/ReditusV.4.27/Content/PushableActorProject/Blueprints/BasicPush/AC_PushCharacter.uasset" 2578
"C:/Users/malco/Desktop/Cloned Reditus/ReditusV.4.27/Content/PushableActorProject/Blueprints/BasicPush/BP_PushPawn.uasset" 2579
"C:/Users/malco/Desktop/Cloned Reditus/ReditusV.4.27/Content/PushableActorProject/Blueprints/BasicPush/BP_PushCameraShake.uasset" 2580
"C:/Users/malco/Desktop/Cloned Reditus/ReditusV.4.27/Content/PushableActorProject/Blueprints/BasicPush/BP_PushRotator.uasset" 2581
"../../../Engine/Content/EditorMaterials/TargetIcon.uasset" 2582
"C:/Users/malco/Desktop/Cloned Reditus/ReditusV.4.27/Content/PushableActorProject/Blueprints/BasicPush/BPI_PushActor.uasset" 2583
"C:/Users/malco/Desktop/Cloned Reditus/ReditusV.4.27/Content/PushableActorProject/Blueprints/BasicPush/Struct_PushActor.uasset" 2584
"C:/Users/malco/Desktop/Cloned Reditus/ReditusV.4.27/Content/PushableActorProject/Blueprints/BasicPush/Struct_PushOptions.uasset" 2585
"C:/Users/malco/Desktop/Cloned Reditus/ReditusV.4.27/Content/TurnBasedJRPGTemplate/Blueprints/PlayerPawns/BP_AirloftCharacter.uasset" 2586
"C:/Users/malco/Desktop/Cloned Reditus/ReditusV.4.27/Content/TurnBasedJRPGTemplate/Animations/A_ThirdPerson_AnimBP.uasset" 2587
"C:/Users/malco/Desktop/Cloned Reditus/ReditusV.4.27/Content/TurnBasedJRPGTemplate/Animations/A_ThirdPerson_IdleRun_2D.uasset" 2588
"C:/Users/malco/Desktop/Cloned Reditus/ReditusV.4.27/Content/TurnBasedJRPGTemplate/Animations/A_ThirdPersonIdle.uasset" 2589
"C:/Users/malco/Desktop/Cloned Reditus/ReditusV.4.27/Content/TurnBasedJRPGTemplate/Meshes/UE4_Mannequin_Skeleton.uasset" 2590
"C:/Users/malco/Desktop/Cloned Reditus/ReditusV.4.27/Content/TurnBasedJRPGTemplate/Animations/A_ThirdPersonRun.uasset" 2591
"C:/Users/malco/Desktop/Cloned Reditus/ReditusV.4.27/Content/TurnBasedJRPGTemplate/Animations/A_ThirdPersonWalk.uasset" 2592
"C:/Users/malco/Desktop/Cloned Reditus/ReditusV.4.27/Content/TurnBasedJRPGTemplate/Materials/M_BlueBody.uasset" 2593
"C:/Users/malco/Desktop/Cloned Reditus/ReditusV.4.27/Content/Flipbooks/OverworldPlayerCharacterFlipbooks/Drone/DroneIdleMoving_FB.uasset" 2594
"C:/Users/malco/Desktop/Cloned Reditus/ReditusV.4.27/Content/Flipbooks/OverworldPlayerCharacterFlipbooks/Drone/Drone_Sprite_0.uasset" 2595
"C:/Users/malco/Desktop/Cloned Reditus/ReditusV.4.27/Content/Flipbooks/OverworldPlayerCharacterFlipbooks/Drone/Drone.uasset" 2596
"C:/Users/malco/Desktop/Cloned Reditus/ReditusV.4.27/Content/Flipbooks/OverworldPlayerCharacterFlipbooks/Drone/Drone_Sprite_1.uasset" 2597
"C:/Users/malco/Desktop/Cloned Reditus/ReditusV.4.27/Content/Flipbooks/OverworldPlayerCharacterFlipbooks/Drone/Drone_Sprite_10.uasset" 2598
"../../Plugins/2D/Paper2D/Content/TranslucentUnlitSpriteMaterial.uasset" 2599
"C:/Users/malco/Desktop/Cloned Reditus/ReditusV.4.27/Content/Flipbooks/OverworldPlayerCharacterFlipbooks/Drone/Drone_Sprite_11.uasset" 2600
"C:/Users/malco/Desktop/Cloned Reditus/ReditusV.4.27/Content/Flipbooks/OverworldPlayerCharacterFlipbooks/Drone/Drone_Sprite_12.uasset" 2601
"C:/Users/malco/Desktop/Cloned Reditus/ReditusV.4.27/Content/Flipbooks/OverworldPlayerCharacterFlipbooks/Drone/Drone_Sprite_13.uasset" 2602
"C:/Users/malco/Desktop/Cloned Reditus/ReditusV.4.27/Content/Flipbooks/OverworldPlayerCharacterFlipbooks/Drone/Drone_Sprite_14.uasset" 2603
"C:/Users/malco/Desktop/Cloned Reditus/ReditusV.4.27/Content/Flipbooks/OverworldPlayerCharacterFlipbooks/Drone/Drone_Sprite_15.uasset" 2604
"C:/Users/malco/Desktop/Cloned Reditus/ReditusV.4.27/Content/Flipbooks/OverworldPlayerCharacterFlipbooks/Drone/Drone_Sprite_2.uasset" 2605
"C:/Users/malco/Desktop/Cloned Reditus/ReditusV.4.27/Content/Flipbooks/OverworldPlayerCharacterFlipbooks/Drone/Drone_Sprite_3.uasset" 2606
"C:/Users/malco/Desktop/Cloned Reditus/ReditusV.4.27/Content/Flipbooks/OverworldPlayerCharacterFlipbooks/Drone/Drone_Sprite_4.uasset" 2607
"C:/Users/malco/Desktop/Cloned Reditus/ReditusV.4.27/Content/Flipbooks/OverworldPlayerCharacterFlipbooks/Drone/Drone_Sprite_5.uasset" 2608
"C:/Users/malco/Desktop/Cloned Reditus/ReditusV.4.27/Content/Flipbooks/OverworldPlayerCharacterFlipbooks/Drone/Drone_Sprite_6.uasset" 2609
"C:/Users/malco/Desktop/Cloned Reditus/ReditusV.4.27/Content/Flipbooks/OverworldPlayerCharacterFlipbooks/Drone/Drone_Sprite_7.uasset" 2610
"C:/Users/malco/Desktop/Cloned Reditus/ReditusV.4.27/Content/Flipbooks/OverworldPlayerCharacterFlipbooks/Drone/Drone_Sprite_8.uasset" 2611
"C:/Users/malco/Desktop/Cloned Reditus/ReditusV.4.27/Content/Flipbooks/OverworldPlayerCharacterFlipbooks/Drone/Drone_Sprite_9.uasset" 2612
"C:/Users/malco/Desktop/Cloned Reditus/ReditusV.4.27/Content/OverworldBlueprints/PlayerCharacter/PlayerParty/AirloftCharacterAnimBP.uasset" 2613
"C:/Users/malco/Desktop/Cloned Reditus/ReditusV.4.27/Content/Flipbooks/OverworldPlayerCharacterFlipbooks/Drone/Cloaked/AirloftCloaked_FB.uasset" 2614
"C:/Users/malco/Desktop/Cloned Reditus/ReditusV.4.27/Content/Flipbooks/OverworldPlayerCharacterFlipbooks/Drone/Cloaked/AirloftCloaked_Sprite_1.uasset" 2615
"C:/Users/malco/Desktop/Cloned Reditus/ReditusV.4.27/Content/Flipbooks/OverworldPlayerCharacterFlipbooks/Drone/Cloaked/AirloftCloaked.uasset" 2616
"C:/Users/malco/Desktop/Cloned Reditus/ReditusV.4.27/Content/Flipbooks/OverworldPlayerCharacterFlipbooks/Drone/Cloaked/AirloftCloaked_Sprite_10.uasset" 2617
"C:/Users/malco/Desktop/Cloned Reditus/ReditusV.4.27/Content/Flipbooks/OverworldPlayerCharacterFlipbooks/Drone/Cloaked/AirloftCloaked_Sprite_11.uasset" 2618
"C:/Users/malco/Desktop/Cloned Reditus/ReditusV.4.27/Content/Flipbooks/OverworldPlayerCharacterFlipbooks/Drone/Cloaked/AirloftCloaked_Sprite_12.uasset" 2619
"C:/Users/malco/Desktop/Cloned Reditus/ReditusV.4.27/Content/Flipbooks/OverworldPlayerCharacterFlipbooks/Drone/Cloaked/AirloftCloaked_Sprite_13.uasset" 2620
"C:/Users/malco/Desktop/Cloned Reditus/ReditusV.4.27/Content/Flipbooks/OverworldPlayerCharacterFlipbooks/Drone/Cloaked/AirloftCloaked_Sprite_14.uasset" 2621
"C:/Users/malco/Desktop/Cloned Reditus/ReditusV.4.27/Content/Flipbooks/OverworldPlayerCharacterFlipbooks/Drone/Cloaked/AirloftCloaked_Sprite_15.uasset" 2622
"C:/Users/malco/Desktop/Cloned Reditus/ReditusV.4.27/Content/Flipbooks/OverworldPlayerCharacterFlipbooks/Drone/Cloaked/AirloftCloaked_Sprite_2.uasset" 2623
"C:/Users/malco/Desktop/Cloned Reditus/ReditusV.4.27/Content/Flipbooks/OverworldPlayerCharacterFlipbooks/Drone/Cloaked/AirloftCloaked_Sprite_3.uasset" 2624
"C:/Users/malco/Desktop/Cloned Reditus/ReditusV.4.27/Content/Flipbooks/OverworldPlayerCharacterFlipbooks/Drone/Cloaked/AirloftCloaked_Sprite_4.uasset" 2625
"C:/Users/malco/Desktop/Cloned Reditus/ReditusV.4.27/Content/Flipbooks/OverworldPlayerCharacterFlipbooks/Drone/Cloaked/AirloftCloaked_Sprite_5.uasset" 2626
"C:/Users/malco/Desktop/Cloned Reditus/ReditusV.4.27/Content/Flipbooks/OverworldPlayerCharacterFlipbooks/Drone/Cloaked/AirloftCloaked_Sprite_6.uasset" 2627
"C:/Users/malco/Desktop/Cloned Reditus/ReditusV.4.27/Content/Flipbooks/OverworldPlayerCharacterFlipbooks/Drone/Cloaked/AirloftCloaked_Sprite_7.uasset" 2628
"C:/Users/malco/Desktop/Cloned Reditus/ReditusV.4.27/Content/Flipbooks/OverworldPlayerCharacterFlipbooks/Drone/Cloaked/AirloftCloaked_Sprite_8.uasset" 2629
"C:/Users/malco/Desktop/Cloned Reditus/ReditusV.4.27/Content/Flipbooks/OverworldPlayerCharacterFlipbooks/Drone/Cloaked/AirloftCloaked_Sprite_9.uasset" 2630
"C:/Users/malco/Desktop/Cloned Reditus/ReditusV.4.27/Content/Flipbooks/OverworldPlayerCharacterFlipbooks/Drone/Cloaked/AirloftCloaking_FB.uasset" 2631
"C:/Users/malco/Desktop/Cloned Reditus/ReditusV.4.27/Content/Flipbooks/OverworldPlayerCharacterFlipbooks/Drone/Cloaked/AirloftCloaked_Sprite_0.uasset" 2632
"C:/Users/malco/Desktop/Cloned Reditus/ReditusV.4.27/Content/TurnBasedJRPGTemplate/Blueprints/Enums/E_Push_LIft_Directions.uasset" 2633
"C:/Users/malco/Desktop/Cloned Reditus/ReditusV.4.27/Content/TurnBasedJRPGTemplate/Meshes/SK_Mannequin.uasset" 2634
"C:/Users/malco/Desktop/Cloned Reditus/ReditusV.4.27/Content/TurnBasedJRPGTemplate/Meshes/SK_Mannequin_PhysicsAsset.uasset" 2635
"C:/Users/malco/Desktop/Cloned Reditus/ReditusV.4.27/Content/TurnBasedJRPGTemplate/Blueprints/PlayerPawns/BP_MacyCharacter.uasset" 2636
"C:/Users/malco/Desktop/Cloned Reditus/ReditusV.4.27/Content/TurnBasedJRPGTemplate/Blueprints/Units/PlayerUnits/BP_AugustusPlayerUnit.uasset" 2637
"C:/Users/malco/Desktop/Cloned Reditus/ReditusV.4.27/Content/TurnBasedJRPGTemplate/Animations/A_BattleAnimationBlueprint.uasset" 2638
"C:/Users/malco/Desktop/Cloned Reditus/ReditusV.4.27/Content/TurnBasedJRPGTemplate/Animations/AM_GetHit.uasset" 2639
"C:/Users/malco/Desktop/Cloned Reditus/ReditusV.4.27/Content/TurnBasedJRPGTemplate/Animations/A_GetHit.uasset" 2640
"C:/Users/malco/Desktop/Cloned Reditus/ReditusV.4.27/Content/TurnBasedJRPGTemplate/Animations/AM_Idle.uasset" 2641
"C:/Users/malco/Desktop/Cloned Reditus/ReditusV.4.27/Content/TurnBasedJRPGTemplate/Animations/AM_Intro.uasset" 2642
"C:/Users/malco/Desktop/Cloned Reditus/ReditusV.4.27/Content/TurnBasedJRPGTemplate/Animations/AM_ItemUse.uasset" 2643
"C:/Users/malco/Desktop/Cloned Reditus/ReditusV.4.27/Content/TurnBasedJRPGTemplate/Animations/AM_RangeAttack.uasset" 2644
"C:/Users/malco/Desktop/Cloned Reditus/ReditusV.4.27/Content/TurnBasedJRPGTemplate/Animations/A_RangeAttack.uasset" 2645
"C:/Users/malco/Desktop/Cloned Reditus/ReditusV.4.27/Content/TurnBasedJRPGTemplate/Animations/AM_Stun.uasset" 2646
"C:/Users/malco/Desktop/Cloned Reditus/ReditusV.4.27/Content/TurnBasedJRPGTemplate/Animations/A_Die.uasset" 2647
"C:/Users/malco/Desktop/Cloned Reditus/ReditusV.4.27/Content/TurnBasedJRPGTemplate/Blueprints/PlayerPawns/BP_AugustusCharacter.uasset" 2648
"C:/Users/malco/Desktop/Cloned Reditus/ReditusV.4.27/Content/TurnBasedJRPGTemplate/Materials/M_BlackBody.uasset" 2649
"C:/Users/malco/Desktop/Cloned Reditus/ReditusV.4.27/Content/Flipbooks/OverworldPlayerCharacterFlipbooks/Augustus/front/AugustusFrontIdle.uasset" 2650
"../../Plugins/2D/Paper2D/Content/MaskedLitSpriteMaterial.uasset" 2651
"C:/Users/malco/Desktop/Cloned Reditus/ReditusV.4.27/Content/Flipbooks/OverworldPlayerCharacterFlipbooks/Augustus/front/front_1_Sprite.uasset" 2652
"C:/Users/malco/Desktop/Cloned Reditus/ReditusV.4.27/Content/Flipbooks/OverworldPlayerCharacterFlipbooks/Augustus/front/front_1.uasset" 2653
"C:/Users/malco/Desktop/Cloned Reditus/ReditusV.4.27/Content/OverworldBlueprints/PlayerCharacter/PlayerParty/AugustusCharacterAnimBP.uasset" 2654
"C:/Users/malco/Desktop/Cloned Reditus/ReditusV.4.27/Content/Flipbooks/OverworldPlayerCharacterFlipbooks/Augustus/back/AugustusBack.uasset" 2655
"C:/Users/malco/Desktop/Cloned Reditus/ReditusV.4.27/Content/Material/Pixel2dMaterial/MaskedUnlitSpriteMaterial.uasset" 2656
"C:/Users/malco/Desktop/Cloned Reditus/ReditusV.4.27/Content/Flipbooks/OverworldPlayerCharacterFlipbooks/Augustus/back/back_1_Sprite.uasset" 2657
"C:/Users/malco/Desktop/Cloned Reditus/ReditusV.4.27/Content/Flipbooks/OverworldPlayerCharacterFlipbooks/Augustus/back/back_1.uasset" 2658
"C:/Users/malco/Desktop/Cloned Reditus/ReditusV.4.27/Content/Flipbooks/OverworldPlayerCharacterFlipbooks/Augustus/back/back_2_Sprite.uasset" 2659
"C:/Users/malco/Desktop/Cloned Reditus/ReditusV.4.27/Content/Flipbooks/OverworldPlayerCharacterFlipbooks/Augustus/back/back_2.uasset" 2660
"C:/Users/malco/Desktop/Cloned Reditus/ReditusV.4.27/Content/Flipbooks/OverworldPlayerCharacterFlipbooks/Augustus/back/back_3_Sprite.uasset" 2661
"C:/Users/malco/Desktop/Cloned Reditus/ReditusV.4.27/Content/Flipbooks/OverworldPlayerCharacterFlipbooks/Augustus/back/back_3.uasset" 2662
"C:/Users/malco/Desktop/Cloned Reditus/ReditusV.4.27/Content/Flipbooks/OverworldPlayerCharacterFlipbooks/Augustus/back/AugustusBackIdle.uasset" 2663
"C:/Users/malco/Desktop/Cloned Reditus/ReditusV.4.27/Content/Flipbooks/OverworldPlayerCharacterFlipbooks/Augustus/Carry/AugustusCarryBack_FB.uasset" 2664
"C:/Users/malco/Desktop/Cloned Reditus/ReditusV.4.27/Content/Flipbooks/OverworldPlayerCharacterFlipbooks/Augustus/Carry/PickUp_Walking_Finished_Sprite_10.uasset" 2665
"C:/Users/malco/Desktop/Cloned Reditus/ReditusV.4.27/Content/Flipbooks/OverworldPlayerCharacterFlipbooks/Augustus/Carry/PickUp_Walking_Finished.uasset" 2666
"C:/Users/malco/Desktop/Cloned Reditus/ReditusV.4.27/Content/Flipbooks/OverworldPlayerCharacterFlipbooks/Augustus/Carry/PickUp_Walking_Finished_Sprite_11.uasset" 2667
"C:/Users/malco/Desktop/Cloned Reditus/ReditusV.4.27/Content/Flipbooks/OverworldPlayerCharacterFlipbooks/Augustus/Carry/PickUp_Walking_Finished_Sprite_9.uasset" 2668
"C:/Users/malco/Desktop/Cloned Reditus/ReditusV.4.27/Content/Flipbooks/OverworldPlayerCharacterFlipbooks/Augustus/Carry/AugustusCarryBackIdle_FB.uasset" 2669
"C:/Users/malco/Desktop/Cloned Reditus/ReditusV.4.27/Content/Flipbooks/OverworldPlayerCharacterFlipbooks/Augustus/Carry/AugustusCarryFront_FB.uasset" 2670
"C:/Users/malco/Desktop/Cloned Reditus/ReditusV.4.27/Content/Flipbooks/OverworldPlayerCharacterFlipbooks/Augustus/Carry/PickUp_Walking_Finished_Sprite_0.uasset" 2671
"C:/Users/malco/Desktop/Cloned Reditus/ReditusV.4.27/Content/Flipbooks/OverworldPlayerCharacterFlipbooks/Augustus/Carry/PickUp_Walking_Finished_Sprite_1.uasset" 2672
"C:/Users/malco/Desktop/Cloned Reditus/ReditusV.4.27/Content/Flipbooks/OverworldPlayerCharacterFlipbooks/Augustus/Carry/PickUp_Walking_Finished_Sprite_2.uasset" 2673
"C:/Users/malco/Desktop/Cloned Reditus/ReditusV.4.27/Content/Flipbooks/OverworldPlayerCharacterFlipbooks/Augustus/Carry/AugustusCarryFrontIdle_FB.uasset" 2674
"C:/Users/malco/Desktop/Cloned Reditus/ReditusV.4.27/Content/Flipbooks/OverworldPlayerCharacterFlipbooks/Augustus/Carry/AugustusCarryLeft_FB.uasset" 2675
"C:/Users/malco/Desktop/Cloned Reditus/ReditusV.4.27/Content/Flipbooks/OverworldPlayerCharacterFlipbooks/Augustus/Carry/PickUp_Walking_Finished_Sprite_3.uasset" 2676
"C:/Users/malco/Desktop/Cloned Reditus/ReditusV.4.27/Content/Flipbooks/OverworldPlayerCharacterFlipbooks/Augustus/Carry/PickUp_Walking_Finished_Sprite_4.uasset" 2677
"C:/Users/malco/Desktop/Cloned Reditus/ReditusV.4.27/Content/Flipbooks/OverworldPlayerCharacterFlipbooks/Augustus/Carry/PickUp_Walking_Finished_Sprite_5.uasset" 2678
"C:/Users/malco/Desktop/Cloned Reditus/ReditusV.4.27/Content/Flipbooks/OverworldPlayerCharacterFlipbooks/Augustus/Carry/AugustusCarryRight_FB.uasset" 2679
"C:/Users/malco/Desktop/Cloned Reditus/ReditusV.4.27/Content/Flipbooks/OverworldPlayerCharacterFlipbooks/Augustus/Carry/PickUp_Walking_Finished_Sprite_6.uasset" 2680
"C:/Users/malco/Desktop/Cloned Reditus/ReditusV.4.27/Content/Flipbooks/OverworldPlayerCharacterFlipbooks/Augustus/Carry/PickUp_Walking_Finished_Sprite_7.uasset" 2681
"C:/Users/malco/Desktop/Cloned Reditus/ReditusV.4.27/Content/Flipbooks/OverworldPlayerCharacterFlipbooks/Augustus/Carry/PickUp_Walking_Finished_Sprite_8.uasset" 2682
"C:/Users/malco/Desktop/Cloned Reditus/ReditusV.4.27/Content/Flipbooks/OverworldPlayerCharacterFlipbooks/Augustus/Carry/AugustusCarryRightIdle_FB.uasset" 2683
"C:/Users/malco/Desktop/Cloned Reditus/ReditusV.4.27/Content/Flipbooks/OverworldPlayerCharacterFlipbooks/Augustus/Carry/AugustusLeftCarryIdle_FB.uasset" 2684
"C:/Users/malco/Desktop/Cloned Reditus/ReditusV.4.27/Content/Flipbooks/OverworldPlayerCharacterFlipbooks/Augustus/front/AugustusFront.uasset" 2685
"C:/Users/malco/Desktop/Cloned Reditus/ReditusV.4.27/Content/Flipbooks/OverworldPlayerCharacterFlipbooks/Augustus/front/front_3_Sprite.uasset" 2686
"C:/Users/malco/Desktop/Cloned Reditus/ReditusV.4.27/Content/Flipbooks/OverworldPlayerCharacterFlipbooks/Augustus/front/front_3.uasset" 2687
"C:/Users/malco/Desktop/Cloned Reditus/ReditusV.4.27/Content/Flipbooks/OverworldPlayerCharacterFlipbooks/Augustus/front/fronts_2_Sprite.uasset" 2688
"C:/Users/malco/Desktop/Cloned Reditus/ReditusV.4.27/Content/Flipbooks/OverworldPlayerCharacterFlipbooks/Augustus/front/fronts_2.uasset" 2689
"C:/Users/malco/Desktop/Cloned Reditus/ReditusV.4.27/Content/Flipbooks/OverworldPlayerCharacterFlipbooks/Augustus/Jumping/AugustusBackFalling_FB.uasset" 2690
"C:/Users/malco/Desktop/Cloned Reditus/ReditusV.4.27/Content/Flipbooks/OverworldPlayerCharacterFlipbooks/Augustus/Jumping/jumping_sprite_sheet_Sprite_11.uasset" 2691
"C:/Users/malco/Desktop/Cloned Reditus/ReditusV.4.27/Content/Flipbooks/OverworldPlayerCharacterFlipbooks/Augustus/Jumping/jumping_sprite_sheet.uasset" 2692
"C:/Users/malco/Desktop/Cloned Reditus/ReditusV.4.27/Content/Flipbooks/OverworldPlayerCharacterFlipbooks/Augustus/Jumping/jumping_sprite_sheet_Sprite_15.uasset" 2693
"C:/Users/malco/Desktop/Cloned Reditus/ReditusV.4.27/Content/Flipbooks/OverworldPlayerCharacterFlipbooks/Augustus/Jumping/jumping_sprite_sheet_Sprite_19.uasset" 2694
"C:/Users/malco/Desktop/Cloned Reditus/ReditusV.4.27/Content/Flipbooks/OverworldPlayerCharacterFlipbooks/Augustus/Jumping/AugustusFrontFalling_FB.uasset" 2695
"C:/Users/malco/Desktop/Cloned Reditus/ReditusV.4.27/Content/Flipbooks/OverworldPlayerCharacterFlipbooks/Augustus/Jumping/jumping_sprite_sheet_Sprite_10.uasset" 2696
"C:/Users/malco/Desktop/Cloned Reditus/ReditusV.4.27/Content/Flipbooks/OverworldPlayerCharacterFlipbooks/Augustus/Jumping/jumping_sprite_sheet_Sprite_14.uasset" 2697
"C:/Users/malco/Desktop/Cloned Reditus/ReditusV.4.27/Content/Flipbooks/OverworldPlayerCharacterFlipbooks/Augustus/Jumping/jumping_sprite_sheet_Sprite_18.uasset" 2698
"C:/Users/malco/Desktop/Cloned Reditus/ReditusV.4.27/Content/Flipbooks/OverworldPlayerCharacterFlipbooks/Augustus/Jumping/AugustusJumpBack_FB.uasset" 2699
"C:/Users/malco/Desktop/Cloned Reditus/ReditusV.4.27/Content/Flipbooks/OverworldPlayerCharacterFlipbooks/Augustus/Jumping/jumping_sprite_sheet_Sprite_3.uasset" 2700
"C:/Users/malco/Desktop/Cloned Reditus/ReditusV.4.27/Content/Flipbooks/OverworldPlayerCharacterFlipbooks/Augustus/Jumping/jumping_sprite_sheet_Sprite_7.uasset" 2701
"C:/Users/malco/Desktop/Cloned Reditus/ReditusV.4.27/Content/Flipbooks/OverworldPlayerCharacterFlipbooks/Augustus/Jumping/AugustusJumpFront_FB.uasset" 2702
"C:/Users/malco/Desktop/Cloned Reditus/ReditusV.4.27/Content/Flipbooks/OverworldPlayerCharacterFlipbooks/Augustus/Jumping/jumping_sprite_sheet_Sprite_2.uasset" 2703
"C:/Users/malco/Desktop/Cloned Reditus/ReditusV.4.27/Content/Flipbooks/OverworldPlayerCharacterFlipbooks/Augustus/Jumping/jumping_sprite_sheet_Sprite_6.uasset" 2704
"C:/Users/malco/Desktop/Cloned Reditus/ReditusV.4.27/Content/Flipbooks/OverworldPlayerCharacterFlipbooks/Augustus/Jumping/AugustusJumpLeft_FB.uasset" 2705
"C:/Users/malco/Desktop/Cloned Reditus/ReditusV.4.27/Content/Flipbooks/OverworldPlayerCharacterFlipbooks/Augustus/Jumping/jumping_sprite_sheet_Sprite_1.uasset" 2706
"C:/Users/malco/Desktop/Cloned Reditus/ReditusV.4.27/Content/Flipbooks/OverworldPlayerCharacterFlipbooks/Augustus/Jumping/jumping_sprite_sheet_Sprite_13.uasset" 2707
"C:/Users/malco/Desktop/Cloned Reditus/ReditusV.4.27/Content/Flipbooks/OverworldPlayerCharacterFlipbooks/Augustus/Jumping/jumping_sprite_sheet_Sprite_17.uasset" 2708
"C:/Users/malco/Desktop/Cloned Reditus/ReditusV.4.27/Content/Flipbooks/OverworldPlayerCharacterFlipbooks/Augustus/Jumping/jumping_sprite_sheet_Sprite_5.uasset" 2709
"C:/Users/malco/Desktop/Cloned Reditus/ReditusV.4.27/Content/Flipbooks/OverworldPlayerCharacterFlipbooks/Augustus/Jumping/jumping_sprite_sheet_Sprite_9.uasset" 2710
"C:/Users/malco/Desktop/Cloned Reditus/ReditusV.4.27/Content/Flipbooks/OverworldPlayerCharacterFlipbooks/Augustus/Jumping/AugustusJumpRight_FB.uasset" 2711
"C:/Users/malco/Desktop/Cloned Reditus/ReditusV.4.27/Content/Flipbooks/OverworldPlayerCharacterFlipbooks/Augustus/Jumping/jumping_sprite_sheet_Sprite_0.uasset" 2712
"C:/Users/malco/Desktop/Cloned Reditus/ReditusV.4.27/Content/Flipbooks/OverworldPlayerCharacterFlipbooks/Augustus/Jumping/jumping_sprite_sheet_Sprite_12.uasset" 2713
"C:/Users/malco/Desktop/Cloned Reditus/ReditusV.4.27/Content/Flipbooks/OverworldPlayerCharacterFlipbooks/Augustus/Jumping/jumping_sprite_sheet_Sprite_16.uasset" 2714
"C:/Users/malco/Desktop/Cloned Reditus/ReditusV.4.27/Content/Flipbooks/OverworldPlayerCharacterFlipbooks/Augustus/Jumping/jumping_sprite_sheet_Sprite_4.uasset" 2715
"C:/Users/malco/Desktop/Cloned Reditus/ReditusV.4.27/Content/Flipbooks/OverworldPlayerCharacterFlipbooks/Augustus/Jumping/jumping_sprite_sheet_Sprite_8.uasset" 2716
"C:/Users/malco/Desktop/Cloned Reditus/ReditusV.4.27/Content/Flipbooks/OverworldPlayerCharacterFlipbooks/Augustus/Jumping/AugustusLeftFalling_FB.uasset" 2717
"C:/Users/malco/Desktop/Cloned Reditus/ReditusV.4.27/Content/Flipbooks/OverworldPlayerCharacterFlipbooks/Augustus/Jumping/AugustusRightFalling_FB.uasset" 2718
"C:/Users/malco/Desktop/Cloned Reditus/ReditusV.4.27/Content/Flipbooks/OverworldPlayerCharacterFlipbooks/Augustus/left/AugustusLeft.uasset" 2719
"C:/Users/malco/Desktop/Cloned Reditus/ReditusV.4.27/Content/Flipbooks/OverworldPlayerCharacterFlipbooks/Augustus/left/left_1_Sprite.uasset" 2720
"C:/Users/malco/Desktop/Cloned Reditus/ReditusV.4.27/Content/Flipbooks/OverworldPlayerCharacterFlipbooks/Augustus/left/left_1.uasset" 2721
"C:/Users/malco/Desktop/Cloned Reditus/ReditusV.4.27/Content/Flipbooks/OverworldPlayerCharacterFlipbooks/Augustus/left/left_2_Sprite.uasset" 2722
"C:/Users/malco/Desktop/Cloned Reditus/ReditusV.4.27/Content/Flipbooks/OverworldPlayerCharacterFlipbooks/Augustus/left/left_2.uasset" 2723
"C:/Users/malco/Desktop/Cloned Reditus/ReditusV.4.27/Content/Flipbooks/OverworldPlayerCharacterFlipbooks/Augustus/left/left_3_Sprite.uasset" 2724
"C:/Users/malco/Desktop/Cloned Reditus/ReditusV.4.27/Content/Flipbooks/OverworldPlayerCharacterFlipbooks/Augustus/left/left_3.uasset" 2725
"C:/Users/malco/Desktop/Cloned Reditus/ReditusV.4.27/Content/Flipbooks/OverworldPlayerCharacterFlipbooks/Augustus/left/AugustusLeftIdle.uasset" 2726
"C:/Users/malco/Desktop/Cloned Reditus/ReditusV.4.27/Content/Flipbooks/OverworldPlayerCharacterFlipbooks/Augustus/Lift/AugustusDropBack_FB.uasset" 2727
"C:/Users/malco/Desktop/Cloned Reditus/ReditusV.4.27/Content/Flipbooks/OverworldPlayerCharacterFlipbooks/Augustus/Lift/PickUp_Finished_Sprite_10.uasset" 2728
"C:/Users/malco/Desktop/Cloned Reditus/ReditusV.4.27/Content/Flipbooks/OverworldPlayerCharacterFlipbooks/Augustus/Lift/PickUp_Finished.uasset" 2729
"C:/Users/malco/Desktop/Cloned Reditus/ReditusV.4.27/Content/Flipbooks/OverworldPlayerCharacterFlipbooks/Augustus/Lift/PickUp_Finished_Sprite_11.uasset" 2730
"C:/Users/malco/Desktop/Cloned Reditus/ReditusV.4.27/Content/Flipbooks/OverworldPlayerCharacterFlipbooks/Augustus/Lift/PickUp_Finished_Sprite_9.uasset" 2731
"C:/Users/malco/Desktop/Cloned Reditus/ReditusV.4.27/Content/Flipbooks/OverworldPlayerCharacterFlipbooks/Augustus/Lift/AugustusDropFront_FB.uasset" 2732
"C:/Users/malco/Desktop/Cloned Reditus/ReditusV.4.27/Content/Flipbooks/OverworldPlayerCharacterFlipbooks/Augustus/Lift/PickUp_Finished_Sprite_0.uasset" 2733
"C:/Users/malco/Desktop/Cloned Reditus/ReditusV.4.27/Content/Flipbooks/OverworldPlayerCharacterFlipbooks/Augustus/Lift/PickUp_Finished_Sprite_1.uasset" 2734
"C:/Users/malco/Desktop/Cloned Reditus/ReditusV.4.27/Content/Flipbooks/OverworldPlayerCharacterFlipbooks/Augustus/Lift/PickUp_Finished_Sprite_2.uasset" 2735
"C:/Users/malco/Desktop/Cloned Reditus/ReditusV.4.27/Content/Flipbooks/OverworldPlayerCharacterFlipbooks/Augustus/Lift/AugustusDropLeft_FB.uasset" 2736
"C:/Users/malco/Desktop/Cloned Reditus/ReditusV.4.27/Content/Flipbooks/OverworldPlayerCharacterFlipbooks/Augustus/Lift/PickUp_Finished_Sprite_3.uasset" 2737
"C:/Users/malco/Desktop/Cloned Reditus/ReditusV.4.27/Content/Flipbooks/OverworldPlayerCharacterFlipbooks/Augustus/Lift/PickUp_Finished_Sprite_4.uasset" 2738
"C:/Users/malco/Desktop/Cloned Reditus/ReditusV.4.27/Content/Flipbooks/OverworldPlayerCharacterFlipbooks/Augustus/Lift/PickUp_Finished_Sprite_5.uasset" 2739
"C:/Users/malco/Desktop/Cloned Reditus/ReditusV.4.27/Content/Flipbooks/OverworldPlayerCharacterFlipbooks/Augustus/Lift/AugustusDropRight_FB.uasset" 2740
"C:/Users/malco/Desktop/Cloned Reditus/ReditusV.4.27/Content/Flipbooks/OverworldPlayerCharacterFlipbooks/Augustus/Lift/PickUp_Finished_Sprite_6.uasset" 2741
"C:/Users/malco/Desktop/Cloned Reditus/ReditusV.4.27/Content/Flipbooks/OverworldPlayerCharacterFlipbooks/Augustus/Lift/PickUp_Finished_Sprite_7.uasset" 2742
"C:/Users/malco/Desktop/Cloned Reditus/ReditusV.4.27/Content/Flipbooks/OverworldPlayerCharacterFlipbooks/Augustus/Lift/PickUp_Finished_Sprite_8.uasset" 2743
"C:/Users/malco/Desktop/Cloned Reditus/ReditusV.4.27/Content/Flipbooks/OverworldPlayerCharacterFlipbooks/Augustus/Lift/AugustusLiftBack_FB.uasset" 2744
"C:/Users/malco/Desktop/Cloned Reditus/ReditusV.4.27/Content/Flipbooks/OverworldPlayerCharacterFlipbooks/Augustus/Lift/AugustusLiftFront_FB.uasset" 2745
"C:/Users/malco/Desktop/Cloned Reditus/ReditusV.4.27/Content/Flipbooks/OverworldPlayerCharacterFlipbooks/Augustus/Lift/AugustusLiftLeft_FB.uasset" 2746
"C:/Users/malco/Desktop/Cloned Reditus/ReditusV.4.27/Content/Flipbooks/OverworldPlayerCharacterFlipbooks/Augustus/Lift/AugustusLiftRight_FB.uasset" 2747
"C:/Users/malco/Desktop/Cloned Reditus/ReditusV.4.27/Content/Flipbooks/OverworldPlayerCharacterFlipbooks/Augustus/Pushing/Back/AugustusPushingBack_FB.uasset" 2748
"C:/Users/malco/Desktop/Cloned Reditus/ReditusV.4.27/Content/Flipbooks/OverworldPlayerCharacterFlipbooks/Augustus/Pushing/Back/pushing_finished_Sprite_10.uasset" 2749
"C:/Users/malco/Desktop/Cloned Reditus/ReditusV.4.27/Content/Flipbooks/OverworldPlayerCharacterFlipbooks/Augustus/Pushing/pushing_finished.uasset" 2750
"C:/Users/malco/Desktop/Cloned Reditus/ReditusV.4.27/Content/Flipbooks/OverworldPlayerCharacterFlipbooks/Augustus/Pushing/Back/pushing_finished_Sprite_11.uasset" 2751
"C:/Users/malco/Desktop/Cloned Reditus/ReditusV.4.27/Content/Flipbooks/OverworldPlayerCharacterFlipbooks/Augustus/Pushing/Back/pushing_finished_Sprite_9.uasset" 2752
"C:/Users/malco/Desktop/Cloned Reditus/ReditusV.4.27/Content/Flipbooks/OverworldPlayerCharacterFlipbooks/Augustus/Pushing/Back/AugustusPushingBackIdle_FB.uasset" 2753
"C:/Users/malco/Desktop/Cloned Reditus/ReditusV.4.27/Content/Flipbooks/OverworldPlayerCharacterFlipbooks/Augustus/Pushing/Front/AugustusPushingFront_FB.uasset" 2754
"C:/Users/malco/Desktop/Cloned Reditus/ReditusV.4.27/Content/Flipbooks/OverworldPlayerCharacterFlipbooks/Augustus/Pushing/Front/pushing_finished_Sprite_0.uasset" 2755
"C:/Users/malco/Desktop/Cloned Reditus/ReditusV.4.27/Content/Flipbooks/OverworldPlayerCharacterFlipbooks/Augustus/Pushing/Front/pushing_finished_Sprite_1.uasset" 2756
"C:/Users/malco/Desktop/Cloned Reditus/ReditusV.4.27/Content/Flipbooks/OverworldPlayerCharacterFlipbooks/Augustus/Pushing/Front/pushing_finished_Sprite_2.uasset" 2757
"C:/Users/malco/Desktop/Cloned Reditus/ReditusV.4.27/Content/Flipbooks/OverworldPlayerCharacterFlipbooks/Augustus/Pushing/Front/AugustusPushingFrontIdle_FB.uasset" 2758
"C:/Users/malco/Desktop/Cloned Reditus/ReditusV.4.27/Content/Flipbooks/OverworldPlayerCharacterFlipbooks/Augustus/Pushing/Left/AugustusPushingLeft_FB.uasset" 2759
"C:/Users/malco/Desktop/Cloned Reditus/ReditusV.4.27/Content/Flipbooks/OverworldPlayerCharacterFlipbooks/Augustus/Pushing/Left/pushing_finished_Sprite_3.uasset" 2760
"C:/Users/malco/Desktop/Cloned Reditus/ReditusV.4.27/Content/Flipbooks/OverworldPlayerCharacterFlipbooks/Augustus/Pushing/Left/pushing_finished_Sprite_4.uasset" 2761
"C:/Users/malco/Desktop/Cloned Reditus/ReditusV.4.27/Content/Flipbooks/OverworldPlayerCharacterFlipbooks/Augustus/Pushing/Left/pushing_finished_Sprite_5.uasset" 2762
"C:/Users/malco/Desktop/Cloned Reditus/ReditusV.4.27/Content/Flipbooks/OverworldPlayerCharacterFlipbooks/Augustus/Pushing/Left/AugustusPushingLeftIdle_FB.uasset" 2763
"C:/Users/malco/Desktop/Cloned Reditus/ReditusV.4.27/Content/Flipbooks/OverworldPlayerCharacterFlipbooks/Augustus/Pushing/Right/AugsutusPushingRightIdle_FB.uasset" 2764
"C:/Users/malco/Desktop/Cloned Reditus/ReditusV.4.27/Content/Flipbooks/OverworldPlayerCharacterFlipbooks/Augustus/Pushing/Right/pushing_finished_Sprite_7.uasset" 2765
"C:/Users/malco/Desktop/Cloned Reditus/ReditusV.4.27/Content/Flipbooks/OverworldPlayerCharacterFlipbooks/Augustus/Pushing/Right/AugustusPushingRight_FB.uasset" 2766
"C:/Users/malco/Desktop/Cloned Reditus/ReditusV.4.27/Content/Flipbooks/OverworldPlayerCharacterFlipbooks/Augustus/Pushing/Right/pushing_finished_Sprite_6.uasset" 2767
"C:/Users/malco/Desktop/Cloned Reditus/ReditusV.4.27/Content/Flipbooks/OverworldPlayerCharacterFlipbooks/Augustus/Pushing/Right/pushing_finished_Sprite_8.uasset" 2768
"C:/Users/malco/Desktop/Cloned Reditus/ReditusV.4.27/Content/Flipbooks/OverworldPlayerCharacterFlipbooks/Augustus/right/AugustusRight.uasset" 2769
"C:/Users/malco/Desktop/Cloned Reditus/ReditusV.4.27/Content/Flipbooks/OverworldPlayerCharacterFlipbooks/Augustus/right/right_1_Sprite.uasset" 2770
"C:/Users/malco/Desktop/Cloned Reditus/ReditusV.4.27/Content/Flipbooks/OverworldPlayerCharacterFlipbooks/Augustus/right/right_1.uasset" 2771
"C:/Users/malco/Desktop/Cloned Reditus/ReditusV.4.27/Content/Flipbooks/OverworldPlayerCharacterFlipbooks/Augustus/right/right_2_Sprite.uasset" 2772
"C:/Users/malco/Desktop/Cloned Reditus/ReditusV.4.27/Content/Flipbooks/OverworldPlayerCharacterFlipbooks/Augustus/right/right_2.uasset" 2773
"C:/Users/malco/Desktop/Cloned Reditus/ReditusV.4.27/Content/Flipbooks/OverworldPlayerCharacterFlipbooks/Augustus/right/right_3_Sprite.uasset" 2774
"C:/Users/malco/Desktop/Cloned Reditus/ReditusV.4.27/Content/Flipbooks/OverworldPlayerCharacterFlipbooks/Augustus/right/right_3.uasset" 2775
"C:/Users/malco/Desktop/Cloned Reditus/ReditusV.4.27/Content/Flipbooks/OverworldPlayerCharacterFlipbooks/Augustus/right/AugustusRightIdle.uasset" 2776
"C:/Users/malco/Desktop/Cloned Reditus/ReditusV.4.27/Content/Flipbooks/OverworldPlayerCharacterFlipbooks/Augustus/SprintBack/AugustusSprintBack.uasset" 2777
"C:/Users/malco/Desktop/Cloned Reditus/ReditusV.4.27/Content/Flipbooks/OverworldPlayerCharacterFlipbooks/Augustus/SprintBack/1_Sprite.uasset" 2778
"C:/Users/malco/Desktop/Cloned Reditus/ReditusV.4.27/Content/Flipbooks/OverworldPlayerCharacterFlipbooks/Augustus/SprintBack/1.uasset" 2779
"C:/Users/malco/Desktop/Cloned Reditus/ReditusV.4.27/Content/Flipbooks/OverworldPlayerCharacterFlipbooks/Augustus/SprintBack/2_Sprite.uasset" 2780
"C:/Users/malco/Desktop/Cloned Reditus/ReditusV.4.27/Content/Flipbooks/OverworldPlayerCharacterFlipbooks/Augustus/SprintBack/2.uasset" 2781
"C:/Users/malco/Desktop/Cloned Reditus/ReditusV.4.27/Content/Flipbooks/OverworldPlayerCharacterFlipbooks/Augustus/SprintBack/3_Sprite.uasset" 2782
"C:/Users/malco/Desktop/Cloned Reditus/ReditusV.4.27/Content/Flipbooks/OverworldPlayerCharacterFlipbooks/Augustus/SprintBack/3.uasset" 2783
"C:/Users/malco/Desktop/Cloned Reditus/ReditusV.4.27/Content/Flipbooks/OverworldPlayerCharacterFlipbooks/Augustus/SprintBack/4_Sprite.uasset" 2784
"C:/Users/malco/Desktop/Cloned Reditus/ReditusV.4.27/Content/Flipbooks/OverworldPlayerCharacterFlipbooks/Augustus/SprintBack/4.uasset" 2785
"C:/Users/malco/Desktop/Cloned Reditus/ReditusV.4.27/Content/Flipbooks/OverworldPlayerCharacterFlipbooks/Augustus/SprintFront/AugustusSprintFront.uasset" 2786
"C:/Users/malco/Desktop/Cloned Reditus/ReditusV.4.27/Content/Flipbooks/OverworldPlayerCharacterFlipbooks/Augustus/SprintFront/1_Sprite.uasset" 2787
"C:/Users/malco/Desktop/Cloned Reditus/ReditusV.4.27/Content/Flipbooks/OverworldPlayerCharacterFlipbooks/Augustus/SprintFront/1.uasset" 2788
"C:/Users/malco/Desktop/Cloned Reditus/ReditusV.4.27/Content/Flipbooks/OverworldPlayerCharacterFlipbooks/Augustus/SprintFront/2_Sprite.uasset" 2789
"C:/Users/malco/Desktop/Cloned Reditus/ReditusV.4.27/Content/Flipbooks/OverworldPlayerCharacterFlipbooks/Augustus/SprintFront/2.uasset" 2790
"C:/Users/malco/Desktop/Cloned Reditus/ReditusV.4.27/Content/Flipbooks/OverworldPlayerCharacterFlipbooks/Augustus/SprintFront/3_Sprite.uasset" 2791
"C:/Users/malco/Desktop/Cloned Reditus/ReditusV.4.27/Content/Flipbooks/OverworldPlayerCharacterFlipbooks/Augustus/SprintFront/3.uasset" 2792
"C:/Users/malco/Desktop/Cloned Reditus/ReditusV.4.27/Content/Flipbooks/OverworldPlayerCharacterFlipbooks/Augustus/SprintFront/4_Sprite.uasset" 2793
"C:/Users/malco/Desktop/Cloned Reditus/ReditusV.4.27/Content/Flipbooks/OverworldPlayerCharacterFlipbooks/Augustus/SprintFront/4.uasset" 2794
"C:/Users/malco/Desktop/Cloned Reditus/ReditusV.4.27/Content/Flipbooks/OverworldPlayerCharacterFlipbooks/Augustus/SprintLeft/AugustusSprintLeft.uasset" 2795
"C:/Users/malco/Desktop/Cloned Reditus/ReditusV.4.27/Content/Flipbooks/OverworldPlayerCharacterFlipbooks/Augustus/SprintLeft/1_Sprite.uasset" 2796
"C:/Users/malco/Desktop/Cloned Reditus/ReditusV.4.27/Content/Flipbooks/OverworldPlayerCharacterFlipbooks/Augustus/SprintLeft/1.uasset" 2797
"C:/Users/malco/Desktop/Cloned Reditus/ReditusV.4.27/Content/Flipbooks/OverworldPlayerCharacterFlipbooks/Augustus/SprintLeft/2_Sprite.uasset" 2798
"C:/Users/malco/Desktop/Cloned Reditus/ReditusV.4.27/Content/Flipbooks/OverworldPlayerCharacterFlipbooks/Augustus/SprintLeft/2.uasset" 2799
"C:/Users/malco/Desktop/Cloned Reditus/ReditusV.4.27/Content/Flipbooks/OverworldPlayerCharacterFlipbooks/Augustus/SprintLeft/3_Sprite.uasset" 2800
"C:/Users/malco/Desktop/Cloned Reditus/ReditusV.4.27/Content/Flipbooks/OverworldPlayerCharacterFlipbooks/Augustus/SprintLeft/3.uasset" 2801
"C:/Users/malco/Desktop/Cloned Reditus/ReditusV.4.27/Content/Flipbooks/OverworldPlayerCharacterFlipbooks/Augustus/SprintLeft/4_Sprite.uasset" 2802
"C:/Users/malco/Desktop/Cloned Reditus/ReditusV.4.27/Content/Flipbooks/OverworldPlayerCharacterFlipbooks/Augustus/SprintLeft/4.uasset" 2803
"C:/Users/malco/Desktop/Cloned Reditus/ReditusV.4.27/Content/Flipbooks/OverworldPlayerCharacterFlipbooks/Augustus/SprintLeft/5_Sprite.uasset" 2804
"C:/Users/malco/Desktop/Cloned Reditus/ReditusV.4.27/Content/Flipbooks/OverworldPlayerCharacterFlipbooks/Augustus/SprintLeft/5.uasset" 2805
"C:/Users/malco/Desktop/Cloned Reditus/ReditusV.4.27/Content/Flipbooks/OverworldPlayerCharacterFlipbooks/Augustus/SprintLeft/6_Sprite.uasset" 2806
"C:/Users/malco/Desktop/Cloned Reditus/ReditusV.4.27/Content/Flipbooks/OverworldPlayerCharacterFlipbooks/Augustus/SprintLeft/6.uasset" 2807
"C:/Users/malco/Desktop/Cloned Reditus/ReditusV.4.27/Content/Flipbooks/OverworldPlayerCharacterFlipbooks/Augustus/SprintLeft/7_Sprite.uasset" 2808
"C:/Users/malco/Desktop/Cloned Reditus/ReditusV.4.27/Content/Flipbooks/OverworldPlayerCharacterFlipbooks/Augustus/SprintLeft/7.uasset" 2809
"C:/Users/malco/Desktop/Cloned Reditus/ReditusV.4.27/Content/Flipbooks/OverworldPlayerCharacterFlipbooks/Augustus/SprintLeft/8_Sprite_0.uasset" 2810
"C:/Users/malco/Desktop/Cloned Reditus/ReditusV.4.27/Content/Flipbooks/OverworldPlayerCharacterFlipbooks/Augustus/SprintLeft/8.uasset" 2811
"C:/Users/malco/Desktop/Cloned Reditus/ReditusV.4.27/Content/Flipbooks/OverworldPlayerCharacterFlipbooks/Augustus/SprintRight/AugustusSprintRight.uasset" 2812
"C:/Users/malco/Desktop/Cloned Reditus/ReditusV.4.27/Content/Flipbooks/OverworldPlayerCharacterFlipbooks/Augustus/SprintRight/1_Sprite.uasset" 2813
"C:/Users/malco/Desktop/Cloned Reditus/ReditusV.4.27/Content/Flipbooks/OverworldPlayerCharacterFlipbooks/Augustus/SprintRight/1.uasset" 2814
"C:/Users/malco/Desktop/Cloned Reditus/ReditusV.4.27/Content/Flipbooks/OverworldPlayerCharacterFlipbooks/Augustus/SprintRight/2_Sprite.uasset" 2815
"C:/Users/malco/Desktop/Cloned Reditus/ReditusV.4.27/Content/Flipbooks/OverworldPlayerCharacterFlipbooks/Augustus/SprintRight/2.uasset" 2816
"C:/Users/malco/Desktop/Cloned Reditus/ReditusV.4.27/Content/Flipbooks/OverworldPlayerCharacterFlipbooks/Augustus/SprintRight/3_Sprite.uasset" 2817
"C:/Users/malco/Desktop/Cloned Reditus/ReditusV.4.27/Content/Flipbooks/OverworldPlayerCharacterFlipbooks/Augustus/SprintRight/3.uasset" 2818
"C:/Users/malco/Desktop/Cloned Reditus/ReditusV.4.27/Content/Flipbooks/OverworldPlayerCharacterFlipbooks/Augustus/SprintRight/4_Sprite.uasset" 2819
"C:/Users/malco/Desktop/Cloned Reditus/ReditusV.4.27/Content/Flipbooks/OverworldPlayerCharacterFlipbooks/Augustus/SprintRight/4.uasset" 2820
"C:/Users/malco/Desktop/Cloned Reditus/ReditusV.4.27/Content/Flipbooks/OverworldPlayerCharacterFlipbooks/Augustus/SprintRight/5_Sprite.uasset" 2821
"C:/Users/malco/Desktop/Cloned Reditus/ReditusV.4.27/Content/Flipbooks/OverworldPlayerCharacterFlipbooks/Augustus/SprintRight/5.uasset" 2822
"C:/Users/malco/Desktop/Cloned Reditus/ReditusV.4.27/Content/Flipbooks/OverworldPlayerCharacterFlipbooks/Augustus/SprintRight/6_Sprite.uasset" 2823
"C:/Users/malco/Desktop/Cloned Reditus/ReditusV.4.27/Content/Flipbooks/OverworldPlayerCharacterFlipbooks/Augustus/SprintRight/6.uasset" 2824
"C:/Users/malco/Desktop/Cloned Reditus/ReditusV.4.27/Content/Flipbooks/OverworldPlayerCharacterFlipbooks/Augustus/SprintRight/7_Sprite.uasset" 2825
"C:/Users/malco/Desktop/Cloned Reditus/ReditusV.4.27/Content/Flipbooks/OverworldPlayerCharacterFlipbooks/Augustus/SprintRight/7.uasset" 2826
"C:/Users/malco/Desktop/Cloned Reditus/ReditusV.4.27/Content/Flipbooks/OverworldPlayerCharacterFlipbooks/Augustus/SprintRight/8_Sprite.uasset" 2827
"C:/Users/malco/Desktop/Cloned Reditus/ReditusV.4.27/Content/Flipbooks/OverworldPlayerCharacterFlipbooks/Augustus/SprintRight/8.uasset" 2828
"C:/Users/malco/Desktop/Cloned Reditus/ReditusV.4.27/Content/TurnBasedJRPGTemplate/Blueprints/Skills/HeroSkills/Augustus/BP_EmpGrenadeSkill.uasset" 2829
"C:/Users/malco/Desktop/Cloned Reditus/ReditusV.4.27/Content/TurnBasedJRPGTemplate/Animations/AM_FocusAttack.uasset" 2830
"C:/Users/malco/Desktop/Cloned Reditus/ReditusV.4.27/Content/TurnBasedJRPGTemplate/Animations/A_Attack.uasset" 2831
"../../../Engine/Content/Animation/DefaultAnimBoneCompressionSettings.uasset" 2832
"../../../Engine/Content/Animation/DefaultAnimCurveCompressionSettings.uasset" 2833
"C:/Users/malco/Desktop/Cloned Reditus/ReditusV.4.27/Content/Sounds/JrpgBlueprintSounds/CUE_SwordRandom.uasset" 2834
"C:/Users/malco/Desktop/Cloned Reditus/ReditusV.4.27/Content/Sounds/JrpgBlueprintSounds/WAV_Sword1.uasset" 2835
"C:/Users/malco/Desktop/Cloned Reditus/ReditusV.4.27/Content/Sounds/MySfx.uasset" 2836
"C:/Users/malco/Desktop/Cloned Reditus/ReditusV.4.27/Content/Sounds/MyMaster.uasset" 2837
"C:/Users/malco/Desktop/Cloned Reditus/ReditusV.4.27/Content/Sounds/MyMusic.uasset" 2838
"C:/Users/malco/Desktop/Cloned Reditus/ReditusV.4.27/Content/Sounds/MyVoiceActing.uasset" 2839
"C:/Users/malco/Desktop/Cloned Reditus/ReditusV.4.27/Content/Sounds/JrpgBlueprintSounds/WAV_Sword2.uasset" 2840
"C:/Users/malco/Desktop/Cloned Reditus/ReditusV.4.27/Content/Sounds/JrpgBlueprintSounds/WAV_Sword3.uasset" 2841
"C:/Users/malco/Desktop/Cloned Reditus/ReditusV.4.27/Content/TurnBasedJRPGTemplate/Blueprints/AnimNotifies/BP_UseSkillN.uasset" 2842
"C:/Users/malco/Desktop/Cloned Reditus/ReditusV.4.27/Content/TurnBasedJRPGTemplate/Blueprints/Items/UsableItems/WeaponItems/Bp_EmpGrenades.uasset" 2843
"C:/Users/malco/Desktop/Cloned Reditus/ReditusV.4.27/Content/TurnBasedJRPGTemplate/Blueprints/Items/UsableItems/BP_SpecializedItem.uasset" 2844
"C:/Users/malco/Desktop/Cloned Reditus/ReditusV.4.27/Content/TurnBasedJRPGTemplate/Blueprints/Projectiles/BP_GrenadeProjectileBase.uasset" 2845
"C:/Users/malco/Desktop/Cloned Reditus/ReditusV.4.27/Content/TurnBasedJRPGTemplate/Blueprints/Projectiles/Grenades/BP_EmpGrenadeProjectile.uasset" 2846
"C:/Users/malco/Desktop/Cloned Reditus/ReditusV.4.27/Content/MapSpriteAssets/ProjectileSprites/EMP_Grenade1.uasset" 2847
"C:/Users/malco/Desktop/Cloned Reditus/ReditusV.4.27/Content/MapSpriteAssets/ProjectileSprites/EMP_Grenade_Sprite_0.uasset" 2848
"C:/Users/malco/Desktop/Cloned Reditus/ReditusV.4.27/Content/MapSpriteAssets/ProjectileSprites/EMP_Grenade.uasset" 2849
"C:/Users/malco/Desktop/Cloned Reditus/ReditusV.4.27/Content/Particles/InfinityBladeEffects/Effects/FX_Combat_Lightning/P_DOT_Lightning_01.uasset" 2850
"C:/Users/malco/Desktop/Cloned Reditus/ReditusV.4.27/Content/Particles/InfinityBladeEffects/Effects/FX_Materials/Lightning/M_Lightning_Radial_01_Add_2X2_INST.uasset" 2851
"C:/Users/malco/Desktop/Cloned Reditus/ReditusV.4.27/Content/Particles/InfinityBladeEffects/Effects/Masters/M_Add_Sprite_SubUV_Master.uasset" 2852
"C:/Users/malco/Desktop/Cloned Reditus/ReditusV.4.27/Content/Particles/InfinityBladeEffects/Effects/FX_Textures/Lightning/T_Lightning_Radial_4X4.uasset" 2853
"C:/Users/malco/Desktop/Cloned Reditus/ReditusV.4.27/Content/MapSpriteAssets/UI_ICONS/ElementalIcons/T_ElementalIcons_Lightning.uasset" 2854
"C:/Users/malco/Desktop/Cloned Reditus/ReditusV.4.27/Content/MapSpriteAssets/UI_ICONS/ElementalIcons/T_ElementalIcons_Lightning_Sprite_0.uasset" 2855
"C:/Users/malco/Desktop/Cloned Reditus/ReditusV.4.27/Content/Sounds/Fx/Explosions/Clusters/sfx_exp_cluster6.uasset" 2856
"C:/Users/malco/Desktop/Cloned Reditus/ReditusV.4.27/Content/TurnBasedJRPGTemplate/Blueprints/UI/Dialogues/BP_InfoDialogueForBattle.uasset" 2857
"C:/Users/malco/Desktop/Cloned Reditus/ReditusV.4.27/Content/TurnBasedJRPGTemplate/Blueprints/UI/BP_UIBase.uasset" 2858
"C:/Users/malco/Desktop/Cloned Reditus/ReditusV.4.27/Content/TurnBasedJRPGTemplate/Blueprints/Controllers/BP_JRPGGameInstance.uasset" 2859
"C:/Users/malco/Desktop/Cloned Reditus/ReditusV.4.27/Content/TurnBasedJRPGTemplate/Blueprints/Battle/BP_OneTimeBattle.uasset" 2860
"C:/Users/malco/Desktop/Cloned Reditus/ReditusV.4.27/Content/TurnBasedJRPGTemplate/Blueprints/Battle/BP_FixedEnemyBattleBase.uasset" 2861
"C:/Users/malco/Desktop/Cloned Reditus/ReditusV.4.27/Content/TurnBasedJRPGTemplate/Blueprints/Structs/S_OffLevelBattleData.uasset" 2862
"C:/Users/malco/Desktop/Cloned Reditus/ReditusV.4.27/Content/TurnBasedJRPGTemplate/Blueprints/Battle/BattleTransition/BP_BattleTransitionBase.uasset" 2863
"C:/Users/malco/Desktop/Cloned Reditus/ReditusV.4.27/Content/TurnBasedJRPGTemplate/Blueprints/Controllers/BP_AudioSaveFile.uasset" 2864
"C:/Users/malco/Desktop/Cloned Reditus/ReditusV.4.27/Content/TurnBasedJRPGTemplate/Blueprints/Controllers/BP_JRPGSaveGame.uasset" 2865
"C:/Users/malco/Desktop/Cloned Reditus/ReditusV.4.27/Content/TurnBasedJRPGTemplate/Blueprints/Items/KeyItems/BP_KeyItemBase.uasset" 2866
"C:/Users/malco/Desktop/Cloned Reditus/ReditusV.4.27/Content/TurnBasedJRPGTemplate/Blueprints/Enums/E_Formations.uasset" 2867
"C:/Users/malco/Desktop/Cloned Reditus/ReditusV.4.27/Content/TurnBasedJRPGTemplate/Blueprints/Enums/E_StoryBasedBools.uasset" 2868
"C:/Users/malco/Desktop/Cloned Reditus/ReditusV.4.27/Content/TurnBasedJRPGTemplate/Blueprints/Structs/S_FastTravel.uasset" 2869
"C:/Users/malco/Desktop/Cloned Reditus/ReditusV.4.27/Content/TurnBasedJRPGTemplate/Blueprints/Interactables/BP_InteractionDetector.uasset" 2870
"C:/Users/malco/Desktop/Cloned Reditus/ReditusV.4.27/Content/TurnBasedJRPGTemplate/Blueprints/Skills/BP_ExploreSkillBase.uasset" 2871
"C:/Users/malco/Desktop/Cloned Reditus/ReditusV.4.27/Content/TurnBasedJRPGTemplate/Blueprints/Skills/BP_SkillBase.uasset" 2872
"C:/Users/malco/Desktop/Cloned Reditus/ReditusV.4.27/Content/TurnBasedJRPGTemplate/Blueprints/Items/UsableItems/RobotCores/BP_RobotCoreBase.uasset" 2873
"C:/Users/malco/Desktop/Cloned Reditus/ReditusV.4.27/Content/TurnBasedJRPGTemplate/Blueprints/UI/Dialogues/BP_InfoDialogue.uasset" 2874
"C:/Users/malco/Desktop/Cloned Reditus/ReditusV.4.27/Content/Pixel2D/Fonts/Pixellari_Font.uasset" 2875
"C:/Users/malco/Desktop/Cloned Reditus/ReditusV.4.27/Content/Pixel2D/Fonts/Pixellari.uasset" 2876
"C:/Users/malco/Desktop/Cloned Reditus/ReditusV.4.27/Content/textures/UIBackgrounds/T_UnitTurnOrder.uasset" 2877
"C:/Users/malco/Desktop/Cloned Reditus/ReditusV.4.27/Content/MapSpriteAssets/UI_ICONS/CraftingItems/TechCircuitrySpriteIcon.uasset" 2878
"C:/Users/malco/Desktop/Cloned Reditus/ReditusV.4.27/Content/MapSpriteAssets/UI_ICONS/Unused/IconSet.uasset" 2879
"C:/Users/malco/Desktop/Cloned Reditus/ReditusV.4.27/Content/Sounds/Se/Hammer.uasset" 2880
"C:/Users/malco/Desktop/Cloned Reditus/ReditusV.4.27/Content/Sounds/Se/Machine.uasset" 2881
"C:/Users/malco/Desktop/Cloned Reditus/ReditusV.4.27/Content/TurnBasedJRPGTemplate/Blueprints/Skills/BP_OverdriveTechBase.uasset" 2882
"C:/Users/malco/Desktop/Cloned Reditus/ReditusV.4.27/Content/TurnBasedJRPGTemplate/Blueprints/UI/BP_InteractionUI.uasset" 2883
"C:/Users/malco/Desktop/Cloned Reditus/ReditusV.4.27/Content/TurnBasedJRPGTemplate/Blueprints/UI/BP_ActionButton.uasset" 2884
"C:/Users/malco/Desktop/Cloned Reditus/ReditusV.4.27/Content/TurnBasedJRPGTemplate/Textures/T_ActionBackgroundRound.uasset" 2885
"C:/Users/malco/Desktop/Cloned Reditus/ReditusV.4.27/Content/TurnBasedJRPGTemplate/Blueprints/Controllers/BP_JRPGMacroLibrary.uasset" 2886
"C:/Users/malco/Desktop/Cloned Reditus/ReditusV.4.27/Content/TurnBasedJRPGTemplate/Blueprints/Units/PlayerUnits/BP_AirloftPlayerUnit.uasset" 2887
"C:/Users/malco/Desktop/Cloned Reditus/ReditusV.4.27/Content/TurnBasedJRPGTemplate/Blueprints/Projectiles/SkillProjectiles/BP_FireStreamProjectile.uasset" 2888
"C:/Users/malco/Desktop/Cloned Reditus/ReditusV.4.27/Content/TurnBasedJRPGTemplate/Blueprints/Projectiles/BP_ProjectileBase.uasset" 2889
"C:/Users/malco/Desktop/Cloned Reditus/ReditusV.4.27/Content/Particles/AdvancedMagicFX12/Particles/P_ky_hit_fire.uasset" 2890
"C:/Users/malco/Desktop/Cloned Reditus/ReditusV.4.27/Content/Particles/AdvancedMagicFX12/Materials/M_ky_dust02uni_4x4.uasset" 2891
"C:/Users/malco/Desktop/Cloned Reditus/ReditusV.4.27/Content/Particles/AdvancedMagicFX12/Materials/Mfunction/MF_ky_UVcontrol_4x4.uasset" 2892
"C:/Users/malco/Desktop/Cloned Reditus/ReditusV.4.27/Content/Particles/AdvancedMagicFX12/Textures/T_ky_dust02uni_4x4.uasset" 2893
"C:/Users/malco/Desktop/Cloned Reditus/ReditusV.4.27/Content/Particles/AdvancedMagicFX12/Materials/MI_ky_dynDust.uasset" 2894
"C:/Users/malco/Desktop/Cloned Reditus/ReditusV.4.27/Content/Particles/AdvancedMagicFX12/Materials/M_ky_dynDust.uasset" 2895
"../../../Engine/Content/Functions/Engine_MaterialFunctions01/Density/ExponentialDensity.uasset" 2896
"../../../Engine/Content/Functions/Engine_MaterialFunctions01/Gradient/RadialGradientExponential.uasset" 2897
"C:/Users/malco/Desktop/Cloned Reditus/ReditusV.4.27/Content/Particles/AdvancedMagicFX12/Textures/T_ky_noise3.uasset" 2898
"C:/Users/malco/Desktop/Cloned Reditus/ReditusV.4.27/Content/Particles/AdvancedMagicFX12/Textures/T_ky_noise6.uasset" 2899
"C:/Users/malco/Desktop/Cloned Reditus/ReditusV.4.27/Content/Particles/AdvancedMagicFX12/Textures/T_ky_smoke2.uasset" 2900
"C:/Users/malco/Desktop/Cloned Reditus/ReditusV.4.27/Content/Particles/AdvancedMagicFX12/Materials/MI_ky_shockwave07_fire.uasset" 2901
"C:/Users/malco/Desktop/Cloned Reditus/ReditusV.4.27/Content/Particles/AdvancedMagicFX12/Materials/M_ky_shockwave07.uasset" 2902
"../../../Engine/Content/Functions/Engine_MaterialFunctions01/Gradient/LinearGradient.uasset" 2903
"C:/Users/malco/Desktop/Cloned Reditus/ReditusV.4.27/Content/Particles/AdvancedMagicFX12/Materials/Mfunction/MF_ky_addHilight.uasset" 2904
"C:/Users/malco/Desktop/Cloned Reditus/ReditusV.4.27/Content/Particles/AdvancedMagicFX12/Textures/T_ky_maskRGB3.uasset" 2905
"C:/Users/malco/Desktop/Cloned Reditus/ReditusV.4.27/Content/Particles/AdvancedMagicFX12/Textures/T_ky_noise16.uasset" 2906
"C:/Users/malco/Desktop/Cloned Reditus/ReditusV.4.27/Content/Particles/AdvancedMagicFX12/Textures/T_ky_noise4.uasset" 2907
"C:/Users/malco/Desktop/Cloned Reditus/ReditusV.4.27/Content/Particles/AdvancedMagicFX12/Materials/MI_ky_starDust_sq.uasset" 2908
"C:/Users/malco/Desktop/Cloned Reditus/ReditusV.4.27/Content/Particles/AdvancedMagicFX12/Materials/M_ky_starDust.uasset" 2909
"../../../Engine/Content/Functions/Engine_MaterialFunctions01/Gradient/DiamondGradient.uasset" 2910
"../../../Engine/Content/Functions/Engine_MaterialFunctions03/Blends/Blend_Screen.uasset" 2911
"../../../Engine/Content/EngineMaterials/BlendFunc_DefBase.uasset" 2912
"../../../Engine/Content/EngineMaterials/BlendFunc_DefBlend.uasset" 2913
"C:/Users/malco/Desktop/Cloned Reditus/ReditusV.4.27/Content/Particles/AdvancedMagicFX12/Textures/T_ky_dust_longStar.uasset" 2914
"C:/Users/malco/Desktop/Cloned Reditus/ReditusV.4.27/Content/Particles/AdvancedMagicFX12/Materials/MI_ky_turbulence_smoke2d_trs.uasset" 2915
"C:/Users/malco/Desktop/Cloned Reditus/ReditusV.4.27/Content/Particles/AdvancedMagicFX12/Materials/M_ky_base_turbulence.uasset" 2916
"C:/Users/malco/Desktop/Cloned Reditus/ReditusV.4.27/Content/Particles/AdvancedMagicFX12/Textures/T_ky_dist_noise.uasset" 2917
"C:/Users/malco/Desktop/Cloned Reditus/ReditusV.4.27/Content/Particles/AdvancedMagicFX12/Textures/T_ky_smoke_kai.uasset" 2918
"C:/Users/malco/Desktop/Cloned Reditus/ReditusV.4.27/Content/Particles/AdvancedMagicFX12/Meshes/SM_ky_circle_midpoly.uasset" 2919
"C:/Users/malco/Desktop/Cloned Reditus/ReditusV.4.27/Content/Particles/AdvancedMagicFX12/Meshes/SM_ky_quad_centerRot.uasset" 2920
"C:/Users/malco/Desktop/Cloned Reditus/ReditusV.4.27/Content/Particles/AdvancedMagicFX12/Particles/P_ky_shot_fire.uasset" 2921
"C:/Users/malco/Desktop/Cloned Reditus/ReditusV.4.27/Content/Particles/AdvancedMagicFX12/Materials/M_ky_empty.uasset" 2922
"C:/Users/malco/Desktop/Cloned Reditus/ReditusV.4.27/Content/Particles/AdvancedMagicFX12/Materials/MI_ky_aura14_fire.uasset" 2923
"C:/Users/malco/Desktop/Cloned Reditus/ReditusV.4.27/Content/Particles/AdvancedMagicFX12/Materials/M_ky_aura14.uasset" 2924
"C:/Users/malco/Desktop/Cloned Reditus/ReditusV.4.27/Content/Particles/AdvancedMagicFX12/Materials/MI_ky_primitive2c.uasset" 2925
"C:/Users/malco/Desktop/Cloned Reditus/ReditusV.4.27/Content/Particles/AdvancedMagicFX12/Materials/M_ky_primitive.uasset" 2926
"../../../Engine/Content/Functions/Engine_MaterialFunctions02/Fresnel_Function.uasset" 2927
"C:/Users/malco/Desktop/Cloned Reditus/ReditusV.4.27/Content/Particles/AdvancedMagicFX12/Meshes/SM_ky_cylinderBend04.uasset" 2928
"C:/Users/malco/Desktop/Cloned Reditus/ReditusV.4.27/Content/Particles/AdvancedMagicFX12/Meshes/SM_ky_sphereHarf03.uasset" 2929
"C:/Users/malco/Desktop/Cloned Reditus/ReditusV.4.27/Content/Sounds/JrpgBlueprintSounds/CUE_Fireball.uasset" 2930
"C:/Users/malco/Desktop/Cloned Reditus/ReditusV.4.27/Content/Sounds/JrpgBlueprintSounds/WAV_Fireball.uasset" 2931
"C:/Users/malco/Desktop/Cloned Reditus/ReditusV.4.27/Content/Sounds/JrpgBlueprintSounds/CUE_FireballHitRandom.uasset" 2932
"C:/Users/malco/Desktop/Cloned Reditus/ReditusV.4.27/Content/Sounds/JrpgBlueprintSounds/WAV_FireballHit1.uasset" 2933
"C:/Users/malco/Desktop/Cloned Reditus/ReditusV.4.27/Content/Sounds/JrpgBlueprintSounds/WAV_FireballHit2.uasset" 2934
"C:/Users/malco/Desktop/Cloned Reditus/ReditusV.4.27/Content/Sounds/JrpgBlueprintSounds/WAV_FireballHit3.uasset" 2935
"C:/Users/malco/Desktop/Cloned Reditus/ReditusV.4.27/Content/TurnBasedJRPGTemplate/Blueprints/Skills/Buffs/BP_DefenseIncrease.uasset" 2936
"C:/Users/malco/Desktop/Cloned Reditus/ReditusV.4.27/Content/Particles/sA_Megapack_v1/sA_PickupSet_1/Fx/NiagaraSystems/NS_Pickup_4.uasset" 2937
"C:/Users/malco/Desktop/Cloned Reditus/ReditusV.4.27/Content/Particles/sA_Megapack_v1/sA_PickupSet_1/Materials/MI_Aura_1.uasset" 2938
"C:/Users/malco/Desktop/Cloned Reditus/ReditusV.4.27/Content/Particles/sA_Megapack_v1/sA_PickupSet_1/Materials/M_sA_Aura.uasset" 2939
"../../../Engine/Content/Functions/Engine_MaterialFunctions01/ImageAdjustment/DeriveHDRfromLDR.uasset" 2940
"C:/Users/malco/Desktop/Cloned Reditus/ReditusV.4.27/Content/Particles/sA_Megapack_v1/sA_PickupSet_1/Materials/Textures/T_Noise_DistortedCaustic.uasset" 2941
"C:/Users/malco/Desktop/Cloned Reditus/ReditusV.4.27/Content/Particles/sA_Megapack_v1/sA_PickupSet_1/Materials/Textures/T_NoiseFurry.uasset" 2942
"C:/Users/malco/Desktop/Cloned Reditus/ReditusV.4.27/Content/Particles/sA_Megapack_v1/sA_PickupSet_1/Materials/MI_Fresnel.uasset" 2943
"C:/Users/malco/Desktop/Cloned Reditus/ReditusV.4.27/Content/Particles/sA_Megapack_v1/sA_PickupSet_1/Materials/M_Master_Fresnel.uasset" 2944
"C:/Users/malco/Desktop/Cloned Reditus/ReditusV.4.27/Content/Particles/sA_Megapack_v1/sA_PickupSet_1/Materials/MI_Scroll_1.uasset" 2945
"C:/Users/malco/Desktop/Cloned Reditus/ReditusV.4.27/Content/Particles/sA_Megapack_v1/sA_PickupSet_1/Materials/M_AdditiveScrollNiagara.uasset" 2946
"C:/Users/malco/Desktop/Cloned Reditus/ReditusV.4.27/Content/Particles/sA_Megapack_v1/sA_PickupSet_1/Materials/Textures/T_Beam_01.uasset" 2947
"C:/Users/malco/Desktop/Cloned Reditus/ReditusV.4.27/Content/Particles/sA_Megapack_v1/sA_PickupSet_1/Materials/Textures/T_NoiseCloud_1.uasset" 2948
"C:/Users/malco/Desktop/Cloned Reditus/ReditusV.4.27/Content/Particles/sA_Megapack_v1/sA_PickupSet_1/Materials/Textures/T_NoiseCloud_2.uasset" 2949
"C:/Users/malco/Desktop/Cloned Reditus/ReditusV.4.27/Content/Particles/sA_Megapack_v1/sA_PickupSet_1/Materials/Textures/T_Ray_5.uasset" 2950
"C:/Users/malco/Desktop/Cloned Reditus/ReditusV.4.27/Content/Particles/sA_Megapack_v1/sA_PickupSet_1/Fx/NiagaraEmitters/Ne_Aura.uasset" 2951
"../../Plugins/FX/Niagara/Content/DynamicInputs/ValueFromCurve/FloatFromCurve.uasset" 2952
"../../Plugins/FX/Niagara/Content/Modules/Emitter/EmitterState.uasset" 2953
"../../Plugins/FX/Niagara/Content/Functions/Emitter/EmitterChangeState.uasset" 2954
"../../Plugins/FX/Niagara/Content/Enums/ENiagara_EmitterStateOptions.uasset" 2955
"../../Plugins/FX/Niagara/Content/Enums/ENiagara_InfiniteLoopDuration.uasset" 2956
"../../Plugins/FX/Niagara/Content/Enums/ENiagaraEmitterLifeCycleMode.uasset" 2957
"../../Plugins/FX/Niagara/Content/Enums/ENiagaraEmitterScalabilityMode_Limited.uasset" 2958
"../../Plugins/FX/Niagara/Content/Enums/ENiagaraExecutionStateManagement.uasset" 2959
"../../Plugins/FX/Niagara/Content/Enums/ENiagaraInactiveMode.uasset" 2960
"../../Plugins/FX/Niagara/Content/Modules/Emitter/SpawnBurst_Instantaneous.uasset" 2961
"../../Plugins/FX/Niagara/Content/Functions/V2/CalculateRandomRangeFloat.uasset" 2962
"../../Plugins/FX/Niagara/Content/Enums/ENiagaraRandomnessEvaluation.uasset" 2963
"../../Plugins/FX/Niagara/Content/Enums/ENiagaraRandomnessMode.uasset" 2964
"../../Plugins/FX/Niagara/Content/Modules/Emitter/SpawnRate.uasset" 2965
"../../Plugins/FX/Niagara/Content/Functions/RandomRangeFloat.uasset" 2966
"../../Plugins/FX/Niagara/Content/Functions/GetRandomInfo.uasset" 2967
"../../Plugins/FX/Niagara/Content/Modules/Solvers/SolveForcesAndVelocity.uasset" 2968
"../../Plugins/FX/Niagara/Content/Functions/DirectionAndLengthSafe.uasset" 2969
"../../Plugins/FX/Niagara/Content/Functions/Localspace/SimulationPosition.uasset" 2970
"../../Plugins/FX/Niagara/Content/Modules/Spawn/Initialization/InitializeParticle.uasset" 2971
"../../Plugins/FX/Niagara/Content/Modules/Spawn/Location/SphereLocation.uasset" 2972
"../../Plugins/FX/Niagara/Content/Functions/Localspace/TransformVector.uasset" 2973
"../../Plugins/FX/Niagara/Content/Functions/Localspace/TransformBase.uasset" 2974
"../../Plugins/FX/Niagara/Content/Functions/RandomPointInSphere.uasset" 2975
"../../Plugins/FX/Niagara/Content/Enums/ENiagaraExpansionMode.uasset" 2976
"../../Plugins/FX/Niagara/Content/Enums/ENiagaraTorusDistributionMode.uasset" 2977
"../../Plugins/FX/Niagara/Content/Modules/Update/Color/ScaleColor.uasset" 2978
"../../Plugins/FX/Niagara/Content/Enums/ENiagaraScaleColorMode.uasset" 2979
"../../Plugins/FX/Niagara/Content/Modules/Update/Forces/Drag.uasset" 2980
"../../Plugins/FX/Niagara/Content/Modules/Update/Forces/GravityForce.uasset" 2981
"../../Plugins/FX/Niagara/Content/Modules/Update/Lifetime/ParticleState.uasset" 2982
"../../Plugins/FX/Niagara/Content/Modules/Update/Material/DynamicMaterialParameters.uasset" 2983
"../../Plugins/FX/Niagara/Content/DynamicInputs/LinearColor/MultiplyLinearColor.uasset" 2984
"../../Plugins/FX/Niagara/Content/DynamicInputs/Multiply/Multiply_Float.uasset" 2985
"../../Plugins/FX/Niagara/Content/DynamicInputs/TypeConversions/Vector2DFromFloat.uasset" 2986
"../../Plugins/FX/Niagara/Content/DynamicInputs/TypeConversions/VectorFromFloat.uasset" 2987
"../../Plugins/FX/Niagara/Content/Modules/Spawn/Velocity/AddVelocityInCone.uasset" 2988
"../../Plugins/FX/Niagara/Content/Functions/Math/RemapValueRange.uasset" 2989
"../../Plugins/FX/Niagara/Content/Functions/RandomVectorInCone.uasset" 2990
"../../Plugins/FX/Niagara/Content/Functions/PolarToCartesianCoordinates.uasset" 2991
"../../Plugins/FX/Niagara/Content/Functions/Rotation/FindQuatBetween.uasset" 2992
"../../Plugins/FX/Niagara/Content/Functions/Rotation/MultiplyVectorWithQuaternion.uasset" 2993
"../../Plugins/FX/Niagara/Content/Modules/System/SystemState.uasset" 2994
"../../Plugins/FX/Niagara/Content/Functions/System/SystemChangeState.uasset" 2995
"../../Plugins/FX/Niagara/Content/Enums/ENiagaraSystemInactiveMode.uasset" 2996
"../../Plugins/FX/Niagara/Content/Modules/Update/Orientation/V3/UpdateMeshOrientation.uasset" 2997
"../../Plugins/FX/Niagara/Content/Functions/Rotation/MultiplyQuaternion.uasset" 2998
"../../Plugins/FX/Niagara/Content/Modules/Solvers/ApplyRotationVector.uasset" 2999
"../../Plugins/FX/Niagara/Content/Functions/Rotation/AxisAngleToQuaternion.uasset" 3000
"../../Plugins/FX/Niagara/Content/Enums/ENiagaraMeshTransforms.uasset" 3001
"C:/Users/malco/Desktop/Cloned Reditus/ReditusV.4.27/Content/Particles/sA_Megapack_v1/sA_PickupSet_1/Models/SM_Pickup_Defence.uasset" 3002
"C:/Users/malco/Desktop/Cloned Reditus/ReditusV.4.27/Content/Particles/sA_Megapack_v1/sA_PickupSet_1/Models/SM_Pickup_ss.uasset" 3003
"C:/Users/malco/Desktop/Cloned Reditus/ReditusV.4.27/Content/TurnBasedJRPGTemplate/Blueprints/Skills/Buffs/BP_HitCounterActivate.uasset" 3004
"C:/Users/malco/Desktop/Cloned Reditus/ReditusV.4.27/Content/TurnBasedJRPGTemplate/Blueprints/Skills/HealingSkills/BP_BasicHeal.uasset" 3005
"C:/Users/malco/Desktop/Cloned Reditus/ReditusV.4.27/Content/TurnBasedJRPGTemplate/Blueprints/Projectiles/ParticleEffects/Healing/BP_HealingEffect.uasset" 3006
"C:/Users/malco/Desktop/Cloned Reditus/ReditusV.4.27/Content/Particles/AdvancedMagicFX13/Particles/P_ky_heal1.uasset" 3007
"C:/Users/malco/Desktop/Cloned Reditus/ReditusV.4.27/Content/Particles/AdvancedMagicFX13/Materials/MI_ky_auraWallB.uasset" 3008
"C:/Users/malco/Desktop/Cloned Reditus/ReditusV.4.27/Content/Particles/AdvancedMagicFX13/Materials/M_ky_auraWall.uasset" 3009
"C:/Users/malco/Desktop/Cloned Reditus/ReditusV.4.27/Content/Particles/AdvancedMagicFX13/Materials/MI_ky_flare14G.uasset" 3010
"C:/Users/malco/Desktop/Cloned Reditus/ReditusV.4.27/Content/Particles/AdvancedMagicFX13/Materials/M_ky_flare01_primitive.uasset" 3011
"C:/Users/malco/Desktop/Cloned Reditus/ReditusV.4.27/Content/Particles/AdvancedMagicFX13/Textures/T_ky_flareVertical02.uasset" 3012
"C:/Users/malco/Desktop/Cloned Reditus/ReditusV.4.27/Content/Particles/AdvancedMagicFX13/Textures/T_ky_flare14_4x4.uasset" 3013
"C:/Users/malco/Desktop/Cloned Reditus/ReditusV.4.27/Content/Particles/AdvancedMagicFX13/Materials/MI_ky_flare_flash_trs.uasset" 3014
"C:/Users/malco/Desktop/Cloned Reditus/ReditusV.4.27/Content/Particles/AdvancedMagicFX13/Materials/M_ky_flare_flash.uasset" 3015
"C:/Users/malco/Desktop/Cloned Reditus/ReditusV.4.27/Content/Particles/AdvancedMagicFX13/Textures/T_ky_flare_a.uasset" 3016
"C:/Users/malco/Desktop/Cloned Reditus/ReditusV.4.27/Content/Particles/AdvancedMagicFX13/Materials/MI_ky_primitive2_trs_nonD.uasset" 3017
"C:/Users/malco/Desktop/Cloned Reditus/ReditusV.4.27/Content/Particles/AdvancedMagicFX13/Materials/M_ky_primitive.uasset" 3018
"C:/Users/malco/Desktop/Cloned Reditus/ReditusV.4.27/Content/Particles/AdvancedMagicFX13/Textures/T_ky_noise6.uasset" 3019
"C:/Users/malco/Desktop/Cloned Reditus/ReditusV.4.27/Content/Particles/AdvancedMagicFX13/Materials/MI_ky_starDust_dis.uasset" 3020
"C:/Users/malco/Desktop/Cloned Reditus/ReditusV.4.27/Content/Particles/AdvancedMagicFX13/Materials/M_ky_starDust.uasset" 3021
"C:/Users/malco/Desktop/Cloned Reditus/ReditusV.4.27/Content/Particles/AdvancedMagicFX13/Textures/T_ky_dust_longStar.uasset" 3022
"C:/Users/malco/Desktop/Cloned Reditus/ReditusV.4.27/Content/Particles/AdvancedMagicFX13/Meshes/SM_ky_cylinder_superLow_inv.uasset" 3023
"C:/Users/malco/Desktop/Cloned Reditus/ReditusV.4.27/Content/Sounds/JrpgBlueprintSounds/CUE_Heal.uasset" 3024
"C:/Users/malco/Desktop/Cloned Reditus/ReditusV.4.27/Content/Sounds/JrpgBlueprintSounds/WAV_Heal.uasset" 3025
"C:/Users/malco/Desktop/Cloned Reditus/ReditusV.4.27/Content/TurnBasedJRPGTemplate/Textures/T_BasicHeal.uasset" 3026
"C:/Users/malco/Desktop/Cloned Reditus/ReditusV.4.27/Content/TurnBasedJRPGTemplate/Blueprints/Skills/HeroSkills/Airloft/BP_Analyze.uasset" 3027
"C:/Users/malco/Desktop/Cloned Reditus/ReditusV.4.27/Content/Particles/sA_Megapack_v1/sA_StylizedAttacksPack/FX/NiagaraSystems/NS_Aura.uasset" 3028
"C:/Users/malco/Desktop/Cloned Reditus/ReditusV.4.27/Content/Particles/sA_Megapack_v1/sA_StylizedAttacksPack/Materials/M_Basic_Particle_2.uasset" 3029
"C:/Users/malco/Desktop/Cloned Reditus/ReditusV.4.27/Content/Particles/sA_Megapack_v1/sA_StylizedAttacksPack/Materials/Textures/T_Circle_1.uasset" 3030
"C:/Users/malco/Desktop/Cloned Reditus/ReditusV.4.27/Content/Particles/sA_Megapack_v1/sA_StylizedAttacksPack/Materials/M_Gradient_Vert2.uasset" 3031
"C:/Users/malco/Desktop/Cloned Reditus/ReditusV.4.27/Content/Particles/sA_Megapack_v1/sA_StylizedAttacksPack/Materials/Textures/T_Gradient_Vertical.uasset" 3032
"C:/Users/malco/Desktop/Cloned Reditus/ReditusV.4.27/Content/Particles/sA_Megapack_v1/sA_StylizedAttacksPack/Materials/MI_FlameAura_1.uasset" 3033
"C:/Users/malco/Desktop/Cloned Reditus/ReditusV.4.27/Content/Particles/sA_Megapack_v1/sA_StylizedAttacksPack/Materials/M_AdditiveScrollNiagara1.uasset" 3034
"C:/Users/malco/Desktop/Cloned Reditus/ReditusV.4.27/Content/Particles/sA_Megapack_v1/sA_StylizedAttacksPack/Materials/Textures/T_Flame_Aura_1.uasset" 3035
"C:/Users/malco/Desktop/Cloned Reditus/ReditusV.4.27/Content/Particles/sA_Megapack_v1/sA_StylizedAttacksPack/Materials/Textures/T_Noise10.uasset" 3036
"C:/Users/malco/Desktop/Cloned Reditus/ReditusV.4.27/Content/Particles/sA_Megapack_v1/sA_StylizedAttacksPack/Materials/MI_Radial_2.uasset" 3037
"C:/Users/malco/Desktop/Cloned Reditus/ReditusV.4.27/Content/Particles/sA_Megapack_v1/sA_StylizedAttacksPack/Materials/M_Master_RadialBeam.uasset" 3038
"C:/Users/malco/Desktop/Cloned Reditus/ReditusV.4.27/Content/Particles/sA_Megapack_v1/sA_StylizedAttacksPack/FX/NiagaraEmitters/NE_SimpleBurst.uasset" 3039
"../../Plugins/FX/Niagara/Content/DynamicInputs/Helpers/SimulationPosition.uasset" 3040
"../../Plugins/FX/Niagara/Content/DynamicInputs/UniformRange/UniformRangedFloat.uasset" 3041
"../../Plugins/FX/Niagara/Content/Modules/Spawn/Velocity/AddVelocityFromPoint.uasset" 3042
"../../Plugins/FX/Niagara/Content/Functions/DistanceBasedFalloff.uasset" 3043
"../../Plugins/FX/Niagara/Content/Functions/NormalizeDistanceRange.uasset" 3044
"../../Plugins/FX/Niagara/Content/Functions/RandomVector.uasset" 3045
"../../Plugins/FX/Niagara/Content/Functions/RandomUnitVector.uasset" 3046
"../../Plugins/FX/Niagara/Content/Modules/Update/Mass/CalculateSizeAndRotationalInertiaByMass.uasset" 3047
"../../Plugins/FX/Niagara/Content/Enums/ENiagaraMassByVolume.uasset" 3048
"../../Plugins/FX/Niagara/Content/Modules/Update/Size/ScaleSpriteSize.uasset" 3049
"../../Plugins/FX/Niagara/Content/Enums/SpriteRenderer/ENiagara_ScaleSpriteSize.uasset" 3050
"../../Plugins/FX/Niagara/Content/Modules/Solvers/ApplyInitialForces.uasset" 3051
"../../Plugins/FX/Niagara/Content/Modules/Spawn/Location/ConeLocation.uasset" 3052
"../../Plugins/FX/Niagara/Content/Functions/Math/ConeSphereIntersection.uasset" 3053
"../../Plugins/FX/Niagara/Content/Functions/SphericalToCartesianCoordinates.uasset" 3054
"../../Plugins/FX/Niagara/Content/Modules/Spawn/Location/SystemLocation.uasset" 3055
"../../Plugins/FX/Niagara/Content/Modules/Update/Velocity/VortexVelocity.uasset" 3056
"C:/Users/malco/Desktop/Cloned Reditus/ReditusV.4.27/Content/Particles/sA_Megapack_v1/sA_StylizedAttacksPack/Models/SM_Aura_1.uasset" 3057
"C:/Users/malco/Desktop/Cloned Reditus/ReditusV.4.27/Content/Particles/sA_Megapack_v1/sA_StylizedAttacksPack/Models/SM_Aura_2.uasset" 3058
"C:/Users/malco/Desktop/Cloned Reditus/ReditusV.4.27/Content/Particles/sA_Megapack_v1/sA_StylizedAttacksPack/Models/SM_Aura_3.uasset" 3059
"C:/Users/malco/Desktop/Cloned Reditus/ReditusV.4.27/Content/Particles/sA_Megapack_v1/sA_StylizedAttacksPack/Models/SM_Plane.uasset" 3060
"C:/Users/malco/Desktop/Cloned Reditus/ReditusV.4.27/Content/Sounds/Fx/Death_Screams/Robot/sfx_deathscream_robot3.uasset" 3061
"C:/Users/malco/Desktop/Cloned Reditus/ReditusV.4.27/Content/Sounds/Se/Battle1.uasset" 3062
"C:/Users/malco/Desktop/Cloned Reditus/ReditusV.4.27/Content/Sounds/Se/Heal1.uasset" 3063
"C:/Users/malco/Desktop/Cloned Reditus/ReditusV.4.27/Content/TurnBasedJRPGTemplate/Blueprints/UI/BP_BattleUI.uasset" 3064
"C:/Users/malco/Desktop/Cloned Reditus/ReditusV.4.27/Content/TurnBasedJRPGTemplate/Blueprints/Units/EnemyUnits/BP_EnemyBossBase.uasset" 3065
"C:/Users/malco/Desktop/Cloned Reditus/ReditusV.4.27/Content/DialogueSystem/Font/Pixellari_Font.uasset" 3066
"C:/Users/malco/Desktop/Cloned Reditus/ReditusV.4.27/Content/DialogueSystem/Font/Pixellari.uasset" 3067
"C:/Users/malco/Desktop/Cloned Reditus/ReditusV.4.27/Content/TurnBasedJRPGTemplate/Blueprints/UI/Dialogues/BP_ChangeMemberDialogue.uasset" 3068
"C:/Users/malco/Desktop/Cloned Reditus/ReditusV.4.27/Content/TurnBasedJRPGTemplate/Blueprints/UI/ImagesForMainMenu/T_UI_BackGroundtest.uasset" 3069
"C:/Users/malco/Desktop/Cloned Reditus/ReditusV.4.27/Content/TurnBasedJRPGTemplate/Blueprints/UI/MainMenu/BP_UnitButton.uasset" 3070
"../../../Engine/Content/EngineFonts/DroidSansMono.uasset" 3071
"../../../Engine/Content/EngineFonts/Faces/DroidSansMono.uasset" 3072
"C:/Users/malco/Desktop/Cloned Reditus/ReditusV.4.27/Content/MapSpriteAssets/UI_ICONS/BuffandDebuffIcons/BerserkIconUI.uasset" 3073
"C:/Users/malco/Desktop/Cloned Reditus/ReditusV.4.27/Content/MapSpriteAssets/UI_ICONS/BuffandDebuffIcons/BlindedIconUI.uasset" 3074
"C:/Users/malco/Desktop/Cloned Reditus/ReditusV.4.27/Content/MapSpriteAssets/UI_ICONS/BuffandDebuffIcons/Poison_IconSprite.uasset" 3075
"C:/Users/malco/Desktop/Cloned Reditus/ReditusV.4.27/Content/MapSpriteAssets/UI_ICONS/BuffandDebuffIcons/SilencedIcon_Sprite.uasset" 3076
"C:/Users/malco/Desktop/Cloned Reditus/ReditusV.4.27/Content/MapSpriteAssets/UI_ICONS/BuffandDebuffIcons/StunnedIconUI_Sprite.uasset" 3077
"C:/Users/malco/Desktop/Cloned Reditus/ReditusV.4.27/Content/MapSpriteAssets/UI_ICONS/BuffandDebuffIcons/ZombieIconUI_Sprite.uasset" 3078
"C:/Users/malco/Desktop/Cloned Reditus/ReditusV.4.27/Content/TurnBasedJRPGTemplate/Blueprints/UI/BP_HPBar.uasset" 3079
"C:/Users/malco/Desktop/Cloned Reditus/ReditusV.4.27/Content/Material/UI_EFFECTS/M_PlayerUnitUILetters.uasset" 3080
"../../../Engine/Content/Functions/Engine_MaterialFunctions01/Gradient/GeneratedRoundRect.uasset" 3081
"../../../Engine/Content/Functions/Engine_MaterialFunctions02/Utility/VectorToRadialValue.uasset" 3082
"C:/Users/malco/Desktop/Cloned Reditus/ReditusV.4.27/Content/MapSpriteAssets/UI_ICONS/ActionsUIIcons/Attack_Text.uasset" 3083
"C:/Users/malco/Desktop/Cloned Reditus/ReditusV.4.27/Content/Material/UI_EFFECTS/M_PlayerUnitUILetters1.uasset" 3084
"C:/Users/malco/Desktop/Cloned Reditus/ReditusV.4.27/Content/TurnBasedJRPGTemplate/Blueprints/UI/BP_MPBar.uasset" 3085
"C:/Users/malco/Desktop/Cloned Reditus/ReditusV.4.27/Content/TurnBasedJRPGTemplate/Blueprints/UI/ImagesForMainMenu/T_CharacterBackGround.uasset" 3086
"C:/Users/malco/Desktop/Cloned Reditus/ReditusV.4.27/Content/TurnBasedJRPGTemplate/Blueprints/UI/ImagesForMainMenu/T_CharacterBackGroundDead.uasset" 3087
"C:/Users/malco/Desktop/Cloned Reditus/ReditusV.4.27/Content/TurnBasedJRPGTemplate/Textures/T_Swordsman.uasset" 3088
"C:/Users/malco/Desktop/Cloned Reditus/ReditusV.4.27/Content/TurnBasedJRPGTemplate/Textures/T_CircleButton.uasset" 3089
"C:/Users/malco/Desktop/Cloned Reditus/ReditusV.4.27/Content/TurnBasedJRPGTemplate/Textures/T_E_KeyboardButton.uasset" 3090
"C:/Users/malco/Desktop/Cloned Reditus/ReditusV.4.27/Content/TurnBasedJRPGTemplate/Textures/T_KeyBoardB_Button.uasset" 3091
"C:/Users/malco/Desktop/Cloned Reditus/ReditusV.4.27/Content/TurnBasedJRPGTemplate/Textures/T_XButton.uasset" 3092
"C:/Users/malco/Desktop/Cloned Reditus/ReditusV.4.27/Content/TurnBasedJRPGTemplate/Blueprints/UI/Dialogues/BP_ItemUseDialogue.uasset" 3093
"C:/Users/malco/Desktop/Cloned Reditus/ReditusV.4.27/Content/TurnBasedJRPGTemplate/Blueprints/UI/Dialogues/BP_ItemButton.uasset" 3094
"C:/Users/malco/Desktop/Cloned Reditus/ReditusV.4.27/Content/textures/ButtonIcons/Xbox/XboxOne_A.uasset" 3095
"C:/Users/malco/Desktop/Cloned Reditus/ReditusV.4.27/Content/textures/ButtonIcons/Xbox/XboxOne_B.uasset" 3096
"C:/Users/malco/Desktop/Cloned Reditus/ReditusV.4.27/Content/TurnBasedJRPGTemplate/Blueprints/UI/Dialogues/BP_OverdriveDialogue.uasset" 3097
"C:/Users/malco/Desktop/Cloned Reditus/ReditusV.4.27/Content/TurnBasedJRPGTemplate/Blueprints/UI/Dialogues/BP_SkillButton.uasset" 3098
"C:/Users/malco/Desktop/Cloned Reditus/ReditusV.4.27/Content/TurnBasedJRPGTemplate/Blueprints/UI/Dialogues/BP_SkillUseDialogue.uasset" 3099
"C:/Users/malco/Desktop/Cloned Reditus/ReditusV.4.27/Content/TurnBasedJRPGTemplate/Blueprints/Enums/E_SkillsRequiringInput.uasset" 3100
"C:/Users/malco/Desktop/Cloned Reditus/ReditusV.4.27/Content/TurnBasedJRPGTemplate/Blueprints/UI/BP_BattleSpeed.uasset" 3101
"C:/Users/malco/Desktop/Cloned Reditus/ReditusV.4.27/Content/textures/ButtonIcons/KeyboardMouse/ctrl.uasset" 3102
"C:/Users/malco/Desktop/Cloned Reditus/ReditusV.4.27/Content/textures/ButtonIcons/Xbox/XboxOne_Menu.uasset" 3103
"C:/Users/malco/Desktop/Cloned Reditus/ReditusV.4.27/Content/TurnBasedJRPGTemplate/Textures/T_ArrowDisabled.uasset" 3104
"C:/Users/malco/Desktop/Cloned Reditus/ReditusV.4.27/Content/TurnBasedJRPGTemplate/Blueprints/UI/BP_BossUI.uasset" 3105
"C:/Users/malco/Desktop/Cloned Reditus/ReditusV.4.27/Content/TurnBasedJRPGTemplate/Blueprints/Enums/E_TurnType.uasset" 3106
"C:/Users/malco/Desktop/Cloned Reditus/ReditusV.4.27/Content/TurnBasedJRPGTemplate/Textures/T_BossBar1.uasset" 3107
"C:/Users/malco/Desktop/Cloned Reditus/ReditusV.4.27/Content/TurnBasedJRPGTemplate/Textures/T_BossBar2.uasset" 3108
"C:/Users/malco/Desktop/Cloned Reditus/ReditusV.4.27/Content/TurnBasedJRPGTemplate/Blueprints/UI/BP_PlayerUnitListUI.uasset" 3109
"C:/Users/malco/Desktop/Cloned Reditus/ReditusV.4.27/Content/TurnBasedJRPGTemplate/Blueprints/UI/BP_PlayerUnitUI.uasset" 3110
"C:/Users/malco/Desktop/Cloned Reditus/ReditusV.4.27/Content/TurnBasedJRPGTemplate/Blueprints/UI/BP_AmpGauge.uasset" 3111
"C:/Users/malco/Desktop/Cloned Reditus/ReditusV.4.27/Content/MapSpriteAssets/UI_ICONS/Unused/ExhaustionIcon_Sprite.uasset" 3112
"C:/Users/malco/Desktop/Cloned Reditus/ReditusV.4.27/Content/TurnBasedJRPGTemplate/Blueprints/UI/AmpUIcon.uasset" 3113
"C:/Users/malco/Desktop/Cloned Reditus/ReditusV.4.27/Content/Material/UI_EFFECTS/M_AMPSword.uasset" 3114
"C:/Users/malco/Desktop/Cloned Reditus/ReditusV.4.27/Content/TurnBasedJRPGTemplate/Blueprints/UI/BP_BuffUiSymbol.uasset" 3115
"C:/Users/malco/Desktop/Cloned Reditus/ReditusV.4.27/Content/MapSpriteAssets/UI_ICONS/BuffandDebuffIcons/Charmed_IconSprite.uasset" 3116
"C:/Users/malco/Desktop/Cloned Reditus/ReditusV.4.27/Content/MapSpriteAssets/UI_ICONS/BuffandDebuffIcons/Confused_IconSprite.uasset" 3117
"C:/Users/malco/Desktop/Cloned Reditus/ReditusV.4.27/Content/MapSpriteAssets/UI_ICONS/BuffandDebuffIcons/HitUp_IconSprite.uasset" 3118
"C:/Users/malco/Desktop/Cloned Reditus/ReditusV.4.27/Content/MapSpriteAssets/UI_ICONS/BuffandDebuffIcons/Protect_IconSprite.uasset" 3119
"C:/Users/malco/Desktop/Cloned Reditus/ReditusV.4.27/Content/MapSpriteAssets/UI_ICONS/BuffandDebuffIcons/Regen_IconSprite.uasset" 3120
"C:/Users/malco/Desktop/Cloned Reditus/ReditusV.4.27/Content/MapSpriteAssets/UI_ICONS/BuffandDebuffIcons/Sleep_IconSprite.uasset" 3121
"C:/Users/malco/Desktop/Cloned Reditus/ReditusV.4.27/Content/TurnBasedJRPGTemplate/Blueprints/UI/BP_OverdriveComboBar.uasset" 3122
"C:/Users/malco/Desktop/Cloned Reditus/ReditusV.4.27/Content/textures/Curve_OverdriveBarColor.uasset" 3123
"C:/Users/malco/Desktop/Cloned Reditus/ReditusV.4.27/Content/TurnBasedJRPGTemplate/Blueprints/UI/BP_StaminaPoints.uasset" 3124
"C:/Users/malco/Desktop/Cloned Reditus/ReditusV.4.27/Content/Particles/sA_Megapack_v1/sA_PickupSet_1/Materials/Textures/T_Shield_1.uasset" 3125
"C:/Users/malco/Desktop/Cloned Reditus/ReditusV.4.27/Content/TurnBasedJRPGTemplate/Textures/T_BattleBorder.uasset" 3126
"C:/Users/malco/Desktop/Cloned Reditus/ReditusV.4.27/Content/TurnBasedJRPGTemplate/Blueprints/UI/BP_TurnOrderList.uasset" 3127
"C:/Users/malco/Desktop/Cloned Reditus/ReditusV.4.27/Content/TurnBasedJRPGTemplate/Blueprints/UI/BP_TurnOrderUI.uasset" 3128
"C:/Users/malco/Desktop/Cloned Reditus/ReditusV.4.27/Content/textures/UIBackgrounds/T_PortaitBackground.uasset" 3129
"C:/Users/malco/Desktop/Cloned Reditus/ReditusV.4.27/Content/TurnBasedJRPGTemplate/Textures/T_TargetIcon.uasset" 3130
"C:/Users/malco/Desktop/Cloned Reditus/ReditusV.4.27/Content/TurnBasedJRPGTemplate/Textures/T_WeakEnemy.uasset" 3131
"C:/Users/malco/Desktop/Cloned Reditus/ReditusV.4.27/Content/TurnBasedJRPGTemplate/Blueprints/UI/BP_UnitBattleDetails.uasset" 3132
"C:/Users/malco/Desktop/Cloned Reditus/ReditusV.4.27/Content/textures/ButtonIcons/PlayStation/PS4_Circle.uasset" 3133
"C:/Users/malco/Desktop/Cloned Reditus/ReditusV.4.27/Content/TurnBasedJRPGTemplate/Blueprints/UI/BP_CoreElementalResistances.uasset" 3134
"C:/Users/malco/Desktop/Cloned Reditus/ReditusV.4.27/Content/TurnBasedJRPGTemplate/Blueprints/UI/BP_CoreElementalWidgetsResistancesContainers.uasset" 3135
"C:/Users/malco/Desktop/Cloned Reditus/ReditusV.4.27/Content/MapSpriteAssets/UI_ICONS/ElementalIcons/DamageIcon2_Sprite_68.uasset" 3136
"C:/Users/malco/Desktop/Cloned Reditus/ReditusV.4.27/Content/MapSpriteAssets/UI_ICONS/ElementalIcons/DamageIcon2.uasset" 3137
"C:/Users/malco/Desktop/Cloned Reditus/ReditusV.4.27/Content/MapSpriteAssets/UI_ICONS/ElementalIcons/DamageIcon3_Sprite_0.uasset" 3138
"C:/Users/malco/Desktop/Cloned Reditus/ReditusV.4.27/Content/MapSpriteAssets/UI_ICONS/ElementalIcons/T_DamageIcon.uasset" 3139
"C:/Users/malco/Desktop/Cloned Reditus/ReditusV.4.27/Content/MapSpriteAssets/UI_ICONS/ElementalIcons/DamageIcons_Sprite_0.uasset" 3140
"C:/Users/malco/Desktop/Cloned Reditus/ReditusV.4.27/Content/MapSpriteAssets/UI_ICONS/ElementalIcons/T_DamageIcons.uasset" 3141
"C:/Users/malco/Desktop/Cloned Reditus/ReditusV.4.27/Content/MapSpriteAssets/UI_ICONS/ElementalIcons/DamageIcons_Sprite_15.uasset" 3142
"C:/Users/malco/Desktop/Cloned Reditus/ReditusV.4.27/Content/MapSpriteAssets/UI_ICONS/ElementalIcons/DamageIcons_Sprite_432.uasset" 3143
"C:/Users/malco/Desktop/Cloned Reditus/ReditusV.4.27/Content/MapSpriteAssets/UI_ICONS/ElementalIcons/T_ElementalIcons_Dark.uasset" 3144
"C:/Users/malco/Desktop/Cloned Reditus/ReditusV.4.27/Content/MapSpriteAssets/UI_ICONS/ElementalIcons/T_ElementalIcons_Earth.uasset" 3145
"C:/Users/malco/Desktop/Cloned Reditus/ReditusV.4.27/Content/MapSpriteAssets/UI_ICONS/ElementalIcons/T_ElementalIcons_Fire.uasset" 3146
"C:/Users/malco/Desktop/Cloned Reditus/ReditusV.4.27/Content/MapSpriteAssets/UI_ICONS/ElementalIcons/T_ElementalIcons_Holy.uasset" 3147
"C:/Users/malco/Desktop/Cloned Reditus/ReditusV.4.27/Content/MapSpriteAssets/UI_ICONS/ElementalIcons/T_ElementalIcons_Spirit.uasset" 3148
"C:/Users/malco/Desktop/Cloned Reditus/ReditusV.4.27/Content/MapSpriteAssets/UI_ICONS/ElementalIcons/T_ElementalIcons_Water.uasset" 3149
"C:/Users/malco/Desktop/Cloned Reditus/ReditusV.4.27/Content/MapSpriteAssets/UI_ICONS/ElementalIcons/T_ElementalIcons_Wind.uasset" 3150
"C:/Users/malco/Desktop/Cloned Reditus/ReditusV.4.27/Content/MapSpriteAssets/UI_ICONS/ElementalIcons/T_physicaldamage.uasset" 3151
"C:/Users/malco/Desktop/Cloned Reditus/ReditusV.4.27/Content/TurnBasedJRPGTemplate/Textures/T_BlueUnderline.uasset" 3152
"C:/Users/malco/Desktop/Cloned Reditus/ReditusV.4.27/Content/TurnBasedJRPGTemplate/Textures/T_Defense.uasset" 3153
"C:/Users/malco/Desktop/Cloned Reditus/ReditusV.4.27/Content/TurnBasedJRPGTemplate/Textures/T_Hit.uasset" 3154
"C:/Users/malco/Desktop/Cloned Reditus/ReditusV.4.27/Content/TurnBasedJRPGTemplate/Textures/T_MagicalAttack.uasset" 3155
"C:/Users/malco/Desktop/Cloned Reditus/ReditusV.4.27/Content/TurnBasedJRPGTemplate/Textures/T_MagicalDefense.uasset" 3156
"C:/Users/malco/Desktop/Cloned Reditus/ReditusV.4.27/Content/TurnBasedJRPGTemplate/Textures/T_PhysicalAttack.uasset" 3157
"C:/Users/malco/Desktop/Cloned Reditus/ReditusV.4.27/Content/TurnBasedJRPGTemplate/Textures/T_Speed.uasset" 3158
"C:/Users/malco/Desktop/Cloned Reditus/ReditusV.4.27/Content/TurnBasedJRPGTemplate/Blueprints/UI/ImagesForMainMenu/T_UI_BackGroundtestHighlighted.uasset" 3159
"C:/Users/malco/Desktop/Cloned Reditus/ReditusV.4.27/Content/TurnBasedJRPGTemplate/Textures/T_FullHeal.uasset" 3160
"C:/Users/malco/Desktop/Cloned Reditus/ReditusV.4.27/Content/TurnBasedJRPGTemplate/Blueprints/Skills/HeroSkills/Airloft/BP_SkillHitCounter.uasset" 3161
"C:/Users/malco/Desktop/Cloned Reditus/ReditusV.4.27/Content/Particles/RPGEffects/ParticlesNiagara/StatusEffects/LevelUp/NS_Status_LevelUp.uasset" 3162
"C:/Users/malco/Desktop/Cloned Reditus/ReditusV.4.27/Content/Particles/RPGEffects/Materials/M_Ring.uasset" 3163
"C:/Users/malco/Desktop/Cloned Reditus/ReditusV.4.27/Content/Particles/RPGEffects/Textures/T_Ring.uasset" 3164
"C:/Users/malco/Desktop/Cloned Reditus/ReditusV.4.27/Content/Particles/RPGEffects/Materials/M_Sparks.uasset" 3165
"C:/Users/malco/Desktop/Cloned Reditus/ReditusV.4.27/Content/Particles/RPGEffects/Textures/T_Sparks.uasset" 3166
"C:/Users/malco/Desktop/Cloned Reditus/ReditusV.4.27/Content/Particles/RPGEffects/Materials/M_Whirlwind_Rings.uasset" 3167
"C:/Users/malco/Desktop/Cloned Reditus/ReditusV.4.27/Content/Particles/RPGEffects/ParticlesNiagara/StatusEffects/LevelUp/NE_Ring_Big.uasset" 3168
"../../Plugins/FX/Niagara/Content/DynamicInputs/ValueFromCurve/Vector2DFromCurve.uasset" 3169
"../../Plugins/FX/Niagara/Content/Modules/Spawn/Initialization/V2/InitializeParticle.uasset" 3170
"../../Plugins/FX/Niagara/Content/Functions/LinearColor/HueShiftLinearColor.uasset" 3171
"../../Plugins/FX/Niagara/Content/Functions/V2/CalculateRandomBool.uasset" 3172
"../../Plugins/FX/Niagara/Content/Functions/V2/CalculateRandomRangeInteger.uasset" 3173
"../../Plugins/FX/Niagara/Content/Functions/V2/CalculateRandomRange.uasset" 3174
"../../Plugins/FX/Niagara/Content/Enums/ENiagara_ColorInitializationMode.uasset" 3175
"../../Plugins/FX/Niagara/Content/Enums/ENiagara_LifetimeMode.uasset" 3176
"../../Plugins/FX/Niagara/Content/Enums/ENiagara_MassInitializationMode.uasset" 3177
"../../Plugins/FX/Niagara/Content/Enums/ENiagara_PositionInitializationMode.uasset" 3178
"../../Plugins/FX/Niagara/Content/Enums/ENiagara_SizeScaleMode.uasset" 3179
"../../Plugins/FX/Niagara/Content/Enums/ENiagara_SpriteRotationMode.uasset" 3180
"../../Plugins/FX/Niagara/Content/Enums/ENiagara_UVFlippingMode.uasset" 3181
"../../Plugins/FX/Niagara/Content/Enums/ENiagaraChannelCorrelation.uasset" 3182
"../../Plugins/FX/Niagara/Content/Enums/Ribbons/ENiagara_UnsetDirectSetRandom.uasset" 3183
"C:/Users/malco/Desktop/Cloned Reditus/ReditusV.4.27/Content/Particles/RPGEffects/ParticlesNiagara/StatusEffects/LevelUp/NE_Rings_SpiralUp.uasset" 3184
"../../Plugins/FX/Niagara/Content/DynamicInputs/UniformRange/V2/RandomRangeFloat.uasset" 3185
"../../Plugins/FX/Niagara/Content/DynamicInputs/UniformRange/V2/RandomRangeVector.uasset" 3186
"../../Plugins/FX/Niagara/Content/Modules/Spawn/Velocity/LinearForce.uasset" 3187
"../../Plugins/FX/Niagara/Content/Functions/Localspace/TransformOffset.uasset" 3188
"../../Plugins/FX/Niagara/Content/Modules/Update/Orientation/SpriteRotationRate.uasset" 3189
"../../Plugins/FX/Niagara/Content/DynamicInputs/UniformRange/V2/RandomRangeInt.uasset" 3190
"../../Plugins/FX/Niagara/Content/Modules/Spawn/Location/CylinderLocation.uasset" 3191
"../../Plugins/FX/Niagara/Content/Functions/Math/SaturateFloat.uasset" 3192
"../../Plugins/FX/Niagara/Content/Functions/Rotation/AngleUnitConverter.uasset" 3193
"../../Plugins/FX/Niagara/Content/Enums/Angles/ENiagara_AngleInput.uasset" 3194
"../../Plugins/FX/Niagara/Content/Functions/Rotation/InvertQuaternion.uasset" 3195
"../../Plugins/FX/Niagara/Content/Functions/Rotation/MakeQuaternionFrom3BasisVectors.uasset" 3196
"../../Plugins/FX/Niagara/Content/Functions/Rotation/MatrixToQuaternion.uasset" 3197
"../../Plugins/FX/Niagara/Content/Functions/Rotation/XYZRotationToQuaternion.uasset" 3198
"../../Plugins/FX/Niagara/Content/Functions/V2/RemapRange.uasset" 3199
"../../Plugins/FX/Niagara/Content/Enums/ENiagara_AttributeSamplingApplyOutput.uasset" 3200
"../../Plugins/FX/Niagara/Content/Enums/Location/ENiagara_CylinderMode.uasset" 3201
"../../Plugins/FX/Niagara/Content/Enums/Transforms/ENiagara_OffsetMode.uasset" 3202
"../../Plugins/FX/Niagara/Content/Enums/Transforms/ENiagara_RotationMode.uasset" 3203
"../../Plugins/FX/Niagara/Content/Enums/Transforms/ENiagara_ScaleMode.uasset" 3204
"../../Plugins/FX/Niagara/Content/Enums/Transforms/ENiagara_TransformOrder.uasset" 3205
"../../Plugins/FX/Niagara/Content/Enums/Transforms/ENiagara_TransformType.uasset" 3206
"../../Plugins/FX/Niagara/Content/Modules/Spawn/Location/V2/SphereLocation.uasset" 3207
"../../Plugins/FX/Niagara/Content/Functions/V2/CalculateRandomPointInSphere.uasset" 3208
"../../Plugins/FX/Niagara/Content/Enums/ENiagaraSphereDistributionMode.uasset" 3209
"../../Plugins/FX/Niagara/Content/Modules/Update/SubUV/V2/SubUVAnimation.uasset" 3210
"../../Plugins/FX/Niagara/Content/Functions/RandomRangeInteger.uasset" 3211
"../../Plugins/FX/Niagara/Content/Enums/ENiagara_SubUVLookupMode.uasset" 3212
"C:/Users/malco/Desktop/Cloned Reditus/ReditusV.4.27/Content/MapSpriteAssets/UI_ICONS/ElementalIcons/T_ElementalIcons_Fire_Sprite_1.uasset" 3213
"C:/Users/malco/Desktop/Cloned Reditus/ReditusV.4.27/Content/TurnBasedJRPGTemplate/Blueprints/Skills/Overdrives/BP_AirloftAoeFireOverdrive.uasset" 3214
"C:/Users/malco/Desktop/Cloned Reditus/ReditusV.4.27/Content/TurnBasedJRPGTemplate/Blueprints/Battle/BP_PlayerUnitForwardLocation.uasset" 3215
"C:/Users/malco/Desktop/Cloned Reditus/ReditusV.4.27/Content/TurnBasedJRPGTemplate/Blueprints/Battle/BP_UnitSpawnLocation.uasset" 3216
"C:/Users/malco/Desktop/Cloned Reditus/ReditusV.4.27/Content/TurnBasedJRPGTemplate/Materials/M_UnitSpawnLocation.uasset" 3217
"C:/Users/malco/Desktop/Cloned Reditus/ReditusV.4.27/Content/TurnBasedJRPGTemplate/Materials/M_Area.uasset" 3218
"C:/Users/malco/Desktop/Cloned Reditus/ReditusV.4.27/Content/TurnBasedJRPGTemplate/Blueprints/Projectiles/SkillProjectiles/BP_AirloftAOEOverdriveProjectile.uasset" 3219
"C:/Users/malco/Desktop/Cloned Reditus/ReditusV.4.27/Content/Particles/AdvancedMagicFX13/Particles/P_ky_explosion3.uasset" 3220
"C:/Users/malco/Desktop/Cloned Reditus/ReditusV.4.27/Content/Particles/AdvancedMagicFX13/Materials/M_ky_empty.uasset" 3221
"C:/Users/malco/Desktop/Cloned Reditus/ReditusV.4.27/Content/Particles/AdvancedMagicFX13/Materials/M_ky_gaseous03.uasset" 3222
"C:/Users/malco/Desktop/Cloned Reditus/ReditusV.4.27/Content/Particles/AdvancedMagicFX13/Textures/T_ky_noise13_sml_nor.uasset" 3223
"C:/Users/malco/Desktop/Cloned Reditus/ReditusV.4.27/Content/Particles/AdvancedMagicFX13/Textures/T_ky_smoke1.uasset" 3224
"C:/Users/malco/Desktop/Cloned Reditus/ReditusV.4.27/Content/Particles/AdvancedMagicFX13/Materials/M_ky_lensFlare02.uasset" 3225
"../../../Engine/Content/Functions/Engine_MaterialFunctions02/Utility/Sine_Remapped.uasset" 3226
"C:/Users/malco/Desktop/Cloned Reditus/ReditusV.4.27/Content/Particles/AdvancedMagicFX13/Textures/T_ky_lensFlare01.uasset" 3227
"C:/Users/malco/Desktop/Cloned Reditus/ReditusV.4.27/Content/Particles/AdvancedMagicFX13/Materials/M_ky_shockwave08.uasset" 3228
"C:/Users/malco/Desktop/Cloned Reditus/ReditusV.4.27/Content/Particles/AdvancedMagicFX13/Materials/Mfunction/MF_ky_addHilight.uasset" 3229
"C:/Users/malco/Desktop/Cloned Reditus/ReditusV.4.27/Content/Particles/AdvancedMagicFX13/Textures/T_ky_maskRGB3.uasset" 3230
"C:/Users/malco/Desktop/Cloned Reditus/ReditusV.4.27/Content/Particles/AdvancedMagicFX13/Textures/T_ky_noise16.uasset" 3231
"C:/Users/malco/Desktop/Cloned Reditus/ReditusV.4.27/Content/Particles/AdvancedMagicFX13/Textures/T_ky_noise4.uasset" 3232
"C:/Users/malco/Desktop/Cloned Reditus/ReditusV.4.27/Content/Particles/AdvancedMagicFX13/Materials/MI_ky_polarShockwave2_two.uasset" 3233
"C:/Users/malco/Desktop/Cloned Reditus/ReditusV.4.27/Content/Particles/AdvancedMagicFX13/Materials/M_ky_polarShockwave2.uasset" 3234
"C:/Users/malco/Desktop/Cloned Reditus/ReditusV.4.27/Content/Particles/AdvancedMagicFX13/Materials/Mfunction/MF_ky_VectorToRadialValue.uasset" 3235
"C:/Users/malco/Desktop/Cloned Reditus/ReditusV.4.27/Content/Particles/AdvancedMagicFX13/Textures/T_ky_ice02.uasset" 3236
"C:/Users/malco/Desktop/Cloned Reditus/ReditusV.4.27/Content/Particles/AdvancedMagicFX13/Textures/T_ky_maskRGB06.uasset" 3237
"C:/Users/malco/Desktop/Cloned Reditus/ReditusV.4.27/Content/Particles/AdvancedMagicFX13/Materials/MI_ky_starDust_sq.uasset" 3238
"C:/Users/malco/Desktop/Cloned Reditus/ReditusV.4.27/Content/Particles/AdvancedMagicFX13/Meshes/SM_ky_circle_midpoly.uasset" 3239
"C:/Users/malco/Desktop/Cloned Reditus/ReditusV.4.27/Content/TurnBasedJRPGTemplate/Blueprints/Skills/Buffs/BP_Poison.uasset" 3240
"C:/Users/malco/Desktop/Cloned Reditus/ReditusV.4.27/Content/MapSpriteAssets/UI_ICONS/ElementalIcons/T_ElementalIcons_Sprite_Fire.uasset" 3241
"C:/Users/malco/Desktop/Cloned Reditus/ReditusV.4.27/Content/MapSpriteAssets/UI_ICONS/ElementalIcons/T_ElementalIcons.uasset" 3242
"C:/Users/malco/Desktop/Cloned Reditus/ReditusV.4.27/Content/Sounds/Fx/Weapons/Shotgun/sfx_weapon_shotgun3.uasset" 3243
"C:/Users/malco/Desktop/Cloned Reditus/ReditusV.4.27/Content/TurnBasedJRPGTemplate/Blueprints/UI/BP_StaminaStaggerTut2.uasset" 3244
"C:/Users/malco/Desktop/Cloned Reditus/ReditusV.4.27/Content/PushableActorProject/Blueprints/BasicPush/Texture/UI/T_PushKeyboard_E.uasset" 3245
"C:/Users/malco/Desktop/Cloned Reditus/ReditusV.4.27/Content/textures/UIBackgrounds/StaminaBreak_Text.uasset" 3246
"C:/Users/malco/Desktop/Cloned Reditus/ReditusV.4.27/Content/Flipbooks/MiscAssets/Faces/T_AirloftFullPortrait.uasset" 3247
"C:/Users/malco/Desktop/Cloned Reditus/ReditusV.4.27/Content/Flipbooks/MiscAssets/Faces/T_AirloftThumbnail.uasset" 3248
"C:/Users/malco/Desktop/Cloned Reditus/ReditusV.4.27/Content/Flipbooks/MiscAssets/Faces/T_AirloftThumbnail_Sprite.uasset" 3249
"C:/Users/malco/Desktop/Cloned Reditus/ReditusV.4.27/Content/TurnBasedJRPGTemplate/Blueprints/Units/PlayerUnits/AnimBP/AirloftBattleAnim.uasset" 3250
"C:/Users/malco/Desktop/Cloned Reditus/ReditusV.4.27/Content/Flipbooks/OverworldPlayerCharacterFlipbooks/Drone/IdleDrone2.uasset" 3251
"C:/Users/malco/Desktop/Cloned Reditus/ReditusV.4.27/Content/Flipbooks/OverworldPlayerCharacterFlipbooks/Drone/IsDead/DroneisDead_FB.uasset" 3252
"C:/Users/malco/Desktop/Cloned Reditus/ReditusV.4.27/Content/Flipbooks/OverworldPlayerCharacterFlipbooks/Drone/IsDead/DroneDead_Sprite_0.uasset" 3253
"C:/Users/malco/Desktop/Cloned Reditus/ReditusV.4.27/Content/Flipbooks/OverworldPlayerCharacterFlipbooks/Drone/IsDead/DroneDead.uasset" 3254
"C:/Users/malco/Desktop/Cloned Reditus/ReditusV.4.27/Content/Flipbooks/OverworldPlayerCharacterFlipbooks/Drone/IsDead/DroneDead_Sprite_1.uasset" 3255
"C:/Users/malco/Desktop/Cloned Reditus/ReditusV.4.27/Content/Flipbooks/OverworldPlayerCharacterFlipbooks/Drone/IsDead/DroneDead_Sprite_10.uasset" 3256
"C:/Users/malco/Desktop/Cloned Reditus/ReditusV.4.27/Content/Flipbooks/OverworldPlayerCharacterFlipbooks/Drone/IsDead/DroneDead_Sprite_11.uasset" 3257
"C:/Users/malco/Desktop/Cloned Reditus/ReditusV.4.27/Content/Flipbooks/OverworldPlayerCharacterFlipbooks/Drone/IsDead/DroneDead_Sprite_12.uasset" 3258
"C:/Users/malco/Desktop/Cloned Reditus/ReditusV.4.27/Content/Flipbooks/OverworldPlayerCharacterFlipbooks/Drone/IsDead/DroneDead_Sprite_13.uasset" 3259
"C:/Users/malco/Desktop/Cloned Reditus/ReditusV.4.27/Content/Flipbooks/OverworldPlayerCharacterFlipbooks/Drone/IsDead/DroneDead_Sprite_14.uasset" 3260
"C:/Users/malco/Desktop/Cloned Reditus/ReditusV.4.27/Content/Flipbooks/OverworldPlayerCharacterFlipbooks/Drone/IsDead/DroneDead_Sprite_15.uasset" 3261
"C:/Users/malco/Desktop/Cloned Reditus/ReditusV.4.27/Content/Flipbooks/OverworldPlayerCharacterFlipbooks/Drone/IsDead/DroneDead_Sprite_16.uasset" 3262
"C:/Users/malco/Desktop/Cloned Reditus/ReditusV.4.27/Content/Flipbooks/OverworldPlayerCharacterFlipbooks/Drone/IsDead/DroneDead_Sprite_17.uasset" 3263
"C:/Users/malco/Desktop/Cloned Reditus/ReditusV.4.27/Content/Flipbooks/OverworldPlayerCharacterFlipbooks/Drone/IsDead/DroneDead_Sprite_2.uasset" 3264
"C:/Users/malco/Desktop/Cloned Reditus/ReditusV.4.27/Content/Flipbooks/OverworldPlayerCharacterFlipbooks/Drone/IsDead/DroneDead_Sprite_3.uasset" 3265
"C:/Users/malco/Desktop/Cloned Reditus/ReditusV.4.27/Content/Flipbooks/OverworldPlayerCharacterFlipbooks/Drone/IsDead/DroneDead_Sprite_4.uasset" 3266
"C:/Users/malco/Desktop/Cloned Reditus/ReditusV.4.27/Content/Flipbooks/OverworldPlayerCharacterFlipbooks/Drone/IsDead/DroneDead_Sprite_5.uasset" 3267
"C:/Users/malco/Desktop/Cloned Reditus/ReditusV.4.27/Content/Flipbooks/OverworldPlayerCharacterFlipbooks/Drone/IsDead/DroneDead_Sprite_6.uasset" 3268
"C:/Users/malco/Desktop/Cloned Reditus/ReditusV.4.27/Content/Flipbooks/OverworldPlayerCharacterFlipbooks/Drone/IsDead/DroneDead_Sprite_7.uasset" 3269
"C:/Users/malco/Desktop/Cloned Reditus/ReditusV.4.27/Content/Flipbooks/OverworldPlayerCharacterFlipbooks/Drone/IsDead/DroneDead_Sprite_8.uasset" 3270
"C:/Users/malco/Desktop/Cloned Reditus/ReditusV.4.27/Content/Flipbooks/OverworldPlayerCharacterFlipbooks/Drone/IsDead/DroneDead_Sprite_9.uasset" 3271
"C:/Users/malco/Desktop/Cloned Reditus/ReditusV.4.27/Content/Flipbooks/OverworldPlayerCharacterFlipbooks/Drone/IsDead/DronePermDead_FB.uasset" 3272
"C:/Users/malco/Desktop/Cloned Reditus/ReditusV.4.27/Content/Flipbooks/OverworldPlayerCharacterFlipbooks/Drone/IsDefending/DroneDefend_FB.uasset" 3273
"C:/Users/malco/Desktop/Cloned Reditus/ReditusV.4.27/Content/Flipbooks/OverworldPlayerCharacterFlipbooks/Drone/IsDefending/DroneDefend_Sprite_0.uasset" 3274
"C:/Users/malco/Desktop/Cloned Reditus/ReditusV.4.27/Content/Flipbooks/OverworldPlayerCharacterFlipbooks/Drone/IsDefending/DroneDefend.uasset" 3275
"C:/Users/malco/Desktop/Cloned Reditus/ReditusV.4.27/Content/Flipbooks/OverworldPlayerCharacterFlipbooks/Drone/IsDefending/DroneDefend_Sprite_1.uasset" 3276
"C:/Users/malco/Desktop/Cloned Reditus/ReditusV.4.27/Content/Flipbooks/OverworldPlayerCharacterFlipbooks/Drone/IsDefending/DroneDefend_Sprite_10.uasset" 3277
"C:/Users/malco/Desktop/Cloned Reditus/ReditusV.4.27/Content/Flipbooks/OverworldPlayerCharacterFlipbooks/Drone/IsDefending/DroneDefend_Sprite_11.uasset" 3278
"C:/Users/malco/Desktop/Cloned Reditus/ReditusV.4.27/Content/Flipbooks/OverworldPlayerCharacterFlipbooks/Drone/IsDefending/DroneDefend_Sprite_12.uasset" 3279
"C:/Users/malco/Desktop/Cloned Reditus/ReditusV.4.27/Content/Flipbooks/OverworldPlayerCharacterFlipbooks/Drone/IsDefending/DroneDefend_Sprite_13.uasset" 3280
"C:/Users/malco/Desktop/Cloned Reditus/ReditusV.4.27/Content/Flipbooks/OverworldPlayerCharacterFlipbooks/Drone/IsDefending/DroneDefend_Sprite_14.uasset" 3281
"C:/Users/malco/Desktop/Cloned Reditus/ReditusV.4.27/Content/Flipbooks/OverworldPlayerCharacterFlipbooks/Drone/IsDefending/DroneDefend_Sprite_15.uasset" 3282
"C:/Users/malco/Desktop/Cloned Reditus/ReditusV.4.27/Content/Flipbooks/OverworldPlayerCharacterFlipbooks/Drone/IsDefending/DroneDefend_Sprite_2.uasset" 3283
"C:/Users/malco/Desktop/Cloned Reditus/ReditusV.4.27/Content/Flipbooks/OverworldPlayerCharacterFlipbooks/Drone/IsDefending/DroneDefend_Sprite_3.uasset" 3284
"C:/Users/malco/Desktop/Cloned Reditus/ReditusV.4.27/Content/Flipbooks/OverworldPlayerCharacterFlipbooks/Drone/IsDefending/DroneDefend_Sprite_4.uasset" 3285
"C:/Users/malco/Desktop/Cloned Reditus/ReditusV.4.27/Content/Flipbooks/OverworldPlayerCharacterFlipbooks/Drone/IsDefending/DroneDefend_Sprite_5.uasset" 3286
"C:/Users/malco/Desktop/Cloned Reditus/ReditusV.4.27/Content/Flipbooks/OverworldPlayerCharacterFlipbooks/Drone/IsDefending/DroneDefend_Sprite_6.uasset" 3287
"C:/Users/malco/Desktop/Cloned Reditus/ReditusV.4.27/Content/Flipbooks/OverworldPlayerCharacterFlipbooks/Drone/IsDefending/DroneDefend_Sprite_7.uasset" 3288
"C:/Users/malco/Desktop/Cloned Reditus/ReditusV.4.27/Content/Flipbooks/OverworldPlayerCharacterFlipbooks/Drone/IsDefending/DroneDefend_Sprite_8.uasset" 3289
"C:/Users/malco/Desktop/Cloned Reditus/ReditusV.4.27/Content/Flipbooks/OverworldPlayerCharacterFlipbooks/Drone/IsDefending/DroneDefend_Sprite_9.uasset" 3290
"C:/Users/malco/Desktop/Cloned Reditus/ReditusV.4.27/Content/Flipbooks/OverworldPlayerCharacterFlipbooks/Drone/IsHit/DroneIsHit_FB.uasset" 3291
"C:/Users/malco/Desktop/Cloned Reditus/ReditusV.4.27/Content/Flipbooks/OverworldPlayerCharacterFlipbooks/Drone/IsHit/DroneIsHit_Sprite_0.uasset" 3292
"C:/Users/malco/Desktop/Cloned Reditus/ReditusV.4.27/Content/Flipbooks/OverworldPlayerCharacterFlipbooks/Drone/IsHit/DroneIsHit.uasset" 3293
"C:/Users/malco/Desktop/Cloned Reditus/ReditusV.4.27/Content/Flipbooks/OverworldPlayerCharacterFlipbooks/Drone/IsHit/DroneIsHit_Sprite_1.uasset" 3294
"C:/Users/malco/Desktop/Cloned Reditus/ReditusV.4.27/Content/Flipbooks/OverworldPlayerCharacterFlipbooks/Drone/IsHit/DroneIsHit_Sprite_10.uasset" 3295
"C:/Users/malco/Desktop/Cloned Reditus/ReditusV.4.27/Content/Flipbooks/OverworldPlayerCharacterFlipbooks/Drone/IsHit/DroneIsHit_Sprite_11.uasset" 3296
"C:/Users/malco/Desktop/Cloned Reditus/ReditusV.4.27/Content/Flipbooks/OverworldPlayerCharacterFlipbooks/Drone/IsHit/DroneIsHit_Sprite_12.uasset" 3297
"C:/Users/malco/Desktop/Cloned Reditus/ReditusV.4.27/Content/Flipbooks/OverworldPlayerCharacterFlipbooks/Drone/IsHit/DroneIsHit_Sprite_13.uasset" 3298
"C:/Users/malco/Desktop/Cloned Reditus/ReditusV.4.27/Content/Flipbooks/OverworldPlayerCharacterFlipbooks/Drone/IsHit/DroneIsHit_Sprite_14.uasset" 3299
"C:/Users/malco/Desktop/Cloned Reditus/ReditusV.4.27/Content/Flipbooks/OverworldPlayerCharacterFlipbooks/Drone/IsHit/DroneIsHit_Sprite_15.uasset" 3300
"C:/Users/malco/Desktop/Cloned Reditus/ReditusV.4.27/Content/Flipbooks/OverworldPlayerCharacterFlipbooks/Drone/IsHit/DroneIsHit_Sprite_2.uasset" 3301
"C:/Users/malco/Desktop/Cloned Reditus/ReditusV.4.27/Content/Flipbooks/OverworldPlayerCharacterFlipbooks/Drone/IsHit/DroneIsHit_Sprite_3.uasset" 3302
"C:/Users/malco/Desktop/Cloned Reditus/ReditusV.4.27/Content/Flipbooks/OverworldPlayerCharacterFlipbooks/Drone/IsHit/DroneIsHit_Sprite_4.uasset" 3303
"C:/Users/malco/Desktop/Cloned Reditus/ReditusV.4.27/Content/Flipbooks/OverworldPlayerCharacterFlipbooks/Drone/IsHit/DroneIsHit_Sprite_5.uasset" 3304
"C:/Users/malco/Desktop/Cloned Reditus/ReditusV.4.27/Content/Flipbooks/OverworldPlayerCharacterFlipbooks/Drone/IsHit/DroneIsHit_Sprite_6.uasset" 3305
"C:/Users/malco/Desktop/Cloned Reditus/ReditusV.4.27/Content/Flipbooks/OverworldPlayerCharacterFlipbooks/Drone/IsHit/DroneIsHit_Sprite_7.uasset" 3306
"C:/Users/malco/Desktop/Cloned Reditus/ReditusV.4.27/Content/Flipbooks/OverworldPlayerCharacterFlipbooks/Drone/IsHit/DroneIsHit_Sprite_8.uasset" 3307
"C:/Users/malco/Desktop/Cloned Reditus/ReditusV.4.27/Content/Flipbooks/OverworldPlayerCharacterFlipbooks/Drone/IsHit/DroneIsHit_Sprite_9.uasset" 3308
"C:/Users/malco/Desktop/Cloned Reditus/ReditusV.4.27/Content/Flipbooks/OverworldPlayerCharacterFlipbooks/Drone/IsIll/DroneIsIll_FB.uasset" 3309
"C:/Users/malco/Desktop/Cloned Reditus/ReditusV.4.27/Content/Flipbooks/OverworldPlayerCharacterFlipbooks/Drone/IsIll/DroneIll_Sprite_0.uasset" 3310
"C:/Users/malco/Desktop/Cloned Reditus/ReditusV.4.27/Content/Flipbooks/OverworldPlayerCharacterFlipbooks/Drone/IsIll/DroneIll.uasset" 3311
"C:/Users/malco/Desktop/Cloned Reditus/ReditusV.4.27/Content/Flipbooks/OverworldPlayerCharacterFlipbooks/Drone/IsIll/DroneIll_Sprite_1.uasset" 3312
"C:/Users/malco/Desktop/Cloned Reditus/ReditusV.4.27/Content/Flipbooks/OverworldPlayerCharacterFlipbooks/Drone/IsIll/DroneIll_Sprite_10.uasset" 3313
"C:/Users/malco/Desktop/Cloned Reditus/ReditusV.4.27/Content/Flipbooks/OverworldPlayerCharacterFlipbooks/Drone/IsIll/DroneIll_Sprite_11.uasset" 3314
"C:/Users/malco/Desktop/Cloned Reditus/ReditusV.4.27/Content/Flipbooks/OverworldPlayerCharacterFlipbooks/Drone/IsIll/DroneIll_Sprite_12.uasset" 3315
"C:/Users/malco/Desktop/Cloned Reditus/ReditusV.4.27/Content/Flipbooks/OverworldPlayerCharacterFlipbooks/Drone/IsIll/DroneIll_Sprite_13.uasset" 3316
"C:/Users/malco/Desktop/Cloned Reditus/ReditusV.4.27/Content/Flipbooks/OverworldPlayerCharacterFlipbooks/Drone/IsIll/DroneIll_Sprite_14.uasset" 3317
"C:/Users/malco/Desktop/Cloned Reditus/ReditusV.4.27/Content/Flipbooks/OverworldPlayerCharacterFlipbooks/Drone/IsIll/DroneIll_Sprite_15.uasset" 3318
"C:/Users/malco/Desktop/Cloned Reditus/ReditusV.4.27/Content/Flipbooks/OverworldPlayerCharacterFlipbooks/Drone/IsIll/DroneIll_Sprite_2.uasset" 3319
"C:/Users/malco/Desktop/Cloned Reditus/ReditusV.4.27/Content/Flipbooks/OverworldPlayerCharacterFlipbooks/Drone/IsIll/DroneIll_Sprite_3.uasset" 3320
"C:/Users/malco/Desktop/Cloned Reditus/ReditusV.4.27/Content/Flipbooks/OverworldPlayerCharacterFlipbooks/Drone/IsIll/DroneIll_Sprite_4.uasset" 3321
"C:/Users/malco/Desktop/Cloned Reditus/ReditusV.4.27/Content/Flipbooks/OverworldPlayerCharacterFlipbooks/Drone/IsIll/DroneIll_Sprite_5.uasset" 3322
"C:/Users/malco/Desktop/Cloned Reditus/ReditusV.4.27/Content/Flipbooks/OverworldPlayerCharacterFlipbooks/Drone/IsIll/DroneIll_Sprite_6.uasset" 3323
"C:/Users/malco/Desktop/Cloned Reditus/ReditusV.4.27/Content/Flipbooks/OverworldPlayerCharacterFlipbooks/Drone/IsIll/DroneIll_Sprite_7.uasset" 3324
"C:/Users/malco/Desktop/Cloned Reditus/ReditusV.4.27/Content/Flipbooks/OverworldPlayerCharacterFlipbooks/Drone/IsIll/DroneIll_Sprite_8.uasset" 3325
"C:/Users/malco/Desktop/Cloned Reditus/ReditusV.4.27/Content/Flipbooks/OverworldPlayerCharacterFlipbooks/Drone/IsIll/DroneIll_Sprite_9.uasset" 3326
"C:/Users/malco/Desktop/Cloned Reditus/ReditusV.4.27/Content/TurnBasedJRPGTemplate/Blueprints/Units/PlayerUnits/AnimBP/Caeser-AnimBattleBP.uasset" 3327
"C:/Users/malco/Desktop/Cloned Reditus/ReditusV.4.27/Content/Flipbooks/PlayerBattleAnimations/Caeser/IronSword/CaeserIronSwordAttac/CaeserIronSwordAttack_FB.uasset" 3328
"C:/Users/malco/Desktop/Cloned Reditus/ReditusV.4.27/Content/Flipbooks/PlayerBattleAnimations/Caeser/IronSword/CaeserIronSwordAttac/IronSwordRecolor_Sprite_12.uasset" 3329
"C:/Users/malco/Desktop/Cloned Reditus/ReditusV.4.27/Content/Flipbooks/PlayerBattleAnimations/Caeser/IronSword/IronSwordRecolor.uasset" 3330
"C:/Users/malco/Desktop/Cloned Reditus/ReditusV.4.27/Content/Flipbooks/PlayerBattleAnimations/Caeser/IronSword/CaeserIronSwordAttac/IronSwordRecolor_Sprite_13.uasset" 3331
"C:/Users/malco/Desktop/Cloned Reditus/ReditusV.4.27/Content/Flipbooks/PlayerBattleAnimations/Caeser/IronSword/CaeserIronSwordAttac/IronSwordRecolor_Sprite_14.uasset" 3332
"C:/Users/malco/Desktop/Cloned Reditus/ReditusV.4.27/Content/Flipbooks/PlayerBattleAnimations/Caeser/IronSword/CaeserIronSwordAttac/IronSwordRecolor_Sprite_15.uasset" 3333
"C:/Users/malco/Desktop/Cloned Reditus/ReditusV.4.27/Content/Flipbooks/PlayerBattleAnimations/Caeser/IronSword/CaeserIronSwordDefend/CaeserIronSwordDefend_FB.uasset" 3334
"C:/Users/malco/Desktop/Cloned Reditus/ReditusV.4.27/Content/Flipbooks/PlayerBattleAnimations/Caeser/IronSword/CaeserIronSwordDefend/IronSwordRecolor_Sprite_16.uasset" 3335
"C:/Users/malco/Desktop/Cloned Reditus/ReditusV.4.27/Content/Flipbooks/PlayerBattleAnimations/Caeser/IronSword/CaeserIronSwordDefend/IronSwordRecolor_Sprite_17.uasset" 3336
"C:/Users/malco/Desktop/Cloned Reditus/ReditusV.4.27/Content/Flipbooks/PlayerBattleAnimations/Caeser/IronSword/CaeserIronSwordDefend/IronSwordRecolor_Sprite_18.uasset" 3337
"C:/Users/malco/Desktop/Cloned Reditus/ReditusV.4.27/Content/Flipbooks/PlayerBattleAnimations/Caeser/IronSword/CaeserIronSwordDefend/IronSwordRecolor_Sprite_19.uasset" 3338
"C:/Users/malco/Desktop/Cloned Reditus/ReditusV.4.27/Content/Flipbooks/PlayerBattleAnimations/Caeser/IronSword/CaeserIronSwordDie/CaeserIronSwordDie_FB.uasset" 3339
"C:/Users/malco/Desktop/Cloned Reditus/ReditusV.4.27/Content/Flipbooks/PlayerBattleAnimations/Caeser/IronSword/CaeserIronSwordDie/IronSwordRecolor_Sprite_24.uasset" 3340
"C:/Users/malco/Desktop/Cloned Reditus/ReditusV.4.27/Content/Flipbooks/PlayerBattleAnimations/Caeser/IronSword/CaeserIronSwordDie/IronSwordRecolor_Sprite_25.uasset" 3341
"C:/Users/malco/Desktop/Cloned Reditus/ReditusV.4.27/Content/Flipbooks/PlayerBattleAnimations/Caeser/IronSword/CaeserIronSwordDie/IronSwordRecolor_Sprite_26.uasset" 3342
"C:/Users/malco/Desktop/Cloned Reditus/ReditusV.4.27/Content/Flipbooks/PlayerBattleAnimations/Caeser/IronSword/CaeserIronSwordDie/IronSwordRecolor_Sprite_27.uasset" 3343
"C:/Users/malco/Desktop/Cloned Reditus/ReditusV.4.27/Content/Flipbooks/PlayerBattleAnimations/Caeser/IronSword/CaeserIronSwordIdle/CaeserIronSwordIdle_FB.uasset" 3344
"C:/Users/malco/Desktop/Cloned Reditus/ReditusV.4.27/Content/Flipbooks/PlayerBattleAnimations/Caeser/IronSword/CaeserIronSwordIdle/IronSwordRecolor_Sprite_10.uasset" 3345
"C:/Users/malco/Desktop/Cloned Reditus/ReditusV.4.27/Content/Flipbooks/PlayerBattleAnimations/Caeser/IronSword/CaeserIronSwordIdle/IronSwordRecolor_Sprite_11.uasset" 3346
"C:/Users/malco/Desktop/Cloned Reditus/ReditusV.4.27/Content/Flipbooks/PlayerBattleAnimations/Caeser/IronSword/CaeserIronSwordIdle/IronSwordRecolor_Sprite_8.uasset" 3347
"C:/Users/malco/Desktop/Cloned Reditus/ReditusV.4.27/Content/Flipbooks/PlayerBattleAnimations/Caeser/IronSword/CaeserIronSwordIdle/IronSwordRecolor_Sprite_9.uasset" 3348
"C:/Users/malco/Desktop/Cloned Reditus/ReditusV.4.27/Content/Flipbooks/PlayerBattleAnimations/Caeser/IronSword/CaeserIronSwordIntro/CaeserIronSwordIntro_FB.uasset" 3349
"C:/Users/malco/Desktop/Cloned Reditus/ReditusV.4.27/Content/Flipbooks/PlayerBattleAnimations/Caeser/IronSword/CaeserIronSwordIntro/IronSwordRecolor_Sprite_0.uasset" 3350
"C:/Users/malco/Desktop/Cloned Reditus/ReditusV.4.27/Content/Flipbooks/PlayerBattleAnimations/Caeser/IronSword/CaeserIronSwordIntro/IronSwordRecolor_Sprite_1.uasset" 3351
"C:/Users/malco/Desktop/Cloned Reditus/ReditusV.4.27/Content/Flipbooks/PlayerBattleAnimations/Caeser/IronSword/CaeserIronSwordIntro/IronSwordRecolor_Sprite_2.uasset" 3352
"C:/Users/malco/Desktop/Cloned Reditus/ReditusV.4.27/Content/Flipbooks/PlayerBattleAnimations/Caeser/IronSword/CaeserIronSwordIntro/IronSwordRecolor_Sprite_3.uasset" 3353
"C:/Users/malco/Desktop/Cloned Reditus/ReditusV.4.27/Content/Flipbooks/PlayerBattleAnimations/Caeser/IronSword/CaeserIronSwordIntro/IronSwordRecolor_Sprite_4.uasset" 3354
"C:/Users/malco/Desktop/Cloned Reditus/ReditusV.4.27/Content/Flipbooks/PlayerBattleAnimations/Caeser/IronSword/CaeserIronSwordIntro/IronSwordRecolor_Sprite_5.uasset" 3355
"C:/Users/malco/Desktop/Cloned Reditus/ReditusV.4.27/Content/Flipbooks/PlayerBattleAnimations/Caeser/IronSword/CaeserIronSwordIntro/IronSwordRecolor_Sprite_7.uasset" 3356
"C:/Users/malco/Desktop/Cloned Reditus/ReditusV.4.27/Content/Flipbooks/PlayerBattleAnimations/Caeser/IronSword/CaeserIronSwordMovingForward/CaeserIronSwordMovingForward_FB.uasset" 3357
"C:/Users/malco/Desktop/Cloned Reditus/ReditusV.4.27/Content/Flipbooks/PlayerBattleAnimations/Caeser/IronSword/CaeserIronSwordMovingForward/IronSwordRecolor_Sprite_20.uasset" 3358
"C:/Users/malco/Desktop/Cloned Reditus/ReditusV.4.27/Content/Flipbooks/PlayerBattleAnimations/Caeser/IronSword/CaeserIronSwordMovingForward/IronSwordRecolor_Sprite_21.uasset" 3359
"C:/Users/malco/Desktop/Cloned Reditus/ReditusV.4.27/Content/Flipbooks/PlayerBattleAnimations/Caeser/IronSword/CaeserIronSwordMovingForward/IronSwordRecolor_Sprite_22.uasset" 3360
"C:/Users/malco/Desktop/Cloned Reditus/ReditusV.4.27/Content/Flipbooks/PlayerBattleAnimations/Caeser/IronSword/CaeserIronSwordMovingForward/IronSwordRecolor_Sprite_23.uasset" 3361
"C:/Users/malco/Desktop/Cloned Reditus/ReditusV.4.27/Content/Flipbooks/PlayerBattleAnimations/Caeser/IronSword/CaeserIronSwordUseItem/CaeserIronSwordUseItem_FB.uasset" 3362
"C:/Users/malco/Desktop/Cloned Reditus/ReditusV.4.27/Content/Flipbooks/PlayerBattleAnimations/Caeser/IronSword/CaeserIronSwordUseItem/IronSwordRecolor_Sprite_28.uasset" 3363
"C:/Users/malco/Desktop/Cloned Reditus/ReditusV.4.27/Content/Flipbooks/PlayerBattleAnimations/Caeser/IronSword/CaeserIronSwordUseItem/IronSwordRecolor_Sprite_29.uasset" 3364
"C:/Users/malco/Desktop/Cloned Reditus/ReditusV.4.27/Content/Flipbooks/PlayerBattleAnimations/Caeser/IronSword/CaeserIronSwordUseItem/IronSwordRecolor_Sprite_30.uasset" 3365
"C:/Users/malco/Desktop/Cloned Reditus/ReditusV.4.27/Content/Flipbooks/PlayerBattleAnimations/Caeser/IronSword/CaeserIronSwordUseItem/IronSwordRecolor_Sprite_31.uasset" 3366
"C:/Users/malco/Desktop/Cloned Reditus/ReditusV.4.27/Content/Flipbooks/PlayerBattleAnimations/Caeser/IronSword/CaeserIsHit/CaeserIronSwrdIsHit_FB.uasset" 3367
"C:/Users/malco/Desktop/Cloned Reditus/ReditusV.4.27/Content/Flipbooks/PlayerBattleAnimations/Caeser/IronSword/CaeserIsHit/IronSwordRecolor_Sprite_36.uasset" 3368
"C:/Users/malco/Desktop/Cloned Reditus/ReditusV.4.27/Content/Flipbooks/PlayerBattleAnimations/Caeser/IronSword/CaeserIsHit/IronSwordRecolor_Sprite_37.uasset" 3369
"C:/Users/malco/Desktop/Cloned Reditus/ReditusV.4.27/Content/Flipbooks/PlayerBattleAnimations/Caeser/IronSword/CaeserIsHit/IronSwordRecolor_Sprite_38.uasset" 3370
"C:/Users/malco/Desktop/Cloned Reditus/ReditusV.4.27/Content/Flipbooks/PlayerBattleAnimations/Caeser/IronSword/CaeserIsHit/IronSwordRecolor_Sprite_39.uasset" 3371
"C:/Users/malco/Desktop/Cloned Reditus/ReditusV.4.27/Content/Flipbooks/PlayerBattleAnimations/Caeser/IronSword/CaeserIsIll/CaeserIronSwordIll_FB.uasset" 3372
"C:/Users/malco/Desktop/Cloned Reditus/ReditusV.4.27/Content/Flipbooks/PlayerBattleAnimations/Caeser/IronSword/CaeserIsIll/IronSwordRecolor_Sprite_32.uasset" 3373
"C:/Users/malco/Desktop/Cloned Reditus/ReditusV.4.27/Content/Flipbooks/PlayerBattleAnimations/Caeser/IronSword/CaeserIsIll/IronSwordRecolor_Sprite_33.uasset" 3374
"C:/Users/malco/Desktop/Cloned Reditus/ReditusV.4.27/Content/Flipbooks/PlayerBattleAnimations/Caeser/IronSword/CaeserIsIll/IronSwordRecolor_Sprite_34.uasset" 3375
"C:/Users/malco/Desktop/Cloned Reditus/ReditusV.4.27/Content/Flipbooks/PlayerBattleAnimations/Caeser/IronSword/CaeserIsIll/IronSwordRecolor_Sprite_35.uasset" 3376
"C:/Users/malco/Desktop/Cloned Reditus/ReditusV.4.27/Content/Flipbooks/PlayerBattleAnimations/Caeser/IronSword/CaeserPermDead/CaeserIronSwordPermDead_FB.uasset" 3377
"C:/Users/malco/Desktop/Cloned Reditus/ReditusV.4.27/Content/Flipbooks/PlayerBattleAnimations/Caeser/IronSword/CaeserStunned/CaeserIronSwordStunned_FB.uasset" 3378
"C:/Users/malco/Desktop/Cloned Reditus/ReditusV.4.27/Content/Flipbooks/PlayerBattleAnimations/Caeser/NoWeapon/Attack/CaeserWithoutSwordPunch1.uasset" 3379
"C:/Users/malco/Desktop/Cloned Reditus/ReditusV.4.27/Content/Flipbooks/PlayerBattleAnimations/Caeser/NoWeapon/Attack/CaeserWithoutSwordPunch_Sprite_0.uasset" 3380
"C:/Users/malco/Desktop/Cloned Reditus/ReditusV.4.27/Content/Flipbooks/PlayerBattleAnimations/Caeser/NoWeapon/Attack/CaeserWithoutSwordPunch.uasset" 3381
"C:/Users/malco/Desktop/Cloned Reditus/ReditusV.4.27/Content/Flipbooks/PlayerBattleAnimations/Caeser/NoWeapon/Attack/CaeserWithoutSwordPunch_Sprite_1.uasset" 3382
"C:/Users/malco/Desktop/Cloned Reditus/ReditusV.4.27/Content/Flipbooks/PlayerBattleAnimations/Caeser/NoWeapon/Attack/CaeserWithoutSwordPunch_Sprite_2.uasset" 3383
"C:/Users/malco/Desktop/Cloned Reditus/ReditusV.4.27/Content/Flipbooks/PlayerBattleAnimations/Caeser/NoWeapon/Attack/CaeserWithoutSwordPunch_Sprite_3.uasset" 3384
"C:/Users/malco/Desktop/Cloned Reditus/ReditusV.4.27/Content/Flipbooks/PlayerBattleAnimations/Caeser/NoWeapon/Defending/CaeserWithoutWeaponDefend1.uasset" 3385
"C:/Users/malco/Desktop/Cloned Reditus/ReditusV.4.27/Content/Flipbooks/PlayerBattleAnimations/Caeser/NoWeapon/Defending/CaeserWithoutWeaponDefend_Sprite_0.uasset" 3386
"C:/Users/malco/Desktop/Cloned Reditus/ReditusV.4.27/Content/Flipbooks/PlayerBattleAnimations/Caeser/NoWeapon/Defending/CaeserWithoutWeaponDefend.uasset" 3387
"C:/Users/malco/Desktop/Cloned Reditus/ReditusV.4.27/Content/Flipbooks/PlayerBattleAnimations/Caeser/NoWeapon/Defending/CaeserWithoutWeaponDefend_Sprite_1.uasset" 3388
"C:/Users/malco/Desktop/Cloned Reditus/ReditusV.4.27/Content/Flipbooks/PlayerBattleAnimations/Caeser/NoWeapon/Defending/CaeserWithoutWeaponDefend_Sprite_2.uasset" 3389
"C:/Users/malco/Desktop/Cloned Reditus/ReditusV.4.27/Content/Flipbooks/PlayerBattleAnimations/Caeser/NoWeapon/Defending/CaeserWithoutWeaponDefend_Sprite_3.uasset" 3390
"C:/Users/malco/Desktop/Cloned Reditus/ReditusV.4.27/Content/Flipbooks/PlayerBattleAnimations/Caeser/NoWeapon/Idle/CaeserWithoutWeaponIdle1.uasset" 3391
"C:/Users/malco/Desktop/Cloned Reditus/ReditusV.4.27/Content/Flipbooks/PlayerBattleAnimations/Caeser/NoWeapon/Idle/CaeserWithoutWeaponIdle_Sprite_0.uasset" 3392
"C:/Users/malco/Desktop/Cloned Reditus/ReditusV.4.27/Content/Flipbooks/PlayerBattleAnimations/Caeser/NoWeapon/Idle/CaeserWithoutWeaponIdle.uasset" 3393
"C:/Users/malco/Desktop/Cloned Reditus/ReditusV.4.27/Content/Flipbooks/PlayerBattleAnimations/Caeser/NoWeapon/Idle/CaeserWithoutWeaponIdle_Sprite_2.uasset" 3394
"C:/Users/malco/Desktop/Cloned Reditus/ReditusV.4.27/Content/Flipbooks/PlayerBattleAnimations/Caeser/NoWeapon/Idle/CaeserWithoutWeaponIdle_Sprite_3.uasset" 3395
"C:/Users/malco/Desktop/Cloned Reditus/ReditusV.4.27/Content/Flipbooks/PlayerBattleAnimations/Caeser/NoWeapon/Stunned/CaeserWithoutWeaponIdle_Sprite_1.uasset" 3396
"C:/Users/malco/Desktop/Cloned Reditus/ReditusV.4.27/Content/Flipbooks/PlayerBattleAnimations/Caeser/NoWeapon/Illness/CaeserWithoutSwordIllness1.uasset" 3397
"C:/Users/malco/Desktop/Cloned Reditus/ReditusV.4.27/Content/Flipbooks/PlayerBattleAnimations/Caeser/NoWeapon/Illness/CaeserWithoutSwordIllness_Sprite_0.uasset" 3398
"C:/Users/malco/Desktop/Cloned Reditus/ReditusV.4.27/Content/Flipbooks/PlayerBattleAnimations/Caeser/NoWeapon/Illness/CaeserWithoutSwordIllness.uasset" 3399
"C:/Users/malco/Desktop/Cloned Reditus/ReditusV.4.27/Content/Flipbooks/PlayerBattleAnimations/Caeser/NoWeapon/Illness/CaeserWithoutSwordIllness_Sprite_1.uasset" 3400
"C:/Users/malco/Desktop/Cloned Reditus/ReditusV.4.27/Content/Flipbooks/PlayerBattleAnimations/Caeser/NoWeapon/Illness/CaeserWithoutSwordIllness_Sprite_2.uasset" 3401
"C:/Users/malco/Desktop/Cloned Reditus/ReditusV.4.27/Content/Flipbooks/PlayerBattleAnimations/Caeser/NoWeapon/Illness/CaeserWithoutSwordIllness_Sprite_3.uasset" 3402
"C:/Users/malco/Desktop/Cloned Reditus/ReditusV.4.27/Content/Flipbooks/PlayerBattleAnimations/Caeser/NoWeapon/Intro/CaeserWithoutWeaponIntro1.uasset" 3403
"C:/Users/malco/Desktop/Cloned Reditus/ReditusV.4.27/Content/Flipbooks/PlayerBattleAnimations/Caeser/NoWeapon/Intro/CaeserWithoutWeaponIntro_Sprite_0.uasset" 3404
"C:/Users/malco/Desktop/Cloned Reditus/ReditusV.4.27/Content/Flipbooks/PlayerBattleAnimations/Caeser/NoWeapon/Intro/CaeserWithoutWeaponIntro.uasset" 3405
"C:/Users/malco/Desktop/Cloned Reditus/ReditusV.4.27/Content/Flipbooks/PlayerBattleAnimations/Caeser/NoWeapon/Intro/CaeserWithoutWeaponIntro_Sprite_1.uasset" 3406
"C:/Users/malco/Desktop/Cloned Reditus/ReditusV.4.27/Content/Flipbooks/PlayerBattleAnimations/Caeser/NoWeapon/Intro/CaeserWithoutWeaponIntro_Sprite_2.uasset" 3407
"C:/Users/malco/Desktop/Cloned Reditus/ReditusV.4.27/Content/Flipbooks/PlayerBattleAnimations/Caeser/NoWeapon/Intro/CaeserWithoutWeaponIntro_Sprite_3.uasset" 3408
"C:/Users/malco/Desktop/Cloned Reditus/ReditusV.4.27/Content/Flipbooks/PlayerBattleAnimations/Caeser/NoWeapon/Intro/CaeserWithoutWeaponIntro_Sprite_4.uasset" 3409
"C:/Users/malco/Desktop/Cloned Reditus/ReditusV.4.27/Content/Flipbooks/PlayerBattleAnimations/Caeser/NoWeapon/Intro/CaeserWithoutWeaponIntro_Sprite_5.uasset" 3410
"C:/Users/malco/Desktop/Cloned Reditus/ReditusV.4.27/Content/Flipbooks/PlayerBattleAnimations/Caeser/NoWeapon/Intro/CaeserWithoutWeaponIntro_Sprite_6.uasset" 3411
"C:/Users/malco/Desktop/Cloned Reditus/ReditusV.4.27/Content/Flipbooks/PlayerBattleAnimations/Caeser/NoWeapon/Intro/CaeserWithoutWeaponIntro_Sprite_7.uasset" 3412
"C:/Users/malco/Desktop/Cloned Reditus/ReditusV.4.27/Content/Flipbooks/PlayerBattleAnimations/Caeser/NoWeapon/IsDead/CaeserIsWithoutSwordDead1.uasset" 3413
"C:/Users/malco/Desktop/Cloned Reditus/ReditusV.4.27/Content/Flipbooks/PlayerBattleAnimations/Caeser/NoWeapon/IsDead/CaeserIsWithoutSwordDead_Sprite_0.uasset" 3414
"C:/Users/malco/Desktop/Cloned Reditus/ReditusV.4.27/Content/Flipbooks/PlayerBattleAnimations/Caeser/NoWeapon/IsDead/CaeserIsWithoutSwordDead.uasset" 3415
"C:/Users/malco/Desktop/Cloned Reditus/ReditusV.4.27/Content/Flipbooks/PlayerBattleAnimations/Caeser/NoWeapon/IsDead/CaeserIsWithoutSwordDead_Sprite_1.uasset" 3416
"C:/Users/malco/Desktop/Cloned Reditus/ReditusV.4.27/Content/Flipbooks/PlayerBattleAnimations/Caeser/NoWeapon/IsDead/CaeserIsWithoutSwordDead_Sprite_2.uasset" 3417
"C:/Users/malco/Desktop/Cloned Reditus/ReditusV.4.27/Content/Flipbooks/PlayerBattleAnimations/Caeser/NoWeapon/IsDead/CaeserIsWithoutSwordDead_Sprite_3.uasset" 3418
"C:/Users/malco/Desktop/Cloned Reditus/ReditusV.4.27/Content/Flipbooks/PlayerBattleAnimations/Caeser/NoWeapon/IsDeadPermanent/CeaserWithoutSwordDeadPerm.uasset" 3419
"C:/Users/malco/Desktop/Cloned Reditus/ReditusV.4.27/Content/Flipbooks/PlayerBattleAnimations/Caeser/NoWeapon/IsDeadPermanent/CaeserIsWithoutSwordDead_Sprite_3.uasset" 3420
"C:/Users/malco/Desktop/Cloned Reditus/ReditusV.4.27/Content/Flipbooks/PlayerBattleAnimations/Caeser/NoWeapon/IsHit/CaeserIsHitNoWeapon1.uasset" 3421
"C:/Users/malco/Desktop/Cloned Reditus/ReditusV.4.27/Content/Flipbooks/PlayerBattleAnimations/Caeser/NoWeapon/IsHit/CaeserIsHitNoWeapon_Sprite_0.uasset" 3422
"C:/Users/malco/Desktop/Cloned Reditus/ReditusV.4.27/Content/Flipbooks/PlayerBattleAnimations/Caeser/NoWeapon/IsHit/CaeserIsHitNoWeapon.uasset" 3423
"C:/Users/malco/Desktop/Cloned Reditus/ReditusV.4.27/Content/Flipbooks/PlayerBattleAnimations/Caeser/NoWeapon/IsHit/CaeserIsHitNoWeapon_Sprite_1.uasset" 3424
"C:/Users/malco/Desktop/Cloned Reditus/ReditusV.4.27/Content/Flipbooks/PlayerBattleAnimations/Caeser/NoWeapon/IsHit/CaeserIsHitNoWeapon_Sprite_2.uasset" 3425
"C:/Users/malco/Desktop/Cloned Reditus/ReditusV.4.27/Content/Flipbooks/PlayerBattleAnimations/Caeser/NoWeapon/IsHit/CaeserIsHitNoWeapon_Sprite_3.uasset" 3426
"C:/Users/malco/Desktop/Cloned Reditus/ReditusV.4.27/Content/Flipbooks/PlayerBattleAnimations/Caeser/NoWeapon/IsMovingForward/CaeserNoSwordMovingForward1.uasset" 3427
"C:/Users/malco/Desktop/Cloned Reditus/ReditusV.4.27/Content/Flipbooks/PlayerBattleAnimations/Caeser/NoWeapon/IsMovingForward/CaeserNoSwordMovingForward_Sprite_0.uasset" 3428
"C:/Users/malco/Desktop/Cloned Reditus/ReditusV.4.27/Content/Flipbooks/PlayerBattleAnimations/Caeser/NoWeapon/IsMovingForward/CaeserNoSwordMovingForward.uasset" 3429
"C:/Users/malco/Desktop/Cloned Reditus/ReditusV.4.27/Content/Flipbooks/PlayerBattleAnimations/Caeser/NoWeapon/IsMovingForward/CaeserNoSwordMovingForward_Sprite_1.uasset" 3430
"C:/Users/malco/Desktop/Cloned Reditus/ReditusV.4.27/Content/Flipbooks/PlayerBattleAnimations/Caeser/NoWeapon/IsMovingForward/CaeserNoSwordMovingForward_Sprite_2.uasset" 3431
"C:/Users/malco/Desktop/Cloned Reditus/ReditusV.4.27/Content/Flipbooks/PlayerBattleAnimations/Caeser/NoWeapon/IsMovingForward/CaeserNoSwordMovingForward_Sprite_3.uasset" 3432
"C:/Users/malco/Desktop/Cloned Reditus/ReditusV.4.27/Content/Flipbooks/PlayerBattleAnimations/Caeser/NoWeapon/Stunned/CaeserWithoutWeaponStunned_FB.uasset" 3433
"C:/Users/malco/Desktop/Cloned Reditus/ReditusV.4.27/Content/Flipbooks/PlayerBattleAnimations/Caeser/NoWeapon/UseItem/CaeserNoScrapSwordIsUsingItem1.uasset" 3434
"C:/Users/malco/Desktop/Cloned Reditus/ReditusV.4.27/Content/Flipbooks/PlayerBattleAnimations/Caeser/NoWeapon/UseItem/CaeserNoScrapSwordIsUsingItem_Sprite_0.uasset" 3435
"C:/Users/malco/Desktop/Cloned Reditus/ReditusV.4.27/Content/Flipbooks/PlayerBattleAnimations/Caeser/NoWeapon/UseItem/CaeserNoScrapSwordIsUsingItem.uasset" 3436
"C:/Users/malco/Desktop/Cloned Reditus/ReditusV.4.27/Content/Flipbooks/PlayerBattleAnimations/Caeser/NoWeapon/UseItem/CaeserNoScrapSwordIsUsingItem_Sprite_1.uasset" 3437
"C:/Users/malco/Desktop/Cloned Reditus/ReditusV.4.27/Content/Flipbooks/PlayerBattleAnimations/Caeser/NoWeapon/UseItem/CaeserNoScrapSwordIsUsingItem_Sprite_2.uasset" 3438
"C:/Users/malco/Desktop/Cloned Reditus/ReditusV.4.27/Content/Flipbooks/PlayerBattleAnimations/Caeser/NoWeapon/UseItem/CaeserNoScrapSwordIsUsingItem_Sprite_3.uasset" 3439
"C:/Users/malco/Desktop/Cloned Reditus/ReditusV.4.27/Content/Flipbooks/PlayerBattleAnimations/Caeser/ScrapSword/Attack/CaeserIsScrapSwordAttacking1.uasset" 3440
"C:/Users/malco/Desktop/Cloned Reditus/ReditusV.4.27/Content/Flipbooks/PlayerBattleAnimations/Caeser/ScrapSword/Attack/CaeserIsScrapSwordAttacking_Sprite_0.uasset" 3441
"C:/Users/malco/Desktop/Cloned Reditus/ReditusV.4.27/Content/Flipbooks/PlayerBattleAnimations/Caeser/ScrapSword/Attack/CaeserIsScrapSwordAttacking.uasset" 3442
"C:/Users/malco/Desktop/Cloned Reditus/ReditusV.4.27/Content/Flipbooks/PlayerBattleAnimations/Caeser/ScrapSword/Attack/CaeserIsScrapSwordAttacking_Sprite_1.uasset" 3443
"C:/Users/malco/Desktop/Cloned Reditus/ReditusV.4.27/Content/Flipbooks/PlayerBattleAnimations/Caeser/ScrapSword/Attack/CaeserIsScrapSwordAttacking_Sprite_2.uasset" 3444
"C:/Users/malco/Desktop/Cloned Reditus/ReditusV.4.27/Content/Flipbooks/PlayerBattleAnimations/Caeser/ScrapSword/Attack/CaeserIsScrapSwordAttacking_Sprite_3.uasset" 3445
"C:/Users/malco/Desktop/Cloned Reditus/ReditusV.4.27/Content/Flipbooks/PlayerBattleAnimations/Caeser/ScrapSword/CaeserIllness/CaeserScrapSwordIsIllness1.uasset" 3446
"C:/Users/malco/Desktop/Cloned Reditus/ReditusV.4.27/Content/Flipbooks/PlayerBattleAnimations/Caeser/ScrapSword/CaeserIllness/CaeserScrapSwordIsIllness_Sprite_0.uasset" 3447
"C:/Users/malco/Desktop/Cloned Reditus/ReditusV.4.27/Content/Flipbooks/PlayerBattleAnimations/Caeser/ScrapSword/CaeserIllness/CaeserScrapSwordIsIllness.uasset" 3448
"C:/Users/malco/Desktop/Cloned Reditus/ReditusV.4.27/Content/Flipbooks/PlayerBattleAnimations/Caeser/ScrapSword/CaeserIllness/CaeserScrapSwordIsIllness_Sprite_1.uasset" 3449
"C:/Users/malco/Desktop/Cloned Reditus/ReditusV.4.27/Content/Flipbooks/PlayerBattleAnimations/Caeser/ScrapSword/CaeserIllness/CaeserScrapSwordIsIllness_Sprite_2.uasset" 3450
"C:/Users/malco/Desktop/Cloned Reditus/ReditusV.4.27/Content/Flipbooks/PlayerBattleAnimations/Caeser/ScrapSword/CaeserIllness/CaeserScrapSwordIsIllness_Sprite_3.uasset" 3451
"C:/Users/malco/Desktop/Cloned Reditus/ReditusV.4.27/Content/Flipbooks/PlayerBattleAnimations/Caeser/ScrapSword/CaeserIllness/CaeserScrapSwordStunned.uasset" 3452
"C:/Users/malco/Desktop/Cloned Reditus/ReditusV.4.27/Content/Flipbooks/PlayerBattleAnimations/Caeser/ScrapSword/CaeserIsStunned/CaeserScrapSwordIdleIsStunned.uasset" 3453
"C:/Users/malco/Desktop/Cloned Reditus/ReditusV.4.27/Content/Flipbooks/PlayerBattleAnimations/Caeser/ScrapSword/CaeserIsStunned/CaeserScrapSwordIdle1_Sprite_2.uasset" 3454
"C:/Users/malco/Desktop/Cloned Reditus/ReditusV.4.27/Content/Flipbooks/PlayerBattleAnimations/Caeser/ScrapSword/Idle/CaeserScrapSwordIdle1.uasset" 3455
"C:/Users/malco/Desktop/Cloned Reditus/ReditusV.4.27/Content/Flipbooks/PlayerBattleAnimations/Caeser/ScrapSword/CaeserShotgunShoot/CaeserShotgunShoot1.uasset" 3456
"C:/Users/malco/Desktop/Cloned Reditus/ReditusV.4.27/Content/Flipbooks/PlayerBattleAnimations/Caeser/ScrapSword/CaeserShotgunShoot/CaeserShotgunShoot_Sprite_0.uasset" 3457
"C:/Users/malco/Desktop/Cloned Reditus/ReditusV.4.27/Content/Flipbooks/PlayerBattleAnimations/Caeser/ScrapSword/CaeserShotgunShoot/CaeserShotgunShoot.uasset" 3458
"C:/Users/malco/Desktop/Cloned Reditus/ReditusV.4.27/Content/Flipbooks/PlayerBattleAnimations/Caeser/ScrapSword/CaeserShotgunShoot/CaeserShotgunShoot_Sprite_1.uasset" 3459
"C:/Users/malco/Desktop/Cloned Reditus/ReditusV.4.27/Content/Flipbooks/PlayerBattleAnimations/Caeser/ScrapSword/CaeserShotgunShoot/CaeserShotgunShoot_Sprite_2.uasset" 3460
"C:/Users/malco/Desktop/Cloned Reditus/ReditusV.4.27/Content/Flipbooks/PlayerBattleAnimations/Caeser/ScrapSword/CaeserShotgunShoot/CaeserShotgunShoot_Sprite_3.uasset" 3461
"C:/Users/malco/Desktop/Cloned Reditus/ReditusV.4.27/Content/Flipbooks/PlayerBattleAnimations/Caeser/ScrapSword/Idle/CaeserScrapSwordIdle2.uasset" 3462
"C:/Users/malco/Desktop/Cloned Reditus/ReditusV.4.27/Content/Flipbooks/PlayerBattleAnimations/Caeser/ScrapSword/Idle/CaeserScrapSwordIdle1_Sprite_0.uasset" 3463
"C:/Users/malco/Desktop/Cloned Reditus/ReditusV.4.27/Content/Flipbooks/PlayerBattleAnimations/Caeser/ScrapSword/Idle/CaeserScrapSwordIdle1_Sprite_1.uasset" 3464
"C:/Users/malco/Desktop/Cloned Reditus/ReditusV.4.27/Content/Flipbooks/PlayerBattleAnimations/Caeser/ScrapSword/Idle/CaeserScrapSwordIdle1_Sprite_2.uasset" 3465
"C:/Users/malco/Desktop/Cloned Reditus/ReditusV.4.27/Content/Flipbooks/PlayerBattleAnimations/Caeser/ScrapSword/Idle/CaeserScrapSwordIdle1_Sprite_3.uasset" 3466
"C:/Users/malco/Desktop/Cloned Reditus/ReditusV.4.27/Content/Flipbooks/PlayerBattleAnimations/Caeser/ScrapSword/Intro/CaeserScrapSwordIntro2.uasset" 3467
"C:/Users/malco/Desktop/Cloned Reditus/ReditusV.4.27/Content/Flipbooks/PlayerBattleAnimations/Caeser/ScrapSword/Intro/CaeserScrapSwordIntro1_Sprite_0.uasset" 3468
"C:/Users/malco/Desktop/Cloned Reditus/ReditusV.4.27/Content/Flipbooks/PlayerBattleAnimations/Caeser/ScrapSword/Intro/CaeserScrapSwordIntro1.uasset" 3469
"C:/Users/malco/Desktop/Cloned Reditus/ReditusV.4.27/Content/Flipbooks/PlayerBattleAnimations/Caeser/ScrapSword/Intro/CaeserScrapSwordIntro1_Sprite_1.uasset" 3470
"C:/Users/malco/Desktop/Cloned Reditus/ReditusV.4.27/Content/Flipbooks/PlayerBattleAnimations/Caeser/ScrapSword/Intro/CaeserScrapSwordIntro1_Sprite_2.uasset" 3471
"C:/Users/malco/Desktop/Cloned Reditus/ReditusV.4.27/Content/Flipbooks/PlayerBattleAnimations/Caeser/ScrapSword/Intro/CaeserScrapSwordIntro1_Sprite_3.uasset" 3472
"C:/Users/malco/Desktop/Cloned Reditus/ReditusV.4.27/Content/Flipbooks/PlayerBattleAnimations/Caeser/ScrapSword/Intro/CaeserScrapSwordIntro1_Sprite_4.uasset" 3473
"C:/Users/malco/Desktop/Cloned Reditus/ReditusV.4.27/Content/Flipbooks/PlayerBattleAnimations/Caeser/ScrapSword/Intro/CaeserScrapSwordIntro1_Sprite_5.uasset" 3474
"C:/Users/malco/Desktop/Cloned Reditus/ReditusV.4.27/Content/Flipbooks/PlayerBattleAnimations/Caeser/ScrapSword/Intro/CaeserScrapSwordIntro1_Sprite_6.uasset" 3475
"C:/Users/malco/Desktop/Cloned Reditus/ReditusV.4.27/Content/Flipbooks/PlayerBattleAnimations/Caeser/ScrapSword/Intro/CaeserScrapSwordIntro1_Sprite_7.uasset" 3476
"C:/Users/malco/Desktop/Cloned Reditus/ReditusV.4.27/Content/Flipbooks/PlayerBattleAnimations/Caeser/ScrapSword/IsDead/CaeserIsDeadScrapSwordPermanent.uasset" 3477
"C:/Users/malco/Desktop/Cloned Reditus/ReditusV.4.27/Content/Flipbooks/PlayerBattleAnimations/Caeser/ScrapSword/IsDead/CaeserIsScrapSwordDead1_Sprite_3.uasset" 3478
"C:/Users/malco/Desktop/Cloned Reditus/ReditusV.4.27/Content/Flipbooks/PlayerBattleAnimations/Caeser/ScrapSword/IsDead/CaeserIsScrapSwordDead1.uasset" 3479
"C:/Users/malco/Desktop/Cloned Reditus/ReditusV.4.27/Content/Flipbooks/PlayerBattleAnimations/Caeser/ScrapSword/IsDead/CaeserIsScrapSwordDead2.uasset" 3480
"C:/Users/malco/Desktop/Cloned Reditus/ReditusV.4.27/Content/Flipbooks/PlayerBattleAnimations/Caeser/ScrapSword/IsDead/CaeserIsScrapSwordDead1_Sprite_0.uasset" 3481
"C:/Users/malco/Desktop/Cloned Reditus/ReditusV.4.27/Content/Flipbooks/PlayerBattleAnimations/Caeser/ScrapSword/IsDead/CaeserIsScrapSwordDead1_Sprite_1.uasset" 3482
"C:/Users/malco/Desktop/Cloned Reditus/ReditusV.4.27/Content/Flipbooks/PlayerBattleAnimations/Caeser/ScrapSword/IsDead/CaeserIsScrapSwordDead1_Sprite_2.uasset" 3483
"C:/Users/malco/Desktop/Cloned Reditus/ReditusV.4.27/Content/Flipbooks/PlayerBattleAnimations/Caeser/ScrapSword/IsHit/CaeserScrapSwordIsHit2.uasset" 3484
"C:/Users/malco/Desktop/Cloned Reditus/ReditusV.4.27/Content/Flipbooks/PlayerBattleAnimations/Caeser/ScrapSword/IsHit/CaeserScrapSwordIsHit1_Sprite_0.uasset" 3485
"C:/Users/malco/Desktop/Cloned Reditus/ReditusV.4.27/Content/Flipbooks/PlayerBattleAnimations/Caeser/ScrapSword/IsHit/CaeserScrapSwordIsHit1.uasset" 3486
"C:/Users/malco/Desktop/Cloned Reditus/ReditusV.4.27/Content/Flipbooks/PlayerBattleAnimations/Caeser/ScrapSword/IsHit/CaeserScrapSwordIsHit1_Sprite_1.uasset" 3487
"C:/Users/malco/Desktop/Cloned Reditus/ReditusV.4.27/Content/Flipbooks/PlayerBattleAnimations/Caeser/ScrapSword/IsHit/CaeserScrapSwordIsHit1_Sprite_2.uasset" 3488
"C:/Users/malco/Desktop/Cloned Reditus/ReditusV.4.27/Content/Flipbooks/PlayerBattleAnimations/Caeser/ScrapSword/IsHit/CaeserScrapSwordIsHit1_Sprite_3.uasset" 3489
"C:/Users/malco/Desktop/Cloned Reditus/ReditusV.4.27/Content/Flipbooks/PlayerBattleAnimations/Caeser/ScrapSword/IsUseItem/CaeserScrapSwordIsUsingItem1.uasset" 3490
"C:/Users/malco/Desktop/Cloned Reditus/ReditusV.4.27/Content/Flipbooks/PlayerBattleAnimations/Caeser/ScrapSword/IsUseItem/CaeserScrapSwordIsUsingItem_Sprite_0.uasset" 3491
"C:/Users/malco/Desktop/Cloned Reditus/ReditusV.4.27/Content/Flipbooks/PlayerBattleAnimations/Caeser/ScrapSword/IsUseItem/CaeserScrapSwordIsUsingItem.uasset" 3492
"C:/Users/malco/Desktop/Cloned Reditus/ReditusV.4.27/Content/Flipbooks/PlayerBattleAnimations/Caeser/ScrapSword/IsUseItem/CaeserScrapSwordIsUsingItem_Sprite_1.uasset" 3493
"C:/Users/malco/Desktop/Cloned Reditus/ReditusV.4.27/Content/Flipbooks/PlayerBattleAnimations/Caeser/ScrapSword/IsUseItem/CaeserScrapSwordIsUsingItem_Sprite_2.uasset" 3494
"C:/Users/malco/Desktop/Cloned Reditus/ReditusV.4.27/Content/Flipbooks/PlayerBattleAnimations/Caeser/ScrapSword/IsUseItem/CaeserScrapSwordIsUsingItem_Sprite_3.uasset" 3495
"C:/Users/malco/Desktop/Cloned Reditus/ReditusV.4.27/Content/Flipbooks/PlayerBattleAnimations/Caeser/ScrapSword/JumpAttack/CaeserScrapSwordJumpAttack_FB.uasset" 3496
"C:/Users/malco/Desktop/Cloned Reditus/ReditusV.4.27/Content/Flipbooks/PlayerBattleAnimations/Caeser/ScrapSword/JumpAttack/CaeserSwordJumpAttack_Sprite_0.uasset" 3497
"C:/Users/malco/Desktop/Cloned Reditus/ReditusV.4.27/Content/Flipbooks/PlayerBattleAnimations/Caeser/ScrapSword/JumpAttack/CaeserSwordJumpAttack.uasset" 3498
"C:/Users/malco/Desktop/Cloned Reditus/ReditusV.4.27/Content/Flipbooks/PlayerBattleAnimations/Caeser/ScrapSword/JumpAttack/CaeserSwordJumpAttack_Sprite_1.uasset" 3499
"C:/Users/malco/Desktop/Cloned Reditus/ReditusV.4.27/Content/Flipbooks/PlayerBattleAnimations/Caeser/ScrapSword/JumpAttack/CaeserSwordJumpAttack_Sprite_2.uasset" 3500
"C:/Users/malco/Desktop/Cloned Reditus/ReditusV.4.27/Content/Flipbooks/PlayerBattleAnimations/Caeser/ScrapSword/JumpAttack/CaeserSwordJumpAttack_Sprite_3.uasset" 3501
"C:/Users/malco/Desktop/Cloned Reditus/ReditusV.4.27/Content/Flipbooks/PlayerBattleAnimations/Caeser/ScrapSword/JumpAttack/CaeserScrapSwordTimedAttack_FB.uasset" 3502
"C:/Users/malco/Desktop/Cloned Reditus/ReditusV.4.27/Content/Flipbooks/PlayerBattleAnimations/Caeser/ScrapSword/MovingForward/CaeserIsScrapSwordMovingForward1.uasset" 3503
"C:/Users/malco/Desktop/Cloned Reditus/ReditusV.4.27/Content/Flipbooks/PlayerBattleAnimations/Caeser/ScrapSword/MovingForward/CaeserIsScrapSwordMovingForward_Sprite_0.uasset" 3504
"C:/Users/malco/Desktop/Cloned Reditus/ReditusV.4.27/Content/Flipbooks/PlayerBattleAnimations/Caeser/ScrapSword/MovingForward/CaeserIsScrapSwordMovingForward.uasset" 3505
"C:/Users/malco/Desktop/Cloned Reditus/ReditusV.4.27/Content/Flipbooks/PlayerBattleAnimations/Caeser/ScrapSword/MovingForward/CaeserIsScrapSwordMovingForward_Sprite_1.uasset" 3506
"C:/Users/malco/Desktop/Cloned Reditus/ReditusV.4.27/Content/Flipbooks/PlayerBattleAnimations/Caeser/ScrapSword/MovingForward/CaeserIsScrapSwordMovingForward_Sprite_2.uasset" 3507
"C:/Users/malco/Desktop/Cloned Reditus/ReditusV.4.27/Content/Flipbooks/PlayerBattleAnimations/Caeser/ScrapSword/MovingForward/CaeserIsScrapSwordMovingForward_Sprite_3.uasset" 3508
"C:/Users/malco/Desktop/Cloned Reditus/ReditusV.4.27/Content/Flipbooks/PlayerBattleAnimations/Caeser/ScrapSword/Parry/CaeserParry_FB.uasset" 3509
"C:/Users/malco/Desktop/Cloned Reditus/ReditusV.4.27/Content/MapSpriteAssets/UI_ICONS/ActionsUIIcons/Defend_Text.uasset" 3510
"C:/Users/malco/Desktop/Cloned Reditus/ReditusV.4.27/Content/MapSpriteAssets/UI_ICONS/ActionsUIIcons/Item_Text.uasset" 3511
"C:/Users/malco/Desktop/Cloned Reditus/ReditusV.4.27/Content/MapSpriteAssets/UI_ICONS/ActionsUIIcons/Run_Text.uasset" 3512
"C:/Users/malco/Desktop/Cloned Reditus/ReditusV.4.27/Content/MapSpriteAssets/UI_ICONS/ActionsUIIcons/Skill_Text.uasset" 3513
"C:/Users/malco/Desktop/Cloned Reditus/ReditusV.4.27/Content/Particles/InfinityBladeEffects/Effects/FX_Textures/Gradient/FX_Glow_12alpha.uasset" 3514
"C:/Users/malco/Desktop/Cloned Reditus/ReditusV.4.27/Content/TurnBasedJRPGTemplate/Blueprints/UI/Bp_Amp.uasset" 3515
"C:/Users/malco/Desktop/Cloned Reditus/ReditusV.4.27/Content/textures/ButtonIcons/KeyboardMouse/keyboard_key_q.uasset" 3516
"C:/Users/malco/Desktop/Cloned Reditus/ReditusV.4.27/Content/textures/ButtonIcons/KeyboardMouse/T_TabButton.uasset" 3517
"C:/Users/malco/Desktop/Cloned Reditus/ReditusV.4.27/Content/textures/ButtonIcons/PlayStation/PS4_L1.uasset" 3518
"C:/Users/malco/Desktop/Cloned Reditus/ReditusV.4.27/Content/textures/ButtonIcons/PlayStation/PS4_R1.uasset" 3519
"C:/Users/malco/Desktop/Cloned Reditus/ReditusV.4.27/Content/textures/ButtonIcons/Xbox/XboxOne_LB.uasset" 3520
"C:/Users/malco/Desktop/Cloned Reditus/ReditusV.4.27/Content/textures/ButtonIcons/Xbox/XboxOne_RB.uasset" 3521
"C:/Users/malco/Desktop/Cloned Reditus/ReditusV.4.27/Content/TurnBasedJRPGTemplate/Blueprints/UI/ImagesForMainMenu/T_MenuButtonTest.uasset" 3522
"C:/Users/malco/Desktop/Cloned Reditus/ReditusV.4.27/Content/TurnBasedJRPGTemplate/Blueprints/UI/Bp_Switch.uasset" 3523
"C:/Users/malco/Desktop/Cloned Reditus/ReditusV.4.27/Content/textures/ButtonIcons/PlayStation/PS4_Triangle.uasset" 3524
"C:/Users/malco/Desktop/Cloned Reditus/ReditusV.4.27/Content/textures/ButtonIcons/Xbox/XboxOne_Y.uasset" 3525
"C:/Users/malco/Desktop/Cloned Reditus/ReditusV.4.27/Content/TurnBasedJRPGTemplate/Textures/T_ZButton.uasset" 3526
"C:/Users/malco/Desktop/Cloned Reditus/ReditusV.4.27/Content/TurnBasedJRPGTemplate/Blueprints/UI/MainMenu/BP_BattleButton.uasset" 3527
"C:/Users/malco/Desktop/Cloned Reditus/ReditusV.4.27/Content/TurnBasedJRPGTemplate/Blueprints/Enums/E_ExploreCharacterMode.uasset" 3528
"C:/Users/malco/Desktop/Cloned Reditus/ReditusV.4.27/Content/Sounds/MyMasterMix.uasset" 3529
"C:/Users/malco/Desktop/Cloned Reditus/ReditusV.4.27/Content/Sounds/MyMusicMix.uasset" 3530
"C:/Users/malco/Desktop/Cloned Reditus/ReditusV.4.27/Content/Sounds/MySfxMix.uasset" 3531
"C:/Users/malco/Desktop/Cloned Reditus/ReditusV.4.27/Content/TurnBasedJRPGTemplate/Blueprints/Enums/E_PlayerDirection.uasset" 3532
"C:/Users/malco/Desktop/Cloned Reditus/ReditusV.4.27/Content/TurnBasedJRPGTemplate/Blueprints/Units/PlayerUnits/BP_CaeserPlayerUnit.uasset" 3533
"C:/Users/malco/Desktop/Cloned Reditus/ReditusV.4.27/Content/TurnBasedJRPGTemplate/Animations/AM_Attack.uasset" 3534
"C:/Users/malco/Desktop/Cloned Reditus/ReditusV.4.27/Content/TurnBasedJRPGTemplate/Blueprints/AnimNotifies/BP_AttackN.uasset" 3535
"C:/Users/malco/Desktop/Cloned Reditus/ReditusV.4.27/Content/TurnBasedJRPGTemplate/Animations/AM_Dash.uasset" 3536
"C:/Users/malco/Desktop/Cloned Reditus/ReditusV.4.27/Content/TurnBasedJRPGTemplate/Animations/A_ThirdPersonDash.uasset" 3537
"C:/Users/malco/Desktop/Cloned Reditus/ReditusV.4.27/Content/TurnBasedJRPGTemplate/Blueprints/PlayerPawns/BP_CaeserCharacter.uasset" 3538
"C:/Users/malco/Desktop/Cloned Reditus/ReditusV.4.27/Content/OverworldBlueprints/PlayerCharacter/PlayerParty/CaeserCharacterAnimBP.uasset" 3539
"C:/Users/malco/Desktop/Cloned Reditus/ReditusV.4.27/Content/Flipbooks/OverworldPlayerCharacterFlipbooks/Ceaser/Back/Ceaserback.uasset" 3540
"C:/Users/malco/Desktop/Cloned Reditus/ReditusV.4.27/Content/Flipbooks/OverworldPlayerCharacterFlipbooks/Ceaser/Back/Up1_Sprite.uasset" 3541
"C:/Users/malco/Desktop/Cloned Reditus/ReditusV.4.27/Content/Flipbooks/OverworldPlayerCharacterFlipbooks/Ceaser/Back/Up1.uasset" 3542
"C:/Users/malco/Desktop/Cloned Reditus/ReditusV.4.27/Content/Flipbooks/OverworldPlayerCharacterFlipbooks/Ceaser/Back/Up2_Sprite.uasset" 3543
"C:/Users/malco/Desktop/Cloned Reditus/ReditusV.4.27/Content/Flipbooks/OverworldPlayerCharacterFlipbooks/Ceaser/Back/Up2.uasset" 3544
"C:/Users/malco/Desktop/Cloned Reditus/ReditusV.4.27/Content/Flipbooks/OverworldPlayerCharacterFlipbooks/Ceaser/Back/Up3_Sprite.uasset" 3545
"C:/Users/malco/Desktop/Cloned Reditus/ReditusV.4.27/Content/Flipbooks/OverworldPlayerCharacterFlipbooks/Ceaser/Back/Up3.uasset" 3546
"C:/Users/malco/Desktop/Cloned Reditus/ReditusV.4.27/Content/Flipbooks/OverworldPlayerCharacterFlipbooks/Ceaser/Back/Ceaserbackidleidle.uasset" 3547
"C:/Users/malco/Desktop/Cloned Reditus/ReditusV.4.27/Content/Flipbooks/OverworldPlayerCharacterFlipbooks/Ceaser/Carry/CaeserCarryBack_FB.uasset" 3548
"C:/Users/malco/Desktop/Cloned Reditus/ReditusV.4.27/Content/Flipbooks/OverworldPlayerCharacterFlipbooks/Ceaser/Carry/Caeser_PickUp_Walking_Finished_Sprite_10.uasset" 3549
"C:/Users/malco/Desktop/Cloned Reditus/ReditusV.4.27/Content/Flipbooks/OverworldPlayerCharacterFlipbooks/Ceaser/Carry/Caeser_PickUp_Walking_Finished.uasset" 3550
"C:/Users/malco/Desktop/Cloned Reditus/ReditusV.4.27/Content/Flipbooks/OverworldPlayerCharacterFlipbooks/Ceaser/Carry/Caeser_PickUp_Walking_Finished_Sprite_11.uasset" 3551
"C:/Users/malco/Desktop/Cloned Reditus/ReditusV.4.27/Content/Flipbooks/OverworldPlayerCharacterFlipbooks/Ceaser/Carry/Caeser_PickUp_Walking_Finished_Sprite_9.uasset" 3552
"C:/Users/malco/Desktop/Cloned Reditus/ReditusV.4.27/Content/Flipbooks/OverworldPlayerCharacterFlipbooks/Ceaser/Carry/CaeserCarryBaclIdle_FB.uasset" 3553
"C:/Users/malco/Desktop/Cloned Reditus/ReditusV.4.27/Content/Flipbooks/OverworldPlayerCharacterFlipbooks/Ceaser/Carry/CaeserCarryFront_FB.uasset" 3554
"C:/Users/malco/Desktop/Cloned Reditus/ReditusV.4.27/Content/Flipbooks/OverworldPlayerCharacterFlipbooks/Ceaser/Carry/Caeser_PickUp_Walking_Finished_Sprite_0.uasset" 3555
"C:/Users/malco/Desktop/Cloned Reditus/ReditusV.4.27/Content/Flipbooks/OverworldPlayerCharacterFlipbooks/Ceaser/Carry/Caeser_PickUp_Walking_Finished_Sprite_1.uasset" 3556
"C:/Users/malco/Desktop/Cloned Reditus/ReditusV.4.27/Content/Flipbooks/OverworldPlayerCharacterFlipbooks/Ceaser/Carry/Caeser_PickUp_Walking_Finished_Sprite_2.uasset" 3557
"C:/Users/malco/Desktop/Cloned Reditus/ReditusV.4.27/Content/Flipbooks/OverworldPlayerCharacterFlipbooks/Ceaser/Carry/CaeserCarryFrontIdle_FB.uasset" 3558
"C:/Users/malco/Desktop/Cloned Reditus/ReditusV.4.27/Content/Flipbooks/OverworldPlayerCharacterFlipbooks/Ceaser/Carry/CaeserCarryLeft_FB.uasset" 3559
"C:/Users/malco/Desktop/Cloned Reditus/ReditusV.4.27/Content/Flipbooks/OverworldPlayerCharacterFlipbooks/Ceaser/Carry/Caeser_PickUp_Walking_Finished_Sprite_3.uasset" 3560
"C:/Users/malco/Desktop/Cloned Reditus/ReditusV.4.27/Content/Flipbooks/OverworldPlayerCharacterFlipbooks/Ceaser/Carry/Caeser_PickUp_Walking_Finished_Sprite_4.uasset" 3561
"C:/Users/malco/Desktop/Cloned Reditus/ReditusV.4.27/Content/Flipbooks/OverworldPlayerCharacterFlipbooks/Ceaser/Carry/Caeser_PickUp_Walking_Finished_Sprite_5.uasset" 3562
"C:/Users/malco/Desktop/Cloned Reditus/ReditusV.4.27/Content/Flipbooks/OverworldPlayerCharacterFlipbooks/Ceaser/Carry/CaeserCarryLeftIdle_FB.uasset" 3563
"C:/Users/malco/Desktop/Cloned Reditus/ReditusV.4.27/Content/Flipbooks/OverworldPlayerCharacterFlipbooks/Ceaser/Carry/CaeserCarryRight_FB.uasset" 3564
"C:/Users/malco/Desktop/Cloned Reditus/ReditusV.4.27/Content/Flipbooks/OverworldPlayerCharacterFlipbooks/Ceaser/Carry/Caeser_PickUp_Walking_Finished_Sprite_6.uasset" 3565
"C:/Users/malco/Desktop/Cloned Reditus/ReditusV.4.27/Content/Flipbooks/OverworldPlayerCharacterFlipbooks/Ceaser/Carry/Caeser_PickUp_Walking_Finished_Sprite_7.uasset" 3566
"C:/Users/malco/Desktop/Cloned Reditus/ReditusV.4.27/Content/Flipbooks/OverworldPlayerCharacterFlipbooks/Ceaser/Carry/Caeser_PickUp_Walking_Finished_Sprite_8.uasset" 3567
"C:/Users/malco/Desktop/Cloned Reditus/ReditusV.4.27/Content/Flipbooks/OverworldPlayerCharacterFlipbooks/Ceaser/Carry/CaeserCarryRightIdle_FB.uasset" 3568
"C:/Users/malco/Desktop/Cloned Reditus/ReditusV.4.27/Content/Flipbooks/OverworldPlayerCharacterFlipbooks/Ceaser/Front/ceaserfront.uasset" 3569
"C:/Users/malco/Desktop/Cloned Reditus/ReditusV.4.27/Content/Flipbooks/OverworldPlayerCharacterFlipbooks/Ceaser/Front/Down1_Sprite.uasset" 3570
"C:/Users/malco/Desktop/Cloned Reditus/ReditusV.4.27/Content/Flipbooks/OverworldPlayerCharacterFlipbooks/Ceaser/Front/Down2_Sprite.uasset" 3571
"C:/Users/malco/Desktop/Cloned Reditus/ReditusV.4.27/Content/Flipbooks/OverworldPlayerCharacterFlipbooks/Ceaser/Front/Down2.uasset" 3572
"C:/Users/malco/Desktop/Cloned Reditus/ReditusV.4.27/Content/Flipbooks/OverworldPlayerCharacterFlipbooks/Ceaser/Front/Down3_Sprite.uasset" 3573
"C:/Users/malco/Desktop/Cloned Reditus/ReditusV.4.27/Content/Flipbooks/OverworldPlayerCharacterFlipbooks/Ceaser/Front/Down3.uasset" 3574
"C:/Users/malco/Desktop/Cloned Reditus/ReditusV.4.27/Content/Flipbooks/OverworldPlayerCharacterFlipbooks/Ceaser/Front/ceaserfrontidleidle.uasset" 3575
"C:/Users/malco/Desktop/Cloned Reditus/ReditusV.4.27/Content/Flipbooks/OverworldPlayerCharacterFlipbooks/Ceaser/Jumping/CaeserBackFalling_FB.uasset" 3576
"C:/Users/malco/Desktop/Cloned Reditus/ReditusV.4.27/Content/Flipbooks/OverworldPlayerCharacterFlipbooks/Ceaser/Jumping/jumping_sprite_sheet_Sprite_11.uasset" 3577
"C:/Users/malco/Desktop/Cloned Reditus/ReditusV.4.27/Content/Flipbooks/OverworldPlayerCharacterFlipbooks/Ceaser/Jumping/jumping_sprite_sheet.uasset" 3578
"C:/Users/malco/Desktop/Cloned Reditus/ReditusV.4.27/Content/Flipbooks/OverworldPlayerCharacterFlipbooks/Ceaser/Jumping/jumping_sprite_sheet_Sprite_15.uasset" 3579
"C:/Users/malco/Desktop/Cloned Reditus/ReditusV.4.27/Content/Flipbooks/OverworldPlayerCharacterFlipbooks/Ceaser/Jumping/jumping_sprite_sheet_Sprite_19.uasset" 3580
"C:/Users/malco/Desktop/Cloned Reditus/ReditusV.4.27/Content/Flipbooks/OverworldPlayerCharacterFlipbooks/Ceaser/Jumping/CaeserBackJumping_FB.uasset" 3581
"C:/Users/malco/Desktop/Cloned Reditus/ReditusV.4.27/Content/Flipbooks/OverworldPlayerCharacterFlipbooks/Ceaser/Jumping/jumping_sprite_sheet_Sprite_3.uasset" 3582
"C:/Users/malco/Desktop/Cloned Reditus/ReditusV.4.27/Content/Flipbooks/OverworldPlayerCharacterFlipbooks/Ceaser/Jumping/jumping_sprite_sheet_Sprite_7.uasset" 3583
"C:/Users/malco/Desktop/Cloned Reditus/ReditusV.4.27/Content/Flipbooks/OverworldPlayerCharacterFlipbooks/Ceaser/Jumping/CaeserFrontFalling_FB.uasset" 3584
"C:/Users/malco/Desktop/Cloned Reditus/ReditusV.4.27/Content/Flipbooks/OverworldPlayerCharacterFlipbooks/Ceaser/Jumping/jumping_sprite_sheet_Sprite_10.uasset" 3585
"C:/Users/malco/Desktop/Cloned Reditus/ReditusV.4.27/Content/Flipbooks/OverworldPlayerCharacterFlipbooks/Ceaser/Jumping/jumping_sprite_sheet_Sprite_14.uasset" 3586
"C:/Users/malco/Desktop/Cloned Reditus/ReditusV.4.27/Content/Flipbooks/OverworldPlayerCharacterFlipbooks/Ceaser/Jumping/jumping_sprite_sheet_Sprite_18.uasset" 3587
"C:/Users/malco/Desktop/Cloned Reditus/ReditusV.4.27/Content/Flipbooks/OverworldPlayerCharacterFlipbooks/Ceaser/Jumping/CaeserFrontJuming_FB.uasset" 3588
"C:/Users/malco/Desktop/Cloned Reditus/ReditusV.4.27/Content/Flipbooks/OverworldPlayerCharacterFlipbooks/Ceaser/Jumping/jumping_sprite_sheet_Sprite_2.uasset" 3589
"C:/Users/malco/Desktop/Cloned Reditus/ReditusV.4.27/Content/Flipbooks/OverworldPlayerCharacterFlipbooks/Ceaser/Jumping/jumping_sprite_sheet_Sprite_6.uasset" 3590
"C:/Users/malco/Desktop/Cloned Reditus/ReditusV.4.27/Content/Flipbooks/OverworldPlayerCharacterFlipbooks/Ceaser/Jumping/CaeserLeftFalling_FB.uasset" 3591
"C:/Users/malco/Desktop/Cloned Reditus/ReditusV.4.27/Content/Flipbooks/OverworldPlayerCharacterFlipbooks/Ceaser/Jumping/jumping_sprite_sheet_Sprite_13.uasset" 3592
"C:/Users/malco/Desktop/Cloned Reditus/ReditusV.4.27/Content/Flipbooks/OverworldPlayerCharacterFlipbooks/Ceaser/Jumping/jumping_sprite_sheet_Sprite_17.uasset" 3593
"C:/Users/malco/Desktop/Cloned Reditus/ReditusV.4.27/Content/Flipbooks/OverworldPlayerCharacterFlipbooks/Ceaser/Jumping/jumping_sprite_sheet_Sprite_9.uasset" 3594
"C:/Users/malco/Desktop/Cloned Reditus/ReditusV.4.27/Content/Flipbooks/OverworldPlayerCharacterFlipbooks/Ceaser/Jumping/CaeserLeftJumping_FB.uasset" 3595
"C:/Users/malco/Desktop/Cloned Reditus/ReditusV.4.27/Content/Flipbooks/OverworldPlayerCharacterFlipbooks/Ceaser/Jumping/jumping_sprite_sheet_Sprite_1.uasset" 3596
"C:/Users/malco/Desktop/Cloned Reditus/ReditusV.4.27/Content/Flipbooks/OverworldPlayerCharacterFlipbooks/Ceaser/Jumping/jumping_sprite_sheet_Sprite_5.uasset" 3597
"C:/Users/malco/Desktop/Cloned Reditus/ReditusV.4.27/Content/Flipbooks/OverworldPlayerCharacterFlipbooks/Ceaser/Jumping/CaeserRightFalling_FB.uasset" 3598
"C:/Users/malco/Desktop/Cloned Reditus/ReditusV.4.27/Content/Flipbooks/OverworldPlayerCharacterFlipbooks/Ceaser/Jumping/jumping_sprite_sheet_Sprite_12.uasset" 3599
"C:/Users/malco/Desktop/Cloned Reditus/ReditusV.4.27/Content/Flipbooks/OverworldPlayerCharacterFlipbooks/Ceaser/Jumping/jumping_sprite_sheet_Sprite_16.uasset" 3600
"C:/Users/malco/Desktop/Cloned Reditus/ReditusV.4.27/Content/Flipbooks/OverworldPlayerCharacterFlipbooks/Ceaser/Jumping/jumping_sprite_sheet_Sprite_8.uasset" 3601
"C:/Users/malco/Desktop/Cloned Reditus/ReditusV.4.27/Content/Flipbooks/OverworldPlayerCharacterFlipbooks/Ceaser/Jumping/CaeserRightJumping_FB.uasset" 3602
"C:/Users/malco/Desktop/Cloned Reditus/ReditusV.4.27/Content/Flipbooks/OverworldPlayerCharacterFlipbooks/Ceaser/Jumping/jumping_sprite_sheet_Sprite_0.uasset" 3603
"C:/Users/malco/Desktop/Cloned Reditus/ReditusV.4.27/Content/Flipbooks/OverworldPlayerCharacterFlipbooks/Ceaser/Jumping/jumping_sprite_sheet_Sprite_4.uasset" 3604
"C:/Users/malco/Desktop/Cloned Reditus/ReditusV.4.27/Content/Flipbooks/OverworldPlayerCharacterFlipbooks/Ceaser/Left/Ceaserleft.uasset" 3605
"C:/Users/malco/Desktop/Cloned Reditus/ReditusV.4.27/Content/Flipbooks/OverworldPlayerCharacterFlipbooks/Ceaser/Left/left1_Sprite.uasset" 3606
"C:/Users/malco/Desktop/Cloned Reditus/ReditusV.4.27/Content/Flipbooks/OverworldPlayerCharacterFlipbooks/Ceaser/Left/left1.uasset" 3607
"C:/Users/malco/Desktop/Cloned Reditus/ReditusV.4.27/Content/Flipbooks/OverworldPlayerCharacterFlipbooks/Ceaser/Left/left2_Sprite.uasset" 3608
"C:/Users/malco/Desktop/Cloned Reditus/ReditusV.4.27/Content/Flipbooks/OverworldPlayerCharacterFlipbooks/Ceaser/Left/left2.uasset" 3609
"C:/Users/malco/Desktop/Cloned Reditus/ReditusV.4.27/Content/Flipbooks/OverworldPlayerCharacterFlipbooks/Ceaser/Left/left3_Sprite.uasset" 3610
"C:/Users/malco/Desktop/Cloned Reditus/ReditusV.4.27/Content/Flipbooks/OverworldPlayerCharacterFlipbooks/Ceaser/Left/left3.uasset" 3611
"C:/Users/malco/Desktop/Cloned Reditus/ReditusV.4.27/Content/Flipbooks/OverworldPlayerCharacterFlipbooks/Ceaser/Left/ceaserleftidle.uasset" 3612
"C:/Users/malco/Desktop/Cloned Reditus/ReditusV.4.27/Content/Flipbooks/OverworldPlayerCharacterFlipbooks/Ceaser/Lift/CaeserLiftBack_FB.uasset" 3613
"C:/Users/malco/Desktop/Cloned Reditus/ReditusV.4.27/Content/Flipbooks/OverworldPlayerCharacterFlipbooks/Ceaser/Lift/Caeser_PickUp_Finished_Sprite_10.uasset" 3614
"C:/Users/malco/Desktop/Cloned Reditus/ReditusV.4.27/Content/Flipbooks/OverworldPlayerCharacterFlipbooks/Ceaser/Lift/Caeser_PickUp_Finished.uasset" 3615
"C:/Users/malco/Desktop/Cloned Reditus/ReditusV.4.27/Content/Flipbooks/OverworldPlayerCharacterFlipbooks/Ceaser/Lift/Caeser_PickUp_Finished_Sprite_11.uasset" 3616
"C:/Users/malco/Desktop/Cloned Reditus/ReditusV.4.27/Content/Flipbooks/OverworldPlayerCharacterFlipbooks/Ceaser/Lift/Caeser_PickUp_Finished_Sprite_9.uasset" 3617
"C:/Users/malco/Desktop/Cloned Reditus/ReditusV.4.27/Content/Flipbooks/OverworldPlayerCharacterFlipbooks/Ceaser/Lift/CaeserLiftFront_FB.uasset" 3618
"C:/Users/malco/Desktop/Cloned Reditus/ReditusV.4.27/Content/Flipbooks/OverworldPlayerCharacterFlipbooks/Ceaser/Lift/Caeser_PickUp_Finished_Sprite_0.uasset" 3619
"C:/Users/malco/Desktop/Cloned Reditus/ReditusV.4.27/Content/Flipbooks/OverworldPlayerCharacterFlipbooks/Ceaser/Lift/Caeser_PickUp_Finished_Sprite_1.uasset" 3620
"C:/Users/malco/Desktop/Cloned Reditus/ReditusV.4.27/Content/Flipbooks/OverworldPlayerCharacterFlipbooks/Ceaser/Lift/Caeser_PickUp_Finished_Sprite_2.uasset" 3621
"C:/Users/malco/Desktop/Cloned Reditus/ReditusV.4.27/Content/Flipbooks/OverworldPlayerCharacterFlipbooks/Ceaser/Lift/CaeserLiftLeft_FB.uasset" 3622
"C:/Users/malco/Desktop/Cloned Reditus/ReditusV.4.27/Content/Flipbooks/OverworldPlayerCharacterFlipbooks/Ceaser/Lift/Caeser_PickUp_Finished_Sprite_3.uasset" 3623
"C:/Users/malco/Desktop/Cloned Reditus/ReditusV.4.27/Content/Flipbooks/OverworldPlayerCharacterFlipbooks/Ceaser/Lift/Caeser_PickUp_Finished_Sprite_4.uasset" 3624
"C:/Users/malco/Desktop/Cloned Reditus/ReditusV.4.27/Content/Flipbooks/OverworldPlayerCharacterFlipbooks/Ceaser/Lift/Caeser_PickUp_Finished_Sprite_5.uasset" 3625
"C:/Users/malco/Desktop/Cloned Reditus/ReditusV.4.27/Content/Flipbooks/OverworldPlayerCharacterFlipbooks/Ceaser/Lift/CaeserLiftRight_FB.uasset" 3626
"C:/Users/malco/Desktop/Cloned Reditus/ReditusV.4.27/Content/Flipbooks/OverworldPlayerCharacterFlipbooks/Ceaser/Lift/Caeser_PickUp_Finished_Sprite_6.uasset" 3627
"C:/Users/malco/Desktop/Cloned Reditus/ReditusV.4.27/Content/Flipbooks/OverworldPlayerCharacterFlipbooks/Ceaser/Lift/Caeser_PickUp_Finished_Sprite_7.uasset" 3628
"C:/Users/malco/Desktop/Cloned Reditus/ReditusV.4.27/Content/Flipbooks/OverworldPlayerCharacterFlipbooks/Ceaser/Lift/Caeser_PickUp_Finished_Sprite_8.uasset" 3629
"C:/Users/malco/Desktop/Cloned Reditus/ReditusV.4.27/Content/Flipbooks/OverworldPlayerCharacterFlipbooks/Ceaser/Lift/Drop/CaeserDropBack_FB.uasset" 3630
"C:/Users/malco/Desktop/Cloned Reditus/ReditusV.4.27/Content/Flipbooks/OverworldPlayerCharacterFlipbooks/Ceaser/Lift/Drop/CaeserDropFront_FB.uasset" 3631
"C:/Users/malco/Desktop/Cloned Reditus/ReditusV.4.27/Content/Flipbooks/OverworldPlayerCharacterFlipbooks/Ceaser/Lift/Drop/CaeserDropLeft_FB.uasset" 3632
"C:/Users/malco/Desktop/Cloned Reditus/ReditusV.4.27/Content/Flipbooks/OverworldPlayerCharacterFlipbooks/Ceaser/Lift/Drop/CaeserDropRight_FB.uasset" 3633
"C:/Users/malco/Desktop/Cloned Reditus/ReditusV.4.27/Content/Flipbooks/OverworldPlayerCharacterFlipbooks/Ceaser/Pushing/Back/CaeserPushingBack_FB.uasset" 3634
"C:/Users/malco/Desktop/Cloned Reditus/ReditusV.4.27/Content/Flipbooks/OverworldPlayerCharacterFlipbooks/Ceaser/Pushing/Back/CaeserPushing_Sprite_10.uasset" 3635
"C:/Users/malco/Desktop/Cloned Reditus/ReditusV.4.27/Content/Flipbooks/OverworldPlayerCharacterFlipbooks/Ceaser/Pushing/CaeserPushing.uasset" 3636
"C:/Users/malco/Desktop/Cloned Reditus/ReditusV.4.27/Content/Flipbooks/OverworldPlayerCharacterFlipbooks/Ceaser/Pushing/Back/CaeserPushing_Sprite_11.uasset" 3637
"C:/Users/malco/Desktop/Cloned Reditus/ReditusV.4.27/Content/Flipbooks/OverworldPlayerCharacterFlipbooks/Ceaser/Pushing/Back/CaeserPushing_Sprite_9.uasset" 3638
"C:/Users/malco/Desktop/Cloned Reditus/ReditusV.4.27/Content/Flipbooks/OverworldPlayerCharacterFlipbooks/Ceaser/Pushing/Back/CaeserPushingBackIdle_FB.uasset" 3639
"C:/Users/malco/Desktop/Cloned Reditus/ReditusV.4.27/Content/Flipbooks/OverworldPlayerCharacterFlipbooks/Ceaser/Pushing/Front/CaeserPushingFront_FB.uasset" 3640
"C:/Users/malco/Desktop/Cloned Reditus/ReditusV.4.27/Content/Flipbooks/OverworldPlayerCharacterFlipbooks/Ceaser/Pushing/Front/CaeserPushing_Sprite_0.uasset" 3641
"C:/Users/malco/Desktop/Cloned Reditus/ReditusV.4.27/Content/Flipbooks/OverworldPlayerCharacterFlipbooks/Ceaser/Pushing/Front/CaeserPushing_Sprite_1.uasset" 3642
"C:/Users/malco/Desktop/Cloned Reditus/ReditusV.4.27/Content/Flipbooks/OverworldPlayerCharacterFlipbooks/Ceaser/Pushing/Front/CaeserPushing_Sprite_2.uasset" 3643
"C:/Users/malco/Desktop/Cloned Reditus/ReditusV.4.27/Content/Flipbooks/OverworldPlayerCharacterFlipbooks/Ceaser/Pushing/Front/CaeserPushingFrontIdle_FB.uasset" 3644
"C:/Users/malco/Desktop/Cloned Reditus/ReditusV.4.27/Content/Flipbooks/OverworldPlayerCharacterFlipbooks/Ceaser/Pushing/Left/CaeserPushingLeft_FB.uasset" 3645
"C:/Users/malco/Desktop/Cloned Reditus/ReditusV.4.27/Content/Flipbooks/OverworldPlayerCharacterFlipbooks/Ceaser/Pushing/Left/CaeserPushing_Sprite_3.uasset" 3646
"C:/Users/malco/Desktop/Cloned Reditus/ReditusV.4.27/Content/Flipbooks/OverworldPlayerCharacterFlipbooks/Ceaser/Pushing/Left/CaeserPushing_Sprite_4.uasset" 3647
"C:/Users/malco/Desktop/Cloned Reditus/ReditusV.4.27/Content/Flipbooks/OverworldPlayerCharacterFlipbooks/Ceaser/Pushing/Left/CaeserPushing_Sprite_5.uasset" 3648
"C:/Users/malco/Desktop/Cloned Reditus/ReditusV.4.27/Content/Flipbooks/OverworldPlayerCharacterFlipbooks/Ceaser/Pushing/Left/CaeserPushingLeftIdle_FB.uasset" 3649
"C:/Users/malco/Desktop/Cloned Reditus/ReditusV.4.27/Content/Flipbooks/OverworldPlayerCharacterFlipbooks/Ceaser/Pushing/Right/CaeserPushingRight_FB.uasset" 3650
"C:/Users/malco/Desktop/Cloned Reditus/ReditusV.4.27/Content/Flipbooks/OverworldPlayerCharacterFlipbooks/Ceaser/Pushing/Right/CaeserPushing_Sprite_6.uasset" 3651
"C:/Users/malco/Desktop/Cloned Reditus/ReditusV.4.27/Content/Flipbooks/OverworldPlayerCharacterFlipbooks/Ceaser/Pushing/Right/CaeserPushing_Sprite_7.uasset" 3652
"C:/Users/malco/Desktop/Cloned Reditus/ReditusV.4.27/Content/Flipbooks/OverworldPlayerCharacterFlipbooks/Ceaser/Pushing/Right/CaeserPushing_Sprite_8.uasset" 3653
"C:/Users/malco/Desktop/Cloned Reditus/ReditusV.4.27/Content/Flipbooks/OverworldPlayerCharacterFlipbooks/Ceaser/Pushing/Right/CaeserPushingRightIdle_FB.uasset" 3654
"C:/Users/malco/Desktop/Cloned Reditus/ReditusV.4.27/Content/Flipbooks/OverworldPlayerCharacterFlipbooks/Ceaser/Right/Ceaserright.uasset" 3655
"C:/Users/malco/Desktop/Cloned Reditus/ReditusV.4.27/Content/Flipbooks/OverworldPlayerCharacterFlipbooks/Ceaser/Right/1_Sprite.uasset" 3656
"C:/Users/malco/Desktop/Cloned Reditus/ReditusV.4.27/Content/Flipbooks/OverworldPlayerCharacterFlipbooks/Ceaser/Right/1.uasset" 3657
"C:/Users/malco/Desktop/Cloned Reditus/ReditusV.4.27/Content/Flipbooks/OverworldPlayerCharacterFlipbooks/Ceaser/Right/2_Sprite.uasset" 3658
"C:/Users/malco/Desktop/Cloned Reditus/ReditusV.4.27/Content/Flipbooks/OverworldPlayerCharacterFlipbooks/Ceaser/Right/2.uasset" 3659
"C:/Users/malco/Desktop/Cloned Reditus/ReditusV.4.27/Content/Flipbooks/OverworldPlayerCharacterFlipbooks/Ceaser/Right/3_Sprite.uasset" 3660
"C:/Users/malco/Desktop/Cloned Reditus/ReditusV.4.27/Content/Flipbooks/OverworldPlayerCharacterFlipbooks/Ceaser/Right/3.uasset" 3661
"C:/Users/malco/Desktop/Cloned Reditus/ReditusV.4.27/Content/Flipbooks/OverworldPlayerCharacterFlipbooks/Ceaser/Right/CeaserRightIdle.uasset" 3662
"C:/Users/malco/Desktop/Cloned Reditus/ReditusV.4.27/Content/Flipbooks/OverworldPlayerCharacterFlipbooks/Ceaser/SprintBack/CaeserSprintBack.uasset" 3663
"C:/Users/malco/Desktop/Cloned Reditus/ReditusV.4.27/Content/Flipbooks/OverworldPlayerCharacterFlipbooks/Ceaser/SprintBack/1_Sprite.uasset" 3664
"C:/Users/malco/Desktop/Cloned Reditus/ReditusV.4.27/Content/Flipbooks/OverworldPlayerCharacterFlipbooks/Ceaser/SprintBack/1.uasset" 3665
"C:/Users/malco/Desktop/Cloned Reditus/ReditusV.4.27/Content/Flipbooks/OverworldPlayerCharacterFlipbooks/Ceaser/SprintBack/2_Sprite.uasset" 3666
"C:/Users/malco/Desktop/Cloned Reditus/ReditusV.4.27/Content/Flipbooks/OverworldPlayerCharacterFlipbooks/Ceaser/SprintBack/2.uasset" 3667
"C:/Users/malco/Desktop/Cloned Reditus/ReditusV.4.27/Content/Flipbooks/OverworldPlayerCharacterFlipbooks/Ceaser/SprintBack/3_Sprite.uasset" 3668
"C:/Users/malco/Desktop/Cloned Reditus/ReditusV.4.27/Content/Flipbooks/OverworldPlayerCharacterFlipbooks/Ceaser/SprintBack/3.uasset" 3669
"C:/Users/malco/Desktop/Cloned Reditus/ReditusV.4.27/Content/Flipbooks/OverworldPlayerCharacterFlipbooks/Ceaser/SprintBack/4_Sprite.uasset" 3670
"C:/Users/malco/Desktop/Cloned Reditus/ReditusV.4.27/Content/Flipbooks/OverworldPlayerCharacterFlipbooks/Ceaser/SprintBack/4.uasset" 3671
"C:/Users/malco/Desktop/Cloned Reditus/ReditusV.4.27/Content/Flipbooks/OverworldPlayerCharacterFlipbooks/Ceaser/SprintFront/CeaserSprint.uasset" 3672
"C:/Users/malco/Desktop/Cloned Reditus/ReditusV.4.27/Content/Flipbooks/OverworldPlayerCharacterFlipbooks/Ceaser/SprintFront/1_Sprite.uasset" 3673
"C:/Users/malco/Desktop/Cloned Reditus/ReditusV.4.27/Content/Flipbooks/OverworldPlayerCharacterFlipbooks/Ceaser/SprintFront/1.uasset" 3674
"C:/Users/malco/Desktop/Cloned Reditus/ReditusV.4.27/Content/Flipbooks/OverworldPlayerCharacterFlipbooks/Ceaser/SprintFront/2_Sprite.uasset" 3675
"C:/Users/malco/Desktop/Cloned Reditus/ReditusV.4.27/Content/Flipbooks/OverworldPlayerCharacterFlipbooks/Ceaser/SprintFront/2.uasset" 3676
"C:/Users/malco/Desktop/Cloned Reditus/ReditusV.4.27/Content/Flipbooks/OverworldPlayerCharacterFlipbooks/Ceaser/SprintFront/3_Sprite.uasset" 3677
"C:/Users/malco/Desktop/Cloned Reditus/ReditusV.4.27/Content/Flipbooks/OverworldPlayerCharacterFlipbooks/Ceaser/SprintFront/3.uasset" 3678
"C:/Users/malco/Desktop/Cloned Reditus/ReditusV.4.27/Content/Flipbooks/OverworldPlayerCharacterFlipbooks/Ceaser/SprintFront/4_Sprite.uasset" 3679
"C:/Users/malco/Desktop/Cloned Reditus/ReditusV.4.27/Content/Flipbooks/OverworldPlayerCharacterFlipbooks/Ceaser/SprintFront/4.uasset" 3680
"C:/Users/malco/Desktop/Cloned Reditus/ReditusV.4.27/Content/Flipbooks/OverworldPlayerCharacterFlipbooks/Ceaser/SprintLeft/CeaserSprintLeft.uasset" 3681
"C:/Users/malco/Desktop/Cloned Reditus/ReditusV.4.27/Content/Flipbooks/OverworldPlayerCharacterFlipbooks/Ceaser/SprintLeft/1_Sprite.uasset" 3682
"C:/Users/malco/Desktop/Cloned Reditus/ReditusV.4.27/Content/Flipbooks/OverworldPlayerCharacterFlipbooks/Ceaser/SprintLeft/1.uasset" 3683
"C:/Users/malco/Desktop/Cloned Reditus/ReditusV.4.27/Content/Flipbooks/OverworldPlayerCharacterFlipbooks/Ceaser/SprintLeft/2_Sprite.uasset" 3684
"C:/Users/malco/Desktop/Cloned Reditus/ReditusV.4.27/Content/Flipbooks/OverworldPlayerCharacterFlipbooks/Ceaser/SprintLeft/2.uasset" 3685
"C:/Users/malco/Desktop/Cloned Reditus/ReditusV.4.27/Content/Flipbooks/OverworldPlayerCharacterFlipbooks/Ceaser/SprintLeft/3_Sprite.uasset" 3686
"C:/Users/malco/Desktop/Cloned Reditus/ReditusV.4.27/Content/Flipbooks/OverworldPlayerCharacterFlipbooks/Ceaser/SprintLeft/3.uasset" 3687
"C:/Users/malco/Desktop/Cloned Reditus/ReditusV.4.27/Content/Flipbooks/OverworldPlayerCharacterFlipbooks/Ceaser/SprintLeft/4_Sprite.uasset" 3688
"C:/Users/malco/Desktop/Cloned Reditus/ReditusV.4.27/Content/Flipbooks/OverworldPlayerCharacterFlipbooks/Ceaser/SprintLeft/4.uasset" 3689
"C:/Users/malco/Desktop/Cloned Reditus/ReditusV.4.27/Content/Flipbooks/OverworldPlayerCharacterFlipbooks/Ceaser/SprintLeft/5_Sprite.uasset" 3690
"C:/Users/malco/Desktop/Cloned Reditus/ReditusV.4.27/Content/Flipbooks/OverworldPlayerCharacterFlipbooks/Ceaser/SprintLeft/5.uasset" 3691
"C:/Users/malco/Desktop/Cloned Reditus/ReditusV.4.27/Content/Flipbooks/OverworldPlayerCharacterFlipbooks/Ceaser/SprintLeft/6_Sprite.uasset" 3692
"C:/Users/malco/Desktop/Cloned Reditus/ReditusV.4.27/Content/Flipbooks/OverworldPlayerCharacterFlipbooks/Ceaser/SprintLeft/6.uasset" 3693
"C:/Users/malco/Desktop/Cloned Reditus/ReditusV.4.27/Content/Flipbooks/OverworldPlayerCharacterFlipbooks/Ceaser/SprintLeft/7_Sprite.uasset" 3694
"C:/Users/malco/Desktop/Cloned Reditus/ReditusV.4.27/Content/Flipbooks/OverworldPlayerCharacterFlipbooks/Ceaser/SprintLeft/7.uasset" 3695
"C:/Users/malco/Desktop/Cloned Reditus/ReditusV.4.27/Content/Flipbooks/OverworldPlayerCharacterFlipbooks/Ceaser/SprintLeft/8_Sprite.uasset" 3696
"C:/Users/malco/Desktop/Cloned Reditus/ReditusV.4.27/Content/Flipbooks/OverworldPlayerCharacterFlipbooks/Ceaser/SprintLeft/8.uasset" 3697
"C:/Users/malco/Desktop/Cloned Reditus/ReditusV.4.27/Content/Flipbooks/OverworldPlayerCharacterFlipbooks/Ceaser/SprintRight/CeaserSprintRight.uasset" 3698
"C:/Users/malco/Desktop/Cloned Reditus/ReditusV.4.27/Content/Flipbooks/OverworldPlayerCharacterFlipbooks/Ceaser/SprintRight/3_Sprite.uasset" 3699
"C:/Users/malco/Desktop/Cloned Reditus/ReditusV.4.27/Content/Flipbooks/OverworldPlayerCharacterFlipbooks/Ceaser/SprintRight/3.uasset" 3700
"C:/Users/malco/Desktop/Cloned Reditus/ReditusV.4.27/Content/Flipbooks/OverworldPlayerCharacterFlipbooks/Ceaser/SprintRight/4_Sprite.uasset" 3701
"C:/Users/malco/Desktop/Cloned Reditus/ReditusV.4.27/Content/Flipbooks/OverworldPlayerCharacterFlipbooks/Ceaser/SprintRight/4.uasset" 3702
"C:/Users/malco/Desktop/Cloned Reditus/ReditusV.4.27/Content/Flipbooks/OverworldPlayerCharacterFlipbooks/Ceaser/SprintRight/5_Sprite.uasset" 3703
"C:/Users/malco/Desktop/Cloned Reditus/ReditusV.4.27/Content/Flipbooks/OverworldPlayerCharacterFlipbooks/Ceaser/SprintRight/5.uasset" 3704
"C:/Users/malco/Desktop/Cloned Reditus/ReditusV.4.27/Content/Flipbooks/OverworldPlayerCharacterFlipbooks/Ceaser/SprintRight/6_Sprite.uasset" 3705
"C:/Users/malco/Desktop/Cloned Reditus/ReditusV.4.27/Content/Flipbooks/OverworldPlayerCharacterFlipbooks/Ceaser/SprintRight/6.uasset" 3706
"C:/Users/malco/Desktop/Cloned Reditus/ReditusV.4.27/Content/Flipbooks/OverworldPlayerCharacterFlipbooks/Ceaser/SprintRight/7_Sprite.uasset" 3707
"C:/Users/malco/Desktop/Cloned Reditus/ReditusV.4.27/Content/Flipbooks/OverworldPlayerCharacterFlipbooks/Ceaser/SprintRight/7.uasset" 3708
"C:/Users/malco/Desktop/Cloned Reditus/ReditusV.4.27/Content/Flipbooks/OverworldPlayerCharacterFlipbooks/Ceaser/SprintRight/8_Sprite.uasset" 3709
"C:/Users/malco/Desktop/Cloned Reditus/ReditusV.4.27/Content/Flipbooks/OverworldPlayerCharacterFlipbooks/Ceaser/SprintRight/8.uasset" 3710
"C:/Users/malco/Desktop/Cloned Reditus/ReditusV.4.27/Content/Flipbooks/OverworldPlayerCharacterFlipbooks/Ceaser/SprintRight/CeaserSprint1_Sprite.uasset" 3711
"C:/Users/malco/Desktop/Cloned Reditus/ReditusV.4.27/Content/Flipbooks/OverworldPlayerCharacterFlipbooks/Ceaser/SprintRight/CeaserSprint1.uasset" 3712
"C:/Users/malco/Desktop/Cloned Reditus/ReditusV.4.27/Content/Flipbooks/OverworldPlayerCharacterFlipbooks/Ceaser/SprintRight/CeaserSprintRight2_Sprite.uasset" 3713
"C:/Users/malco/Desktop/Cloned Reditus/ReditusV.4.27/Content/Flipbooks/OverworldPlayerCharacterFlipbooks/Ceaser/SprintRight/CeaserSprintRight2.uasset" 3714
"C:/Users/malco/Desktop/Cloned Reditus/ReditusV.4.27/Content/TurnBasedJRPGTemplate/Blueprints/Skills/BuffSkills/BP_CombatRedeployment.uasset" 3715
"C:/Users/malco/Desktop/Cloned Reditus/ReditusV.4.27/Content/TurnBasedJRPGTemplate/Blueprints/Skills/Buffs/BP_ResetIndex.uasset" 3716
"../../../Engine/Content/EngineResources/Bad.uasset" 3717
"C:/Users/malco/Desktop/Cloned Reditus/ReditusV.4.27/Content/MapSpriteAssets/UI_ICONS/CraftingItems/Fang_IconSprite.uasset" 3718
"C:/Users/malco/Desktop/Cloned Reditus/ReditusV.4.27/Content/Particles/GoodParticleStatus/Particles/Buff_Status/PS_GPS_Buff_PowerUp.uasset" 3719
"../../../Engine/Content/EngineMaterials/DefaultParticle.uasset" 3720
"../../../Engine/Content/EngineMaterials/OrientParticle.uasset" 3721
"C:/Users/malco/Desktop/Cloned Reditus/ReditusV.4.27/Content/Particles/GoodParticleStatus/Sources/Materials/M_GPS_Chrome_Sphere.uasset" 3722
"C:/Users/malco/Desktop/Cloned Reditus/ReditusV.4.27/Content/Particles/GoodParticleStatus/Sources/Textures/T_GPS_Cloud_Noise_02_A.uasset" 3723
"C:/Users/malco/Desktop/Cloned Reditus/ReditusV.4.27/Content/Particles/GoodParticleStatus/Sources/Textures/T_GPS_Erode_A.uasset" 3724
"C:/Users/malco/Desktop/Cloned Reditus/ReditusV.4.27/Content/Particles/GoodParticleStatus/Sources/Textures/T_GPS_Gradient_A.uasset" 3725
"C:/Users/malco/Desktop/Cloned Reditus/ReditusV.4.27/Content/Particles/GoodParticleStatus/Sources/Materials/M_GPS_DustGlow.uasset" 3726
"C:/Users/malco/Desktop/Cloned Reditus/ReditusV.4.27/Content/Particles/GoodParticleStatus/Sources/Materials/M_GPS_Gradient_Horizon.uasset" 3727
"C:/Users/malco/Desktop/Cloned Reditus/ReditusV.4.27/Content/Particles/GoodParticleStatus/Sources/Textures/T_GPS_Gradient_Horizon_A.uasset" 3728
"C:/Users/malco/Desktop/Cloned Reditus/ReditusV.4.27/Content/Particles/GoodParticleStatus/Sources/Materials/M_GPS_Plasma_Blue.uasset" 3729
"C:/Users/malco/Desktop/Cloned Reditus/ReditusV.4.27/Content/Particles/GoodParticleStatus/Sources/Materials/MatFunction/MF_GPS_FadeBasedOnViewAngle.uasset" 3730
"C:/Users/malco/Desktop/Cloned Reditus/ReditusV.4.27/Content/Particles/GoodParticleStatus/Sources/Textures/T_GPS_Noise_Smooth_A.uasset" 3731
"C:/Users/malco/Desktop/Cloned Reditus/ReditusV.4.27/Content/Particles/GoodParticleStatus/Sources/Textures/T_GPS_Plasma_Blue_D.uasset" 3732
"C:/Users/malco/Desktop/Cloned Reditus/ReditusV.4.27/Content/Particles/GoodParticleStatus/Sources/Textures/T_GPS_Radialblur_alpha_01_A.uasset" 3733
"C:/Users/malco/Desktop/Cloned Reditus/ReditusV.4.27/Content/Particles/GoodParticleStatus/Sources/Materials/M_GPS_Plasma_Smoke_02.uasset" 3734
"C:/Users/malco/Desktop/Cloned Reditus/ReditusV.4.27/Content/Particles/GoodParticleStatus/Sources/Materials/MatFunction/MF_GPS_DistortionUV.uasset" 3735
"C:/Users/malco/Desktop/Cloned Reditus/ReditusV.4.27/Content/Particles/GoodParticleStatus/Sources/Textures/T_GPS_Flame_02.uasset" 3736
"C:/Users/malco/Desktop/Cloned Reditus/ReditusV.4.27/Content/Particles/GoodParticleStatus/Sources/Textures/T_GPS_Swirly_Noise.uasset" 3737
"C:/Users/malco/Desktop/Cloned Reditus/ReditusV.4.27/Content/Particles/GoodParticleStatus/Sources/Textures/T_GPS_Waterwave_N.uasset" 3738
"C:/Users/malco/Desktop/Cloned Reditus/ReditusV.4.27/Content/Particles/GoodParticleStatus/Sources/Materials/M_GPS_Volume_Beam_Light.uasset" 3739
"C:/Users/malco/Desktop/Cloned Reditus/ReditusV.4.27/Content/Particles/GoodParticleStatus/Sources/Textures/T_GPS_BurningTex_D.uasset" 3740
"C:/Users/malco/Desktop/Cloned Reditus/ReditusV.4.27/Content/Particles/GoodParticleStatus/Sources/Materials/M_GPS_Volume_Sparks.uasset" 3741
"C:/Users/malco/Desktop/Cloned Reditus/ReditusV.4.27/Content/Particles/GoodParticleStatus/Sources/Textures/T_GPS_BlueTex_01_D.uasset" 3742
"C:/Users/malco/Desktop/Cloned Reditus/ReditusV.4.27/Content/Particles/GoodParticleStatus/Sources/Textures/T_GPS_VolumGra001.uasset" 3743
"C:/Users/malco/Desktop/Cloned Reditus/ReditusV.4.27/Content/Particles/GoodParticleStatus/Sources/Materials/MatInstance/MI_GPS_GrossLight.uasset" 3744
"C:/Users/malco/Desktop/Cloned Reditus/ReditusV.4.27/Content/Particles/GoodParticleStatus/Sources/Materials/M_GPS_HDR_Additive.uasset" 3745
"C:/Users/malco/Desktop/Cloned Reditus/ReditusV.4.27/Content/Particles/GoodParticleStatus/Sources/Textures/T_GPS_LensFlare_01.uasset" 3746
"C:/Users/malco/Desktop/Cloned Reditus/ReditusV.4.27/Content/Particles/GoodParticleStatus/Sources/Materials/MatInstance/MI_GPS_Seq_Flame.uasset" 3747
"C:/Users/malco/Desktop/Cloned Reditus/ReditusV.4.27/Content/Particles/GoodParticleStatus/Sources/Materials/M_GPS_ColorAndAlpha_DepthFade_Trans.uasset" 3748
"C:/Users/malco/Desktop/Cloned Reditus/ReditusV.4.27/Content/Particles/GoodParticleStatus/Sources/Textures/T_GPS_Cloud_Noise_01_A.uasset" 3749
"C:/Users/malco/Desktop/Cloned Reditus/ReditusV.4.27/Content/Particles/GoodParticleStatus/Sources/Textures/T_GPS_Seq_Smoke_01_A.uasset" 3750
"C:/Users/malco/Desktop/Cloned Reditus/ReditusV.4.27/Content/Particles/GoodParticleStatus/Sources/Meshes/SM_GPS_Cylinder.uasset" 3751
"C:/Users/malco/Desktop/Cloned Reditus/ReditusV.4.27/Content/Particles/GoodParticleStatus/Sources/Meshes/SM_GPS_Sphere.uasset" 3752
"C:/Users/malco/Desktop/Cloned Reditus/ReditusV.4.27/Content/Particles/GoodParticleStatus/Sources/Meshes/SM_GPS_Spirals.uasset" 3753
"C:/Users/malco/Desktop/Cloned Reditus/ReditusV.4.27/Content/Particles/GoodParticleStatus/Particles/Head_Status/PS_GPS_ExclamationMark.uasset" 3754
"C:/Users/malco/Desktop/Cloned Reditus/ReditusV.4.27/Content/Particles/GoodParticleStatus/Sources/Materials/MatInstance/MI_GPS_ExclamationMark.uasset" 3755
"C:/Users/malco/Desktop/Cloned Reditus/ReditusV.4.27/Content/Particles/GoodParticleStatus/Sources/Textures/T_GPS_ExclamationMark_D.uasset" 3756
"C:/Users/malco/Desktop/Cloned Reditus/ReditusV.4.27/Content/Sounds/Se/Powerup.uasset" 3757
"C:/Users/malco/Desktop/Cloned Reditus/ReditusV.4.27/Content/TurnBasedJRPGTemplate/Blueprints/Skills/HeroSkills/Caeser/BP_TargetSpot.uasset" 3758
"C:/Users/malco/Desktop/Cloned Reditus/ReditusV.4.27/Content/TurnBasedJRPGTemplate/Blueprints/Skills/Buffs/BP_HitIncrease.uasset" 3759
"C:/Users/malco/Desktop/Cloned Reditus/ReditusV.4.27/Content/Particles/GoodParticleStatus/Particles/Head_Status/PS_GPS_EagleVision.uasset" 3760
"C:/Users/malco/Desktop/Cloned Reditus/ReditusV.4.27/Content/Particles/GoodParticleStatus/Sources/Materials/M_GPS_EagleVision.uasset" 3761
"C:/Users/malco/Desktop/Cloned Reditus/ReditusV.4.27/Content/Particles/GoodParticleStatus/Sources/Textures/T_GPS_EagleVision.uasset" 3762
"C:/Users/malco/Desktop/Cloned Reditus/ReditusV.4.27/Content/Particles/GoodParticleStatus/Sources/Textures/T_GPS_Frozen_Ice_Shards_N.uasset" 3763
"C:/Users/malco/Desktop/Cloned Reditus/ReditusV.4.27/Content/Particles/GoodParticleStatus/Sources/Materials/MatInstance/MI_GPS_RadialShockWave.uasset" 3764
"C:/Users/malco/Desktop/Cloned Reditus/ReditusV.4.27/Content/Particles/GoodParticleStatus/Sources/Materials/MatInstance/MI_GPS_Charmfer.uasset" 3765
"C:/Users/malco/Desktop/Cloned Reditus/ReditusV.4.27/Content/Particles/GoodParticleStatus/Sources/Textures/T_GPS_Chamfer_A.uasset" 3766
"C:/Users/malco/Desktop/Cloned Reditus/ReditusV.4.27/Content/Particles/GoodParticleStatus/Sources/Textures/T_GPS_ShockWave_05_A.uasset" 3767
"C:/Users/malco/Desktop/Cloned Reditus/ReditusV.4.27/Content/TurnBasedJRPGTemplate/Blueprints/Skills/Overdrives/BP_CaeserSlamOverdrive.uasset" 3768
"C:/Users/malco/Desktop/Cloned Reditus/ReditusV.4.27/Content/TurnBasedJRPGTemplate/Blueprints/Battle/BattleTransition/BP_BoarStompingCameraShake.uasset" 3769
"C:/Users/malco/Desktop/Cloned Reditus/ReditusV.4.27/Content/TurnBasedJRPGTemplate/Blueprints/Items/Equipment/Weapons/BP_IronSword.uasset" 3770
"C:/Users/malco/Desktop/Cloned Reditus/ReditusV.4.27/Content/TurnBasedJRPGTemplate/Blueprints/Items/Equipment/EquipmentMesh/WeaponMeshes/Bp_IronSwordMesh.uasset" 3771
"C:/Users/malco/Desktop/Cloned Reditus/ReditusV.4.27/Content/TurnBasedJRPGTemplate/Blueprints/Items/Equipment/UpgradeWeapons/BP_IronSword+.uasset" 3772
"C:/Users/malco/Desktop/Cloned Reditus/ReditusV.4.27/Content/TurnBasedJRPGTemplate/Blueprints/Skills/Overdrives/ComboOverdrives/BP_AirloftCaeserSlamOverdrive.uasset" 3773
"C:/Users/malco/Desktop/Cloned Reditus/ReditusV.4.27/Content/Particles/RPGEffects/ParticlesNiagara/Warrior/HeavyImpact/NS_Warrior_HeavyImpact.uasset" 3774
"C:/Users/malco/Desktop/Cloned Reditus/ReditusV.4.27/Content/Particles/RPGEffects/Materials/M_Impact_Star.uasset" 3775
"C:/Users/malco/Desktop/Cloned Reditus/ReditusV.4.27/Content/Particles/RPGEffects/Textures/T_Impact_Star.uasset" 3776
"C:/Users/malco/Desktop/Cloned Reditus/ReditusV.4.27/Content/Particles/RPGEffects/ParticlesNiagara/Warrior/HeavyImpact/NE_Cone.uasset" 3777
"../../Plugins/FX/Niagara/Content/DynamicInputs/ValueFromCurve/VectorFromCurve.uasset" 3778
"../../Plugins/FX/Niagara/Content/Modules/Spawn/Orientation/V3/InitialMeshOrientation.uasset" 3779
"../../Plugins/FX/Niagara/Content/Modules/Update/Size/ScaleMeshSize.uasset" 3780
"C:/Users/malco/Desktop/Cloned Reditus/ReditusV.4.27/Content/Particles/RPGEffects/Meshes/SM_Cone.uasset" 3781
"C:/Users/malco/Desktop/Cloned Reditus/ReditusV.4.27/Content/Particles/RPGEffects/Materials/M_Impact_Lines.uasset" 3782
"C:/Users/malco/Desktop/Cloned Reditus/ReditusV.4.27/Content/Particles/RPGEffects/Textures/T_LightRays.uasset" 3783
"C:/Users/malco/Desktop/Cloned Reditus/ReditusV.4.27/Content/Particles/RPGEffects/ParticlesNiagara/Warrior/HeavyImpact/NE_Lines.uasset" 3784
"C:/Users/malco/Desktop/Cloned Reditus/ReditusV.4.27/Content/Particles/sA_Megapack_v1/sA_StylizedAttacksPack/FX/NiagaraSystems/NS_Flame_Trail.uasset" 3785
"C:/Users/malco/Desktop/Cloned Reditus/ReditusV.4.27/Content/Particles/sA_Megapack_v1/sA_StylizedAttacksPack/Materials/MI_Fireball.uasset" 3786
"C:/Users/malco/Desktop/Cloned Reditus/ReditusV.4.27/Content/Particles/sA_Megapack_v1/sA_StylizedAttacksPack/Materials/M_Smoke.uasset" 3787
"C:/Users/malco/Desktop/Cloned Reditus/ReditusV.4.27/Content/Particles/sA_Megapack_v1/sA_StylizedAttacksPack/Materials/Textures/T_FireBall.uasset" 3788
"C:/Users/malco/Desktop/Cloned Reditus/ReditusV.4.27/Content/Particles/sA_Megapack_v1/sA_StylizedAttacksPack/Materials/MI_Flame_1.uasset" 3789
"C:/Users/malco/Desktop/Cloned Reditus/ReditusV.4.27/Content/Particles/sA_Megapack_v1/sA_StylizedAttacksPack/Materials/Textures/T_FlameUV_1.uasset" 3790
"C:/Users/malco/Desktop/Cloned Reditus/ReditusV.4.27/Content/Particles/sA_Megapack_v1/sA_StylizedAttacksPack/FX/NiagaraEmitters/NE_Flame_Basic.uasset" 3791
"../../Plugins/FX/Niagara/Content/Modules/Update/SubUV/SubUVAnimation.uasset" 3792
"../../Plugins/FX/Niagara/Content/Enums/ENiagaraSUbUVAnimationMode.uasset" 3793
"../../Plugins/FX/Niagara/Content/Modules/Spawn/Velocity/AddVelocity.uasset" 3794
"C:/Users/malco/Desktop/Cloned Reditus/ReditusV.4.27/Content/Particles/Realistic_Starter_VFX_Pack_Vol2/Particles/Fire/P_Flamethrower.uasset" 3795
"C:/Users/malco/Desktop/Cloned Reditus/ReditusV.4.27/Content/Particles/Realistic_Starter_VFX_Pack_Vol2/Materials/M_Fire_C.uasset" 3796
"C:/Users/malco/Desktop/Cloned Reditus/ReditusV.4.27/Content/Particles/Realistic_Starter_VFX_Pack_Vol2/Textures/T_Fire_B.uasset" 3797
"C:/Users/malco/Desktop/Cloned Reditus/ReditusV.4.27/Content/Particles/Realistic_Starter_VFX_Pack_Vol2/Textures/T_Fire_F.uasset" 3798
"C:/Users/malco/Desktop/Cloned Reditus/ReditusV.4.27/Content/Particles/Realistic_Starter_VFX_Pack_Vol2/Materials/M_Heat_Distortion.uasset" 3799
"C:/Users/malco/Desktop/Cloned Reditus/ReditusV.4.27/Content/Particles/Realistic_Starter_VFX_Pack_Vol2/Textures/T_NoiseNormal_B.uasset" 3800
"C:/Users/malco/Desktop/Cloned Reditus/ReditusV.4.27/Content/Particles/Realistic_Starter_VFX_Pack_Vol2/Materials/M_Smoke_C.uasset" 3801
"C:/Users/malco/Desktop/Cloned Reditus/ReditusV.4.27/Content/Particles/Realistic_Starter_VFX_Pack_Vol2/Textures/T_Smoke_A.uasset" 3802
"C:/Users/malco/Desktop/Cloned Reditus/ReditusV.4.27/Content/Particles/Realistic_Starter_VFX_Pack_Vol2/Textures/T_Smoke_B.uasset" 3803
"C:/Users/malco/Desktop/Cloned Reditus/ReditusV.4.27/Content/Particles/Realistic_Starter_VFX_Pack_Vol2/Materials/M_Spark_A.uasset" 3804
"C:/Users/malco/Desktop/Cloned Reditus/ReditusV.4.27/Content/Particles/Realistic_Starter_VFX_Pack_Vol2/Textures/T_Flare_A.uasset" 3805
"C:/Users/malco/Desktop/Cloned Reditus/ReditusV.4.27/Content/Particles/Realistic_Starter_VFX_Pack_Vol2/Vectorfields/VectorField_B.uasset" 3806
"C:/Users/malco/Desktop/Cloned Reditus/ReditusV.4.27/Content/Sounds/Se/Earth4.uasset" 3807
"C:/Users/malco/Desktop/Cloned Reditus/ReditusV.4.27/Content/Sounds/Se/Jump1.uasset" 3808
"C:/Users/malco/Desktop/Cloned Reditus/ReditusV.4.27/Content/TurnBasedJRPGTemplate/Textures/T_Thunderbolt.uasset" 3809
"C:/Users/malco/Desktop/Cloned Reditus/ReditusV.4.27/Content/MapSpriteAssets/UI_ICONS/WeaponIcons/IronSwordIconSprite.uasset" 3810
"C:/Users/malco/Desktop/Cloned Reditus/ReditusV.4.27/Content/TurnBasedJRPGTemplate/Blueprints/Items/MiscItems/Bp_DroidSparePart.uasset" 3811
"C:/Users/malco/Desktop/Cloned Reditus/ReditusV.4.27/Content/TurnBasedJRPGTemplate/Blueprints/Items/Equipment/Weapons/BP_ScrapSword.uasset" 3812
"C:/Users/malco/Desktop/Cloned Reditus/ReditusV.4.27/Content/TurnBasedJRPGTemplate/Blueprints/Items/Equipment/EquipmentMesh/WeaponMeshes/Bp_ScrapSwordMesh.uasset" 3813
"C:/Users/malco/Desktop/Cloned Reditus/ReditusV.4.27/Content/TurnBasedJRPGTemplate/Blueprints/Items/Equipment/UpgradeWeapons/BP_ScrapSword+.uasset" 3814
"C:/Users/malco/Desktop/Cloned Reditus/ReditusV.4.27/Content/MapSpriteAssets/UI_ICONS/WeaponIcons/ScrapSwordIconSprite.uasset" 3815
"C:/Users/malco/Desktop/Cloned Reditus/ReditusV.4.27/Content/TurnBasedJRPGTemplate/Blueprints/Items/MiscItems/Bp_BoarTusk.uasset" 3816
"C:/Users/malco/Desktop/Cloned Reditus/ReditusV.4.27/Content/MapSpriteAssets/UI_ICONS/CraftingItems/Tusk_IconSprite.uasset" 3817
"C:/Users/malco/Desktop/Cloned Reditus/ReditusV.4.27/Content/TurnBasedJRPGTemplate/Blueprints/Items/MiscItems/BP_RollyScale.uasset" 3818
"C:/Users/malco/Desktop/Cloned Reditus/ReditusV.4.27/Content/MapSpriteAssets/UI_ICONS/CraftingItems/ScaleSpriteIcon.uasset" 3819
"C:/Users/malco/Desktop/Cloned Reditus/ReditusV.4.27/Content/TurnBasedJRPGTemplate/Blueprints/Skills/Buffs/BP_AugustusOverdriveBlind.uasset" 3820
"C:/Users/malco/Desktop/Cloned Reditus/ReditusV.4.27/Content/Particles/sA_Megapack_v1/sA_StylizedAttacksPack/FX/NiagaraSystems/NS_AOE_Attack_1.uasset" 3821
"C:/Users/malco/Desktop/Cloned Reditus/ReditusV.4.27/Content/Particles/sA_Megapack_v1/sA_StylizedAttacksPack/Materials/MI_Ground_Crack_2.uasset" 3822
"C:/Users/malco/Desktop/Cloned Reditus/ReditusV.4.27/Content/Particles/sA_Megapack_v1/sA_StylizedAttacksPack/Materials/M_Ground_Crack.uasset" 3823
"C:/Users/malco/Desktop/Cloned Reditus/ReditusV.4.27/Content/Particles/sA_Megapack_v1/sA_StylizedAttacksPack/Materials/Textures/T_Ground_Crack.uasset" 3824
"C:/Users/malco/Desktop/Cloned Reditus/ReditusV.4.27/Content/Particles/sA_Megapack_v1/sA_StylizedAttacksPack/Materials/Textures/T_Ground_Crack_2.uasset" 3825
"C:/Users/malco/Desktop/Cloned Reditus/ReditusV.4.27/Content/Particles/sA_Megapack_v1/sA_StylizedAttacksPack/FX/NiagaraEmitters/NE_Plane.uasset" 3826
"../../Plugins/FX/Niagara/Content/Modules/Spawn/Location/StaticMeshLocation.uasset" 3827
"../../Plugins/FX/Niagara/Content/Functions/Localspace/TransformPosition.uasset" 3828
"../../Plugins/FX/Niagara/Content/Modules/Spawn/MeshInterface/SampleStaticMesh.uasset" 3829
"C:/Users/malco/Desktop/Cloned Reditus/ReditusV.4.27/Content/Particles/sA_Megapack_v1/sA_StylizedAttacksPack/Models/SM_GroundCrackAura.uasset" 3830
"C:/Users/malco/Desktop/Cloned Reditus/ReditusV.4.27/Content/Particles/sA_Megapack_v1/sA_StylizedAttacksPack/Models/SM_GroundCrackAura2.uasset" 3831
"C:/Users/malco/Desktop/Cloned Reditus/ReditusV.4.27/Content/MapSpriteAssets/UI_ICONS/ElementalIcons/T_physicaldamage_Sprite_0.uasset" 3832
"C:/Users/malco/Desktop/Cloned Reditus/ReditusV.4.27/Content/TurnBasedJRPGTemplate/Blueprints/UI/BP_CaeserTutDoubleAttack.uasset" 3833
"C:/Users/malco/Desktop/Cloned Reditus/ReditusV.4.27/Content/textures/ButtonIcons/PlayStation/PS4_Cross.uasset" 3834
"C:/Users/malco/Desktop/Cloned Reditus/ReditusV.4.27/Content/textures/UIBackgrounds/CaeserTut_Text.uasset" 3835
"C:/Users/malco/Desktop/Cloned Reditus/ReditusV.4.27/Content/Flipbooks/MiscAssets/Faces/T_CaeserFullPortraitEdited.uasset" 3836
"C:/Users/malco/Desktop/Cloned Reditus/ReditusV.4.27/Content/Flipbooks/MiscAssets/Faces/T_CaeserThumbnail288x288.uasset" 3837
"C:/Users/malco/Desktop/Cloned Reditus/ReditusV.4.27/Content/Flipbooks/MiscAssets/Faces/T_CaeserThumbnail288x288_Sprite1.uasset" 3838
"C:/Users/malco/Desktop/Cloned Reditus/ReditusV.4.27/Content/MapSpriteAssets/UI_ICONS/ElementalIcons/T_ElementalIcons_Sprite_Lightning.uasset" 3839
"C:/Users/malco/Desktop/Cloned Reditus/ReditusV.4.27/Content/TurnBasedJRPGTemplate/Blueprints/Skills/HeroSkills/Augustus/BP_FleshBulletSkill.uasset" 3840
"C:/Users/malco/Desktop/Cloned Reditus/ReditusV.4.27/Content/TurnBasedJRPGTemplate/Blueprints/Projectiles/PlayerGunProjectiles/BP_FleshBulletProjectile.uasset" 3841
"C:/Users/malco/Desktop/Cloned Reditus/ReditusV.4.27/Content/Particles/sA_Megapack_v1/sA_Projectilevfx/Vfx/Fx/Niagara_Systems/NS_Projectile6.uasset" 3842
"C:/Users/malco/Desktop/Cloned Reditus/ReditusV.4.27/Content/Particles/sA_Megapack_v1/sA_Projectilevfx/Vfx/Materials/M_Simple_Bram.uasset" 3843
"C:/Users/malco/Desktop/Cloned Reditus/ReditusV.4.27/Content/Particles/sA_Megapack_v1/sA_Projectilevfx/Vfx/Materials/Textures/T_Beam_01.uasset" 3844
"C:/Users/malco/Desktop/Cloned Reditus/ReditusV.4.27/Content/Particles/sA_Megapack_v1/sA_Projectilevfx/Vfx/Materials/Mi_Beam01_Add.uasset" 3845
"C:/Users/malco/Desktop/Cloned Reditus/ReditusV.4.27/Content/Particles/sA_Megapack_v1/sA_Projectilevfx/Vfx/Materials/M_AdditiveNiagara.uasset" 3846
"C:/Users/malco/Desktop/Cloned Reditus/ReditusV.4.27/Content/Particles/sA_Megapack_v1/sA_Projectilevfx/Vfx/Materials/MI_Tail_4.uasset" 3847
"C:/Users/malco/Desktop/Cloned Reditus/ReditusV.4.27/Content/Particles/sA_Megapack_v1/sA_Projectilevfx/Vfx/Materials/M_AdditiveScrollNiagara.uasset" 3848
"C:/Users/malco/Desktop/Cloned Reditus/ReditusV.4.27/Content/Particles/sA_Megapack_v1/sA_Projectilevfx/Vfx/Materials/Textures/T_Noise00.uasset" 3849
"C:/Users/malco/Desktop/Cloned Reditus/ReditusV.4.27/Content/Particles/sA_Megapack_v1/sA_Projectilevfx/Vfx/Materials/Textures/T_Noise000.uasset" 3850
"C:/Users/malco/Desktop/Cloned Reditus/ReditusV.4.27/Content/Particles/sA_Megapack_v1/sA_Projectilevfx/Vfx/Materials/Textures/T_Noise02.uasset" 3851
"C:/Users/malco/Desktop/Cloned Reditus/ReditusV.4.27/Content/Particles/sA_Megapack_v1/sA_Projectilevfx/Vfx/Materials/Textures/T_Trail_4.uasset" 3852
"C:/Users/malco/Desktop/Cloned Reditus/ReditusV.4.27/Content/Particles/sA_Megapack_v1/sA_Projectilevfx/Vfx/Fx/Niagara_Emitters/NE_Particles.uasset" 3853
"../../Plugins/FX/Niagara/Content/Modules/Update/Forces/VortexForce.uasset" 3854
"../../Plugins/FX/Niagara/Content/Functions/ProjectVectorOnPlane.uasset" 3855
"C:/Users/malco/Desktop/Cloned Reditus/ReditusV.4.27/Content/Particles/sA_Megapack_v1/sA_Projectilevfx/Vfx/Models/SM_Fx_NinStar.uasset" 3856
"C:/Users/malco/Desktop/Cloned Reditus/ReditusV.4.27/Content/Particles/AdvancedMagicFX13/Particles/P_ky_cutter2.uasset" 3857
"C:/Users/malco/Desktop/Cloned Reditus/ReditusV.4.27/Content/Particles/AdvancedMagicFX13/Materials/M_ky_slash01_4x4.uasset" 3858
"C:/Users/malco/Desktop/Cloned Reditus/ReditusV.4.27/Content/Particles/AdvancedMagicFX13/Textures/T_ky_slash01_4x4.uasset" 3859
"C:/Users/malco/Desktop/Cloned Reditus/ReditusV.4.27/Content/Particles/AdvancedMagicFX13/Materials/M_ky_stone02.uasset" 3860
"../../../Engine/Content/Functions/Engine_MaterialFunctions02/Texturing/ScreenAlignedPixelToPixelUVs.uasset" 3861
"../../../Engine/Content/Functions/Engine_MaterialFunctions02/Utility/DitherTemporalAA.uasset" 3862
"C:/Users/malco/Desktop/Cloned Reditus/ReditusV.4.27/Content/Particles/AdvancedMagicFX13/Textures/T_ky_stone02_2x2.uasset" 3863
"C:/Users/malco/Desktop/Cloned Reditus/ReditusV.4.27/Content/Particles/AdvancedMagicFX13/Materials/M_ky_trailGround01.uasset" 3864
"C:/Users/malco/Desktop/Cloned Reditus/ReditusV.4.27/Content/Particles/AdvancedMagicFX13/Textures/T_ky_maskRGB5.uasset" 3865
"C:/Users/malco/Desktop/Cloned Reditus/ReditusV.4.27/Content/Particles/AdvancedMagicFX13/Textures/T_ky_smoke03.uasset" 3866
"C:/Users/malco/Desktop/Cloned Reditus/ReditusV.4.27/Content/Particles/AdvancedMagicFX13/Materials/MI_ky_primitive2_trs.uasset" 3867
"C:/Users/malco/Desktop/Cloned Reditus/ReditusV.4.27/Content/Particles/AdvancedMagicFX13/Materials/MI_ky_slash01_4x4.uasset" 3868
"C:/Users/malco/Desktop/Cloned Reditus/ReditusV.4.27/Content/Particles/AdvancedMagicFX13/Meshes/SM_ky_quad_centerRot.uasset" 3869
"C:/Users/malco/Desktop/Cloned Reditus/ReditusV.4.27/Content/Sounds/Se/Wind5.uasset" 3870
"C:/Users/malco/Desktop/Cloned Reditus/ReditusV.4.27/Content/MapSpriteAssets/UI_ICONS/ElementalIcons/T_ElementalIcons_Earth_Sprite_0.uasset" 3871
"C:/Users/malco/Desktop/Cloned Reditus/ReditusV.4.27/Content/Sounds/Se/Run.uasset" 3872
"C:/Users/malco/Desktop/Cloned Reditus/ReditusV.4.27/Content/TurnBasedJRPGTemplate/Blueprints/Skills/HeroSkills/Augustus/BP_SaltBulletSkill.uasset" 3873
"C:/Users/malco/Desktop/Cloned Reditus/ReditusV.4.27/Content/TurnBasedJRPGTemplate/Blueprints/Items/UsableItems/WeaponItems/Bp_Decimator.uasset" 3874
"C:/Users/malco/Desktop/Cloned Reditus/ReditusV.4.27/Content/Particles/Mixed_Magic_VFX_Pack/VFX/NS_Lightning_Green_Cast.uasset" 3875
"C:/Users/malco/Desktop/Cloned Reditus/ReditusV.4.27/Content/Particles/Mixed_Magic_VFX_Pack/Materials/Instance_Materials/MI_Colorful_Inst_10.uasset" 3876
"C:/Users/malco/Desktop/Cloned Reditus/ReditusV.4.27/Content/Particles/Mixed_Magic_VFX_Pack/Materials/Main_Materials/M_Colorful.uasset" 3877
"C:/Users/malco/Desktop/Cloned Reditus/ReditusV.4.27/Content/Particles/Mixed_Magic_VFX_Pack/Textures/T_Noise_3.uasset" 3878
"C:/Users/malco/Desktop/Cloned Reditus/ReditusV.4.27/Content/Particles/Mixed_Magic_VFX_Pack/Textures/T_Shape_1.uasset" 3879
"C:/Users/malco/Desktop/Cloned Reditus/ReditusV.4.27/Content/Particles/Mixed_Magic_VFX_Pack/Textures/T_Shape_12.uasset" 3880
"C:/Users/malco/Desktop/Cloned Reditus/ReditusV.4.27/Content/Particles/Mixed_Magic_VFX_Pack/Materials/Instance_Materials/MI_Colorful_Inst_18.uasset" 3881
"C:/Users/malco/Desktop/Cloned Reditus/ReditusV.4.27/Content/Particles/Mixed_Magic_VFX_Pack/Materials/Instance_Materials/MI_Colorful_Inst_19.uasset" 3882
"C:/Users/malco/Desktop/Cloned Reditus/ReditusV.4.27/Content/Particles/Mixed_Magic_VFX_Pack/Materials/Instance_Materials/MI_Colorful_Inst_5.uasset" 3883
"C:/Users/malco/Desktop/Cloned Reditus/ReditusV.4.27/Content/Particles/Mixed_Magic_VFX_Pack/Textures/T_Shape_6.uasset" 3884
"C:/Users/malco/Desktop/Cloned Reditus/ReditusV.4.27/Content/Particles/Mixed_Magic_VFX_Pack/Materials/Instance_Materials/MI_Flare_Inst_3.uasset" 3885
"C:/Users/malco/Desktop/Cloned Reditus/ReditusV.4.27/Content/Particles/Mixed_Magic_VFX_Pack/Materials/Main_Materials/M_Flare.uasset" 3886
"../../../Engine/Content/Functions/Engine_MaterialFunctions01/Gradient/SphereGradient-2D.uasset" 3887
"C:/Users/malco/Desktop/Cloned Reditus/ReditusV.4.27/Content/Particles/Mixed_Magic_VFX_Pack/Materials/Instance_Materials/MI_Lightning_Inst_3.uasset" 3888
"C:/Users/malco/Desktop/Cloned Reditus/ReditusV.4.27/Content/Particles/Mixed_Magic_VFX_Pack/Textures/T_Main_Atlas.uasset" 3889
"C:/Users/malco/Desktop/Cloned Reditus/ReditusV.4.27/Content/Particles/Mixed_Magic_VFX_Pack/Textures/Curve_Color_1.uasset" 3890
"C:/Users/malco/Desktop/Cloned Reditus/ReditusV.4.27/Content/Particles/Mixed_Magic_VFX_Pack/Textures/Curve_Color_2.uasset" 3891
"C:/Users/malco/Desktop/Cloned Reditus/ReditusV.4.27/Content/Particles/Mixed_Magic_VFX_Pack/Textures/Curve_Color_3.uasset" 3892
"C:/Users/malco/Desktop/Cloned Reditus/ReditusV.4.27/Content/Particles/Mixed_Magic_VFX_Pack/Textures/Curve_Mask.uasset" 3893
"C:/Users/malco/Desktop/Cloned Reditus/ReditusV.4.27/Content/Particles/Mixed_Magic_VFX_Pack/Textures/Curve_Offset.uasset" 3894
"C:/Users/malco/Desktop/Cloned Reditus/ReditusV.4.27/Content/Particles/Mixed_Magic_VFX_Pack/Materials/Main_Materials/M_Lightning.uasset" 3895
"../../../Engine/Content/Functions/Engine_MaterialFunctions03/Procedurals/GeneratedBand.uasset" 3896
"C:/Users/malco/Desktop/Cloned Reditus/ReditusV.4.27/Content/Particles/Mixed_Magic_VFX_Pack/Materials/Instance_Materials/MI_Ring_Inst_4.uasset" 3897
"C:/Users/malco/Desktop/Cloned Reditus/ReditusV.4.27/Content/Particles/Mixed_Magic_VFX_Pack/Materials/Main_Materials/M_Ring.uasset" 3898
"C:/Users/malco/Desktop/Cloned Reditus/ReditusV.4.27/Content/Particles/Mixed_Magic_VFX_Pack/Materials/Instance_Materials/MI_Smoke_Sub_UV_Inst_1.uasset" 3899
"C:/Users/malco/Desktop/Cloned Reditus/ReditusV.4.27/Content/Particles/Mixed_Magic_VFX_Pack/Materials/Main_Materials/M_Smoke_Sub_UV.uasset" 3900
"C:/Users/malco/Desktop/Cloned Reditus/ReditusV.4.27/Content/Particles/Mixed_Magic_VFX_Pack/Textures/T_Shape_14.uasset" 3901
"../../Plugins/FX/Niagara/Content/DynamicInputs/LinearColor/MakeVector4_FromLinearColor.uasset" 3902
"../../Plugins/FX/Niagara/Content/DynamicInputs/TypeConversions/MakeFloatFromVector4.uasset" 3903
"../../Plugins/FX/Niagara/Content/Functions/ChannelMasks/SelectV4Channel.uasset" 3904
"../../Plugins/FX/Niagara/Content/Enums/ENiagaraVector4_Channels.uasset" 3905
"../../Plugins/FX/Niagara/Content/DynamicInputs/TypeConversions/MakeVector4_FromFloat.uasset" 3906
"../../Plugins/FX/Niagara/Content/Modules/Collision/Collision.uasset" 3907
"../../Plugins/FX/Niagara/Content/Functions/CalculateMeshRadius.uasset" 3908
"../../Plugins/FX/Niagara/Content/Enums/ENiagaraCalculateRadiusOptions.uasset" 3909
"../../Plugins/FX/Niagara/Content/Functions/CalculateRadiusFromSpriteSize.uasset" 3910
"../../Plugins/FX/Niagara/Content/Functions/Helpers/DoOnce_fn.uasset" 3911
"../../Plugins/FX/Niagara/Content/Modules/Collision/CollisionQueryAndResponse.uasset" 3912
"../../Plugins/FX/Niagara/Content/Functions/Collision/PlaneSphereCollisionDetection.uasset" 3913
"../../Plugins/FX/Niagara/Content/Functions/Collision/RandomizeCollisionNormals.uasset" 3914
"../../Plugins/FX/Niagara/Content/Functions/Math/CentimeterMeterConversion.uasset" 3915
"../../Plugins/FX/Niagara/Content/Functions/ReflectVector.uasset" 3916
"../../Plugins/FX/Niagara/Content/Modules/Collision/NiagaraDistanceFieldCollisions.uasset" 3917
"../../Plugins/FX/Niagara/Content/Modules/Collision/SceneDepthTest.uasset" 3918
"../../Plugins/FX/Niagara/Content/Enums/ENiagara_CPUCollisionType.uasset" 3919
"../../Plugins/FX/Niagara/Content/Enums/ENiagara_GPUCollisionType.uasset" 3920
"../../Plugins/FX/Niagara/Content/Enums/ENiagaraFrictionMergeType.uasset" 3921
"../../Plugins/FX/Niagara/Content/Enums/ENiagaraRestitutionMergeType.uasset" 3922
"../../Plugins/FX/Niagara/Content/Enums/ENiagaraCollisionRadiusOptions.uasset" 3923
"../../Plugins/FX/Niagara/Content/Modules/Solvers/SolveRotationalForcesAndVelocity.uasset" 3924
"../../Plugins/FX/Niagara/Content/Modules/Update/Camera/CameraOffset.uasset" 3925
"../../Plugins/FX/Niagara/Content/Modules/Update/Forces/V2/CurlNoiseForce.uasset" 3926
"../../Plugins/FX/Niagara/Content/Functions/V2/ConeMask.uasset" 3927
"../../Plugins/FX/Niagara/Content/Functions/FindAngleBetweenVectors.uasset" 3928
"../../Plugins/FX/Niagara/Content/Enums/ENiagaraCurlNoiseQuality.uasset" 3929
"../../Plugins/FX/Niagara/Content/VectorFields/Assets/TilingCurl16.uasset" 3930
"../../Plugins/FX/Niagara/Content/VectorFields/Assets/TilingCurl32.uasset" 3931
"../../Plugins/FX/Niagara/Content/VectorFields/Assets/TilingCurl64.uasset" 3932
"C:/Users/malco/Desktop/Cloned Reditus/ReditusV.4.27/Content/MapSpriteAssets/UI_ICONS/ElementalIcons/T_ElementalIcons_Wind_Sprite_0.uasset" 3933
"C:/Users/malco/Desktop/Cloned Reditus/ReditusV.4.27/Content/MapSpriteAssets/UI_ICONS/ElementalIcons/T_ElementalIcons_Sprite_Wind.uasset" 3934
"C:/Users/malco/Desktop/Cloned Reditus/ReditusV.4.27/Content/Particles/AdvancedMagicFX13/Particles/P_SaltBullet_Muzzle_Flash.uasset" 3935
"C:/Users/malco/Desktop/Cloned Reditus/ReditusV.4.27/Content/Particles/AdvancedMagicFX13/Materials/M_ky_aura18.uasset" 3936
"C:/Users/malco/Desktop/Cloned Reditus/ReditusV.4.27/Content/Particles/AdvancedMagicFX13/Textures/T_ky_decoLinesB.uasset" 3937
"C:/Users/malco/Desktop/Cloned Reditus/ReditusV.4.27/Content/Particles/AdvancedMagicFX13/Textures/T_ky_noise5.uasset" 3938
"C:/Users/malco/Desktop/Cloned Reditus/ReditusV.4.27/Content/Particles/AdvancedMagicFX13/Materials/M_ky_line.uasset" 3939
"C:/Users/malco/Desktop/Cloned Reditus/ReditusV.4.27/Content/Particles/AdvancedMagicFX13/Textures/T_ky_gradiation.uasset" 3940
"C:/Users/malco/Desktop/Cloned Reditus/ReditusV.4.27/Content/Particles/AdvancedMagicFX13/Materials/MI_ky_fire03b_1.uasset" 3941
"C:/Users/malco/Desktop/Cloned Reditus/ReditusV.4.27/Content/Particles/AdvancedMagicFX13/Materials/M_ky_fire03b.uasset" 3942
"C:/Users/malco/Desktop/Cloned Reditus/ReditusV.4.27/Content/Particles/AdvancedMagicFX13/Textures/T_ky_fire01.uasset" 3943
"C:/Users/malco/Desktop/Cloned Reditus/ReditusV.4.27/Content/Particles/AdvancedMagicFX13/Materials/MI_ky_primitive_dynB_two.uasset" 3944
"C:/Users/malco/Desktop/Cloned Reditus/ReditusV.4.27/Content/Particles/AdvancedMagicFX13/Materials/M_ky_primitive_dyn2.uasset" 3945
"C:/Users/malco/Desktop/Cloned Reditus/ReditusV.4.27/Content/Particles/AdvancedMagicFX13/Meshes/SM_ky_circle_inv2.uasset" 3946
"C:/Users/malco/Desktop/Cloned Reditus/ReditusV.4.27/Content/Particles/AdvancedMagicFX13/Meshes/SM_ky_cylinder_lowPoly_dist.uasset" 3947
"C:/Users/malco/Desktop/Cloned Reditus/ReditusV.4.27/Content/Particles/AdvancedMagicFX13/Meshes/SM_ky_lans.uasset" 3948
"C:/Users/malco/Desktop/Cloned Reditus/ReditusV.4.27/Content/Particles/AdvancedMagicFX13/Meshes/SM_ky_quads.uasset" 3949
"C:/Users/malco/Desktop/Cloned Reditus/ReditusV.4.27/Content/Flipbooks/MiscAssets/Faces/T_Augustus_Portrait_288x288Thumbnail.uasset" 3950
"C:/Users/malco/Desktop/Cloned Reditus/ReditusV.4.27/Content/Flipbooks/MiscAssets/Faces/T_Augustus_Portrait_288x288Thumbnail_Sprite_0.uasset" 3951
"C:/Users/malco/Desktop/Cloned Reditus/ReditusV.4.27/Content/Flipbooks/MiscAssets/Faces/T_Augustus_PortraitFullEdited.uasset" 3952
"C:/Users/malco/Desktop/Cloned Reditus/ReditusV.4.27/Content/Flipbooks/PlayerBattleAnimations/Augustus/AugustusNoRifleEquipped/Idle/AugustusNoWeaponIdle.uasset" 3953
"C:/Users/malco/Desktop/Cloned Reditus/ReditusV.4.27/Content/Flipbooks/PlayerBattleAnimations/Augustus/AugustusNoRifleEquipped/Idle/Gunguy_No_weapon_Sprite_10.uasset" 3954
"C:/Users/malco/Desktop/Cloned Reditus/ReditusV.4.27/Content/Flipbooks/PlayerBattleAnimations/Augustus/AugustusNoRifleEquipped/Gunguy_No_weapon.uasset" 3955
"C:/Users/malco/Desktop/Cloned Reditus/ReditusV.4.27/Content/Flipbooks/PlayerBattleAnimations/Augustus/AugustusNoRifleEquipped/Idle/Gunguy_No_weapon_Sprite_11.uasset" 3956
"C:/Users/malco/Desktop/Cloned Reditus/ReditusV.4.27/Content/Flipbooks/PlayerBattleAnimations/Augustus/AugustusNoRifleEquipped/Idle/Gunguy_No_weapon_Sprite_8.uasset" 3957
"C:/Users/malco/Desktop/Cloned Reditus/ReditusV.4.27/Content/Flipbooks/PlayerBattleAnimations/Augustus/AugustusNoRifleEquipped/Idle/Gunguy_No_weapon_Sprite_9.uasset" 3958
"C:/Users/malco/Desktop/Cloned Reditus/ReditusV.4.27/Content/TurnBasedJRPGTemplate/Blueprints/Units/PlayerUnits/AnimBP/Augustus-AnimBattleBP.uasset" 3959
"C:/Users/malco/Desktop/Cloned Reditus/ReditusV.4.27/Content/Flipbooks/PlayerBattleAnimations/Augustus/AugustusBazooka/AugustusBazooka_FB.uasset" 3960
"C:/Users/malco/Desktop/Cloned Reditus/ReditusV.4.27/Content/Flipbooks/PlayerBattleAnimations/Augustus/AugustusBazooka/AugustusBazooka_Sprite_0.uasset" 3961
"C:/Users/malco/Desktop/Cloned Reditus/ReditusV.4.27/Content/Flipbooks/PlayerBattleAnimations/Augustus/AugustusBazooka/AugustusBazooka.uasset" 3962
"C:/Users/malco/Desktop/Cloned Reditus/ReditusV.4.27/Content/Flipbooks/PlayerBattleAnimations/Augustus/AugustusBazooka/AugustusBazooka_Sprite_1.uasset" 3963
"C:/Users/malco/Desktop/Cloned Reditus/ReditusV.4.27/Content/Flipbooks/PlayerBattleAnimations/Augustus/AugustusBazooka/AugustusBazooka_Sprite_2.uasset" 3964
"C:/Users/malco/Desktop/Cloned Reditus/ReditusV.4.27/Content/Flipbooks/PlayerBattleAnimations/Augustus/AugustusBazooka/AugustusBazooka_Sprite_3.uasset" 3965
"C:/Users/malco/Desktop/Cloned Reditus/ReditusV.4.27/Content/Flipbooks/PlayerBattleAnimations/Augustus/AugustusNoRifleEquipped/Attack/AugustusWithNoWeaponAttack1.uasset" 3966
"C:/Users/malco/Desktop/Cloned Reditus/ReditusV.4.27/Content/Flipbooks/PlayerBattleAnimations/Augustus/AugustusNoRifleEquipped/Attack/AugustusWithNoWeaponAttack_Sprite_0.uasset" 3967
"C:/Users/malco/Desktop/Cloned Reditus/ReditusV.4.27/Content/Flipbooks/PlayerBattleAnimations/Augustus/AugustusNoRifleEquipped/Attack/AugustusWithNoWeaponAttack.uasset" 3968
"C:/Users/malco/Desktop/Cloned Reditus/ReditusV.4.27/Content/Flipbooks/PlayerBattleAnimations/Augustus/AugustusNoRifleEquipped/Attack/AugustusWithNoWeaponAttack_Sprite_1.uasset" 3969
"C:/Users/malco/Desktop/Cloned Reditus/ReditusV.4.27/Content/Flipbooks/PlayerBattleAnimations/Augustus/AugustusNoRifleEquipped/Attack/AugustusWithNoWeaponAttack_Sprite_2.uasset" 3970
"C:/Users/malco/Desktop/Cloned Reditus/ReditusV.4.27/Content/Flipbooks/PlayerBattleAnimations/Augustus/AugustusNoRifleEquipped/Attack/AugustusWithNoWeaponAttack_Sprite_3.uasset" 3971
"C:/Users/malco/Desktop/Cloned Reditus/ReditusV.4.27/Content/Flipbooks/PlayerBattleAnimations/Augustus/AugustusNoRifleEquipped/Defend/AugustusNoWeaponDefend.uasset" 3972
"C:/Users/malco/Desktop/Cloned Reditus/ReditusV.4.27/Content/Flipbooks/PlayerBattleAnimations/Augustus/AugustusNoRifleEquipped/Defend/Gunguy_No_weapon_Sprite_20.uasset" 3973
"C:/Users/malco/Desktop/Cloned Reditus/ReditusV.4.27/Content/Flipbooks/PlayerBattleAnimations/Augustus/AugustusNoRifleEquipped/Defend/Gunguy_No_weapon_Sprite_21.uasset" 3974
"C:/Users/malco/Desktop/Cloned Reditus/ReditusV.4.27/Content/Flipbooks/PlayerBattleAnimations/Augustus/AugustusNoRifleEquipped/Defend/Gunguy_No_weapon_Sprite_22.uasset" 3975
"C:/Users/malco/Desktop/Cloned Reditus/ReditusV.4.27/Content/Flipbooks/PlayerBattleAnimations/Augustus/AugustusNoRifleEquipped/Defend/Gunguy_No_weapon_Sprite_23.uasset" 3976
"C:/Users/malco/Desktop/Cloned Reditus/ReditusV.4.27/Content/Flipbooks/PlayerBattleAnimations/Augustus/AugustusNoRifleEquipped/Intro/AugustusNoWeaponIntro.uasset" 3977
"C:/Users/malco/Desktop/Cloned Reditus/ReditusV.4.27/Content/Flipbooks/PlayerBattleAnimations/Augustus/AugustusNoRifleEquipped/Intro/Gunguy_No_weapon_Sprite_0.uasset" 3978
"C:/Users/malco/Desktop/Cloned Reditus/ReditusV.4.27/Content/Flipbooks/PlayerBattleAnimations/Augustus/AugustusNoRifleEquipped/Intro/Gunguy_No_weapon_Sprite_1.uasset" 3979
"C:/Users/malco/Desktop/Cloned Reditus/ReditusV.4.27/Content/Flipbooks/PlayerBattleAnimations/Augustus/AugustusNoRifleEquipped/Intro/Gunguy_No_weapon_Sprite_2.uasset" 3980
"C:/Users/malco/Desktop/Cloned Reditus/ReditusV.4.27/Content/Flipbooks/PlayerBattleAnimations/Augustus/AugustusNoRifleEquipped/Intro/Gunguy_No_weapon_Sprite_3.uasset" 3981
"C:/Users/malco/Desktop/Cloned Reditus/ReditusV.4.27/Content/Flipbooks/PlayerBattleAnimations/Augustus/AugustusNoRifleEquipped/Intro/Gunguy_No_weapon_Sprite_4.uasset" 3982
"C:/Users/malco/Desktop/Cloned Reditus/ReditusV.4.27/Content/Flipbooks/PlayerBattleAnimations/Augustus/AugustusNoRifleEquipped/Intro/Gunguy_No_weapon_Sprite_5.uasset" 3983
"C:/Users/malco/Desktop/Cloned Reditus/ReditusV.4.27/Content/Flipbooks/PlayerBattleAnimations/Augustus/AugustusNoRifleEquipped/Intro/Gunguy_No_weapon_Sprite_6.uasset" 3984
"C:/Users/malco/Desktop/Cloned Reditus/ReditusV.4.27/Content/Flipbooks/PlayerBattleAnimations/Augustus/AugustusNoRifleEquipped/Intro/Gunguy_No_weapon_Sprite_7.uasset" 3985
"C:/Users/malco/Desktop/Cloned Reditus/ReditusV.4.27/Content/Flipbooks/PlayerBattleAnimations/Augustus/AugustusNoRifleEquipped/IsDead/AugustusNoWeaponDead.uasset" 3986
"C:/Users/malco/Desktop/Cloned Reditus/ReditusV.4.27/Content/Flipbooks/PlayerBattleAnimations/Augustus/AugustusNoRifleEquipped/IsDead/Gunguy_No_weapon_Sprite_32.uasset" 3987
"C:/Users/malco/Desktop/Cloned Reditus/ReditusV.4.27/Content/Flipbooks/PlayerBattleAnimations/Augustus/AugustusNoRifleEquipped/IsDead/Gunguy_No_weapon_Sprite_33.uasset" 3988
"C:/Users/malco/Desktop/Cloned Reditus/ReditusV.4.27/Content/Flipbooks/PlayerBattleAnimations/Augustus/AugustusNoRifleEquipped/IsDead/Gunguy_No_weapon_Sprite_34.uasset" 3989
"C:/Users/malco/Desktop/Cloned Reditus/ReditusV.4.27/Content/Flipbooks/PlayerBattleAnimations/Augustus/AugustusNoRifleEquipped/IsDead/Gunguy_No_weapon_Sprite_35.uasset" 3990
"C:/Users/malco/Desktop/Cloned Reditus/ReditusV.4.27/Content/Flipbooks/PlayerBattleAnimations/Augustus/AugustusNoRifleEquipped/IsHit/AugustusIsHitNoWeapon.uasset" 3991
"C:/Users/malco/Desktop/Cloned Reditus/ReditusV.4.27/Content/Flipbooks/PlayerBattleAnimations/Augustus/AugustusNoRifleEquipped/IsHit/Gunguy_No_weapon_Sprite_16.uasset" 3992
"C:/Users/malco/Desktop/Cloned Reditus/ReditusV.4.27/Content/Flipbooks/PlayerBattleAnimations/Augustus/AugustusNoRifleEquipped/IsHit/Gunguy_No_weapon_Sprite_17.uasset" 3993
"C:/Users/malco/Desktop/Cloned Reditus/ReditusV.4.27/Content/Flipbooks/PlayerBattleAnimations/Augustus/AugustusNoRifleEquipped/IsHit/Gunguy_No_weapon_Sprite_18.uasset" 3994
"C:/Users/malco/Desktop/Cloned Reditus/ReditusV.4.27/Content/Flipbooks/PlayerBattleAnimations/Augustus/AugustusNoRifleEquipped/IsHit/Gunguy_No_weapon_Sprite_19.uasset" 3995
"C:/Users/malco/Desktop/Cloned Reditus/ReditusV.4.27/Content/Flipbooks/PlayerBattleAnimations/Augustus/AugustusNoRifleEquipped/IsIll/AugustusNoWeaponIll.uasset" 3996
"C:/Users/malco/Desktop/Cloned Reditus/ReditusV.4.27/Content/Flipbooks/PlayerBattleAnimations/Augustus/AugustusNoRifleEquipped/IsIll/Gunguy_No_weapon_Sprite_24.uasset" 3997
"C:/Users/malco/Desktop/Cloned Reditus/ReditusV.4.27/Content/Flipbooks/PlayerBattleAnimations/Augustus/AugustusNoRifleEquipped/IsIll/Gunguy_No_weapon_Sprite_25.uasset" 3998
"C:/Users/malco/Desktop/Cloned Reditus/ReditusV.4.27/Content/Flipbooks/PlayerBattleAnimations/Augustus/AugustusNoRifleEquipped/IsIll/Gunguy_No_weapon_Sprite_26.uasset" 3999
"C:/Users/malco/Desktop/Cloned Reditus/ReditusV.4.27/Content/Flipbooks/PlayerBattleAnimations/Augustus/AugustusNoRifleEquipped/IsIll/Gunguy_No_weapon_Sprite_27.uasset" 4000
"C:/Users/malco/Desktop/Cloned Reditus/ReditusV.4.27/Content/Flipbooks/PlayerBattleAnimations/Augustus/AugustusNoRifleEquipped/IsPermDead/AugustusNoWeaponIsPermDead.uasset" 4001
"C:/Users/malco/Desktop/Cloned Reditus/ReditusV.4.27/Content/Flipbooks/PlayerBattleAnimations/Augustus/AugustusNoRifleEquipped/IsPermDead/Gunguy_No_weapon_Sprite_35.uasset" 4002
"C:/Users/malco/Desktop/Cloned Reditus/ReditusV.4.27/Content/Flipbooks/PlayerBattleAnimations/Augustus/AugustusNoRifleEquipped/IsStunned/AugustusNoWeaponStunned.uasset" 4003
"C:/Users/malco/Desktop/Cloned Reditus/ReditusV.4.27/Content/Flipbooks/PlayerBattleAnimations/Augustus/AugustusNoRifleEquipped/IsStunned/Gunguy_No_weapon_Sprite_9.uasset" 4004
"C:/Users/malco/Desktop/Cloned Reditus/ReditusV.4.27/Content/Flipbooks/PlayerBattleAnimations/Augustus/AugustusNoRifleEquipped/MoveForward/AugustusNoWeaponMovingForward1.uasset" 4005
"C:/Users/malco/Desktop/Cloned Reditus/ReditusV.4.27/Content/Flipbooks/PlayerBattleAnimations/Augustus/AugustusNoRifleEquipped/MoveForward/AugustusNoWeaponMovingForward_Sprite_0.uasset" 4006
"C:/Users/malco/Desktop/Cloned Reditus/ReditusV.4.27/Content/Flipbooks/PlayerBattleAnimations/Augustus/AugustusNoRifleEquipped/MoveForward/AugustusNoWeaponMovingForward.uasset" 4007
"C:/Users/malco/Desktop/Cloned Reditus/ReditusV.4.27/Content/Flipbooks/PlayerBattleAnimations/Augustus/AugustusNoRifleEquipped/MoveForward/AugustusNoWeaponMovingForward_Sprite_1.uasset" 4008
"C:/Users/malco/Desktop/Cloned Reditus/ReditusV.4.27/Content/Flipbooks/PlayerBattleAnimations/Augustus/AugustusNoRifleEquipped/MoveForward/AugustusNoWeaponMovingForward_Sprite_2.uasset" 4009
"C:/Users/malco/Desktop/Cloned Reditus/ReditusV.4.27/Content/Flipbooks/PlayerBattleAnimations/Augustus/AugustusNoRifleEquipped/MoveForward/AugustusNoWeaponMovingForward_Sprite_3.uasset" 4010
"C:/Users/malco/Desktop/Cloned Reditus/ReditusV.4.27/Content/Flipbooks/PlayerBattleAnimations/Augustus/AugustusNoRifleEquipped/UseItem/AugustusNoWeaponUseItem.uasset" 4011
"C:/Users/malco/Desktop/Cloned Reditus/ReditusV.4.27/Content/Flipbooks/PlayerBattleAnimations/Augustus/AugustusNoRifleEquipped/UseItem/Gunguy_No_weapon_Sprite_28.uasset" 4012
"C:/Users/malco/Desktop/Cloned Reditus/ReditusV.4.27/Content/Flipbooks/PlayerBattleAnimations/Augustus/AugustusNoRifleEquipped/UseItem/Gunguy_No_weapon_Sprite_29.uasset" 4013
"C:/Users/malco/Desktop/Cloned Reditus/ReditusV.4.27/Content/Flipbooks/PlayerBattleAnimations/Augustus/AugustusNoRifleEquipped/UseItem/Gunguy_No_weapon_Sprite_30.uasset" 4014
"C:/Users/malco/Desktop/Cloned Reditus/ReditusV.4.27/Content/Flipbooks/PlayerBattleAnimations/Augustus/AugustusNoRifleEquipped/UseItem/Gunguy_No_weapon_Sprite_31.uasset" 4015
"C:/Users/malco/Desktop/Cloned Reditus/ReditusV.4.27/Content/Flipbooks/PlayerBattleAnimations/Augustus/AugustusRifleEquipped/AugustusIsStunned/AugustusIdleStunned.uasset" 4016
"C:/Users/malco/Desktop/Cloned Reditus/ReditusV.4.27/Content/Flipbooks/PlayerBattleAnimations/Augustus/AugustusRifleEquipped/AugustusIsStunned/AugustusIdle_Sprite_2.uasset" 4017
"C:/Users/malco/Desktop/Cloned Reditus/ReditusV.4.27/Content/Flipbooks/PlayerBattleAnimations/Augustus/AugustusRifleEquipped/RifleIdle/AugustusIdle.uasset" 4018
"C:/Users/malco/Desktop/Cloned Reditus/ReditusV.4.27/Content/Flipbooks/PlayerBattleAnimations/Augustus/AugustusRifleEquipped/AugustusRifleMovingForward/AugustusRifleMovingForward1.uasset" 4019
"C:/Users/malco/Desktop/Cloned Reditus/ReditusV.4.27/Content/Flipbooks/PlayerBattleAnimations/Augustus/AugustusRifleEquipped/AugustusRifleMovingForward/AugustusRifleMovingForward_Sprite_0.uasset" 4020
"C:/Users/malco/Desktop/Cloned Reditus/ReditusV.4.27/Content/Flipbooks/PlayerBattleAnimations/Augustus/AugustusRifleEquipped/AugustusRifleMovingForward/AugustusRifleMovingForward.uasset" 4021
"C:/Users/malco/Desktop/Cloned Reditus/ReditusV.4.27/Content/Flipbooks/PlayerBattleAnimations/Augustus/AugustusRifleEquipped/AugustusRifleMovingForward/AugustusRifleMovingForward_Sprite_1.uasset" 4022
"C:/Users/malco/Desktop/Cloned Reditus/ReditusV.4.27/Content/Flipbooks/PlayerBattleAnimations/Augustus/AugustusRifleEquipped/AugustusRifleMovingForward/AugustusRifleMovingForward_Sprite_2.uasset" 4023
"C:/Users/malco/Desktop/Cloned Reditus/ReditusV.4.27/Content/Flipbooks/PlayerBattleAnimations/Augustus/AugustusRifleEquipped/AugustusRifleMovingForward/AugustusRifleMovingForward_Sprite_3.uasset" 4024
"C:/Users/malco/Desktop/Cloned Reditus/ReditusV.4.27/Content/Flipbooks/PlayerBattleAnimations/Augustus/AugustusRifleEquipped/RifleAttack/AugustusScrapRifleShoot1.uasset" 4025
"C:/Users/malco/Desktop/Cloned Reditus/ReditusV.4.27/Content/Flipbooks/PlayerBattleAnimations/Augustus/AugustusRifleEquipped/RifleAttack/AugustusScrapRifleShoot_Sprite_0.uasset" 4026
"C:/Users/malco/Desktop/Cloned Reditus/ReditusV.4.27/Content/Flipbooks/PlayerBattleAnimations/Augustus/AugustusRifleEquipped/RifleAttack/AugustusScrapRifleShoot.uasset" 4027
"C:/Users/malco/Desktop/Cloned Reditus/ReditusV.4.27/Content/Flipbooks/PlayerBattleAnimations/Augustus/AugustusRifleEquipped/RifleAttack/AugustusScrapRifleShoot_Sprite_1.uasset" 4028
"C:/Users/malco/Desktop/Cloned Reditus/ReditusV.4.27/Content/Flipbooks/PlayerBattleAnimations/Augustus/AugustusRifleEquipped/RifleAttack/AugustusScrapRifleShoot_Sprite_2.uasset" 4029
"C:/Users/malco/Desktop/Cloned Reditus/ReditusV.4.27/Content/Flipbooks/PlayerBattleAnimations/Augustus/AugustusRifleEquipped/RifleAttack/AugustusScrapRifleShoot_Sprite_3.uasset" 4030
"C:/Users/malco/Desktop/Cloned Reditus/ReditusV.4.27/Content/Flipbooks/PlayerBattleAnimations/Augustus/AugustusRifleEquipped/RifleIdle/AugustusRifleIdle3.uasset" 4031
"C:/Users/malco/Desktop/Cloned Reditus/ReditusV.4.27/Content/Flipbooks/PlayerBattleAnimations/Augustus/AugustusRifleEquipped/RifleIdle/AugustusIdle_Sprite_0.uasset" 4032
"C:/Users/malco/Desktop/Cloned Reditus/ReditusV.4.27/Content/Flipbooks/PlayerBattleAnimations/Augustus/AugustusRifleEquipped/RifleIdle/AugustusIdle_Sprite_1.uasset" 4033
"C:/Users/malco/Desktop/Cloned Reditus/ReditusV.4.27/Content/Flipbooks/PlayerBattleAnimations/Augustus/AugustusRifleEquipped/RifleIdle/AugustusIdle_Sprite_2.uasset" 4034
"C:/Users/malco/Desktop/Cloned Reditus/ReditusV.4.27/Content/Flipbooks/PlayerBattleAnimations/Augustus/AugustusRifleEquipped/RifleIdle/AugustusIdle_Sprite_3.uasset" 4035
"C:/Users/malco/Desktop/Cloned Reditus/ReditusV.4.27/Content/Flipbooks/PlayerBattleAnimations/Augustus/AugustusRifleEquipped/RifleIntro/AugustusRifleIntro1.uasset" 4036
"C:/Users/malco/Desktop/Cloned Reditus/ReditusV.4.27/Content/Flipbooks/PlayerBattleAnimations/Augustus/AugustusRifleEquipped/RifleIntro/AugustusIntro_Sprite_0.uasset" 4037
"C:/Users/malco/Desktop/Cloned Reditus/ReditusV.4.27/Content/Flipbooks/PlayerBattleAnimations/Augustus/AugustusRifleEquipped/RifleIntro/AugustusIntro.uasset" 4038
"C:/Users/malco/Desktop/Cloned Reditus/ReditusV.4.27/Content/Flipbooks/PlayerBattleAnimations/Augustus/AugustusRifleEquipped/RifleIntro/AugustusIntro_Sprite_1.uasset" 4039
"C:/Users/malco/Desktop/Cloned Reditus/ReditusV.4.27/Content/Flipbooks/PlayerBattleAnimations/Augustus/AugustusRifleEquipped/RifleIntro/AugustusIntro_Sprite_2.uasset" 4040
"C:/Users/malco/Desktop/Cloned Reditus/ReditusV.4.27/Content/Flipbooks/PlayerBattleAnimations/Augustus/AugustusRifleEquipped/RifleIntro/AugustusIntro_Sprite_3.uasset" 4041
"C:/Users/malco/Desktop/Cloned Reditus/ReditusV.4.27/Content/Flipbooks/PlayerBattleAnimations/Augustus/AugustusRifleEquipped/RifleIntro/AugustusIntro_Sprite_4.uasset" 4042
"C:/Users/malco/Desktop/Cloned Reditus/ReditusV.4.27/Content/Flipbooks/PlayerBattleAnimations/Augustus/AugustusRifleEquipped/RifleIntro/AugustusIntro_Sprite_5.uasset" 4043
"C:/Users/malco/Desktop/Cloned Reditus/ReditusV.4.27/Content/Flipbooks/PlayerBattleAnimations/Augustus/AugustusRifleEquipped/RifleIntro/AugustusIntro_Sprite_6.uasset" 4044
"C:/Users/malco/Desktop/Cloned Reditus/ReditusV.4.27/Content/Flipbooks/PlayerBattleAnimations/Augustus/AugustusRifleEquipped/RifleIntro/AugustusIntro_Sprite_7.uasset" 4045
"C:/Users/malco/Desktop/Cloned Reditus/ReditusV.4.27/Content/Flipbooks/PlayerBattleAnimations/Augustus/AugustusRifleEquipped/RifleIsAilment/AugustusIsIllRifle1.uasset" 4046
"C:/Users/malco/Desktop/Cloned Reditus/ReditusV.4.27/Content/Flipbooks/PlayerBattleAnimations/Augustus/AugustusRifleEquipped/RifleIsAilment/AugustusIsIllRifle_Sprite_0.uasset" 4047
"C:/Users/malco/Desktop/Cloned Reditus/ReditusV.4.27/Content/Flipbooks/PlayerBattleAnimations/Augustus/AugustusRifleEquipped/RifleIsAilment/AugustusIsIllRifle.uasset" 4048
"C:/Users/malco/Desktop/Cloned Reditus/ReditusV.4.27/Content/Flipbooks/PlayerBattleAnimations/Augustus/AugustusRifleEquipped/RifleIsAilment/AugustusIsIllRifle_Sprite_1.uasset" 4049
"C:/Users/malco/Desktop/Cloned Reditus/ReditusV.4.27/Content/Flipbooks/PlayerBattleAnimations/Augustus/AugustusRifleEquipped/RifleIsAilment/AugustusIsIllRifle_Sprite_2.uasset" 4050
"C:/Users/malco/Desktop/Cloned Reditus/ReditusV.4.27/Content/Flipbooks/PlayerBattleAnimations/Augustus/AugustusRifleEquipped/RifleIsAilment/AugustusIsIllRifle_Sprite_3.uasset" 4051
"C:/Users/malco/Desktop/Cloned Reditus/ReditusV.4.27/Content/Flipbooks/PlayerBattleAnimations/Augustus/AugustusRifleEquipped/RifleIsDead/AugustusScrapRifleIsDead1.uasset" 4052
"C:/Users/malco/Desktop/Cloned Reditus/ReditusV.4.27/Content/Flipbooks/PlayerBattleAnimations/Augustus/AugustusRifleEquipped/RifleIsDead/AugustusScrapRifleIsDead_Sprite_0.uasset" 4053
"C:/Users/malco/Desktop/Cloned Reditus/ReditusV.4.27/Content/Flipbooks/PlayerBattleAnimations/Augustus/AugustusRifleEquipped/RifleIsDead/AugustusScrapRifleIsDead.uasset" 4054
"C:/Users/malco/Desktop/Cloned Reditus/ReditusV.4.27/Content/Flipbooks/PlayerBattleAnimations/Augustus/AugustusRifleEquipped/RifleIsDead/AugustusScrapRifleIsDead_Sprite_1.uasset" 4055
"C:/Users/malco/Desktop/Cloned Reditus/ReditusV.4.27/Content/Flipbooks/PlayerBattleAnimations/Augustus/AugustusRifleEquipped/RifleIsDead/AugustusScrapRifleIsDead_Sprite_2.uasset" 4056
"C:/Users/malco/Desktop/Cloned Reditus/ReditusV.4.27/Content/Flipbooks/PlayerBattleAnimations/Augustus/AugustusRifleEquipped/RifleIsDead/AugustusScrapRifleIsDead_Sprite_3.uasset" 4057
"C:/Users/malco/Desktop/Cloned Reditus/ReditusV.4.27/Content/Flipbooks/PlayerBattleAnimations/Augustus/AugustusRifleEquipped/RifleisDefend/AugustusScrapRifleIsDefend2.uasset" 4058
"C:/Users/malco/Desktop/Cloned Reditus/ReditusV.4.27/Content/Flipbooks/PlayerBattleAnimations/Augustus/AugustusRifleEquipped/RifleisDefend/AugustusScrapRifleIsDefend_Sprite_0.uasset" 4059
"C:/Users/malco/Desktop/Cloned Reditus/ReditusV.4.27/Content/Flipbooks/PlayerBattleAnimations/Augustus/AugustusRifleEquipped/RifleisDefend/AugustusScrapRifleIsDefend.uasset" 4060
"C:/Users/malco/Desktop/Cloned Reditus/ReditusV.4.27/Content/Flipbooks/PlayerBattleAnimations/Augustus/AugustusRifleEquipped/RifleisDefend/AugustusScrapRifleIsDefend_Sprite_1.uasset" 4061
"C:/Users/malco/Desktop/Cloned Reditus/ReditusV.4.27/Content/Flipbooks/PlayerBattleAnimations/Augustus/AugustusRifleEquipped/RifleisDefend/AugustusScrapRifleIsDefend_Sprite_2.uasset" 4062
"C:/Users/malco/Desktop/Cloned Reditus/ReditusV.4.27/Content/Flipbooks/PlayerBattleAnimations/Augustus/AugustusRifleEquipped/RifleisDefend/AugustusScrapRifleIsDefend_Sprite_3.uasset" 4063
"C:/Users/malco/Desktop/Cloned Reditus/ReditusV.4.27/Content/Flipbooks/PlayerBattleAnimations/Augustus/AugustusRifleEquipped/RifleIsHit/AugustusIsHit2.uasset" 4064
"C:/Users/malco/Desktop/Cloned Reditus/ReditusV.4.27/Content/Flipbooks/PlayerBattleAnimations/Augustus/AugustusRifleEquipped/RifleIsHit/AugustusIsHit1_Sprite_0.uasset" 4065
"C:/Users/malco/Desktop/Cloned Reditus/ReditusV.4.27/Content/Flipbooks/PlayerBattleAnimations/Augustus/AugustusRifleEquipped/RifleIsHit/AugustusIsHit1.uasset" 4066
"C:/Users/malco/Desktop/Cloned Reditus/ReditusV.4.27/Content/Flipbooks/PlayerBattleAnimations/Augustus/AugustusRifleEquipped/RifleIsHit/AugustusIsHit1_Sprite_1.uasset" 4067
"C:/Users/malco/Desktop/Cloned Reditus/ReditusV.4.27/Content/Flipbooks/PlayerBattleAnimations/Augustus/AugustusRifleEquipped/RifleIsHit/AugustusIsHit1_Sprite_2.uasset" 4068
"C:/Users/malco/Desktop/Cloned Reditus/ReditusV.4.27/Content/Flipbooks/PlayerBattleAnimations/Augustus/AugustusRifleEquipped/RifleIsHit/AugustusIsHit1_Sprite_3.uasset" 4069
"C:/Users/malco/Desktop/Cloned Reditus/ReditusV.4.27/Content/Flipbooks/PlayerBattleAnimations/Augustus/AugustusRifleEquipped/RiflePermDeath/AugustusScrapRifleIsDead.uasset" 4070
"C:/Users/malco/Desktop/Cloned Reditus/ReditusV.4.27/Content/Flipbooks/PlayerBattleAnimations/Augustus/AugustusRifleEquipped/RiflePermDeath/AugustusScrapRifleIsDead_Sprite_3.uasset" 4071
"C:/Users/malco/Desktop/Cloned Reditus/ReditusV.4.27/Content/Flipbooks/PlayerBattleAnimations/Augustus/AugustusRifleEquipped/RifleUseItem/AugustusRifleUseItem2.uasset" 4072
"C:/Users/malco/Desktop/Cloned Reditus/ReditusV.4.27/Content/Flipbooks/PlayerBattleAnimations/Augustus/AugustusRifleEquipped/RifleUseItem/AugustusRifleUseItem1_Sprite_0.uasset" 4073
"C:/Users/malco/Desktop/Cloned Reditus/ReditusV.4.27/Content/Flipbooks/PlayerBattleAnimations/Augustus/AugustusRifleEquipped/RifleUseItem/AugustusRifleUseItem1.uasset" 4074
"C:/Users/malco/Desktop/Cloned Reditus/ReditusV.4.27/Content/Flipbooks/PlayerBattleAnimations/Augustus/AugustusRifleEquipped/RifleUseItem/AugustusRifleUseItem1_Sprite_1.uasset" 4075
"C:/Users/malco/Desktop/Cloned Reditus/ReditusV.4.27/Content/Flipbooks/PlayerBattleAnimations/Augustus/AugustusRifleEquipped/RifleUseItem/AugustusRifleUseItem1_Sprite_2.uasset" 4076
"C:/Users/malco/Desktop/Cloned Reditus/ReditusV.4.27/Content/Flipbooks/PlayerBattleAnimations/Augustus/AugustusRifleEquipped/RifleUseItem/AugustusRifleUseItem1_Sprite_3.uasset" 4077
"C:/Users/malco/Desktop/Cloned Reditus/ReditusV.4.27/Content/Flipbooks/PlayerBattleAnimations/Augustus/BlindRay/AugustusBlindRay_FB.uasset" 4078
"C:/Users/malco/Desktop/Cloned Reditus/ReditusV.4.27/Content/Flipbooks/PlayerBattleAnimations/Augustus/BlindRay/AugustusBlindRay_Sprite_1.uasset" 4079
"C:/Users/malco/Desktop/Cloned Reditus/ReditusV.4.27/Content/Flipbooks/PlayerBattleAnimations/Augustus/BlindRay/AugustusBlindRay.uasset" 4080
"C:/Users/malco/Desktop/Cloned Reditus/ReditusV.4.27/Content/Flipbooks/OverworldPlayerCharacterFlipbooks/Macy/MacyFrontIdle_FB1.uasset" 4081
"C:/Users/malco/Desktop/Cloned Reditus/ReditusV.4.27/Content/Flipbooks/OverworldPlayerCharacterFlipbooks/Macy/MacySheet1_Sprite_1.uasset" 4082
"C:/Users/malco/Desktop/Cloned Reditus/ReditusV.4.27/Content/Flipbooks/OverworldPlayerCharacterFlipbooks/Macy/MacySheet1.uasset" 4083
"C:/Users/malco/Desktop/Cloned Reditus/ReditusV.4.27/Content/OverworldBlueprints/PlayerCharacter/PlayerParty/MacyCharacterAnimBP.uasset" 4084
"C:/Users/malco/Desktop/Cloned Reditus/ReditusV.4.27/Content/Flipbooks/OverworldPlayerCharacterFlipbooks/Macy/MacyBack_FB.uasset" 4085
"C:/Users/malco/Desktop/Cloned Reditus/ReditusV.4.27/Content/Flipbooks/OverworldPlayerCharacterFlipbooks/Macy/MacySheet1_Sprite_15.uasset" 4086
"C:/Users/malco/Desktop/Cloned Reditus/ReditusV.4.27/Content/Flipbooks/OverworldPlayerCharacterFlipbooks/Macy/MacySheet1_Sprite_16.uasset" 4087
"C:/Users/malco/Desktop/Cloned Reditus/ReditusV.4.27/Content/Flipbooks/OverworldPlayerCharacterFlipbooks/Macy/MacySheet1_Sprite_17.uasset" 4088
"C:/Users/malco/Desktop/Cloned Reditus/ReditusV.4.27/Content/Flipbooks/OverworldPlayerCharacterFlipbooks/Macy/MacyBackIdle_FB.uasset" 4089
"C:/Users/malco/Desktop/Cloned Reditus/ReditusV.4.27/Content/Flipbooks/OverworldPlayerCharacterFlipbooks/Macy/MacyFront_FB1.uasset" 4090
"C:/Users/malco/Desktop/Cloned Reditus/ReditusV.4.27/Content/Flipbooks/OverworldPlayerCharacterFlipbooks/Macy/MacySheet1_Sprite_0.uasset" 4091
"C:/Users/malco/Desktop/Cloned Reditus/ReditusV.4.27/Content/Flipbooks/OverworldPlayerCharacterFlipbooks/Macy/MacySheet1_Sprite_2.uasset" 4092
"C:/Users/malco/Desktop/Cloned Reditus/ReditusV.4.27/Content/Flipbooks/OverworldPlayerCharacterFlipbooks/Macy/MacyLeft_FB.uasset" 4093
"C:/Users/malco/Desktop/Cloned Reditus/ReditusV.4.27/Content/Flipbooks/OverworldPlayerCharacterFlipbooks/Macy/MacySheet1_Sprite_5.uasset" 4094
"C:/Users/malco/Desktop/Cloned Reditus/ReditusV.4.27/Content/Flipbooks/OverworldPlayerCharacterFlipbooks/Macy/MacySheet1_Sprite_6.uasset" 4095
"C:/Users/malco/Desktop/Cloned Reditus/ReditusV.4.27/Content/Flipbooks/OverworldPlayerCharacterFlipbooks/Macy/MacySheet1_Sprite_7.uasset" 4096
"C:/Users/malco/Desktop/Cloned Reditus/ReditusV.4.27/Content/Flipbooks/OverworldPlayerCharacterFlipbooks/Macy/MacyLeftIdle_FB.uasset" 4097
"C:/Users/malco/Desktop/Cloned Reditus/ReditusV.4.27/Content/Flipbooks/OverworldPlayerCharacterFlipbooks/Macy/MacyRight_FB.uasset" 4098
"C:/Users/malco/Desktop/Cloned Reditus/ReditusV.4.27/Content/Flipbooks/OverworldPlayerCharacterFlipbooks/Macy/MacySheet1_Sprite_10.uasset" 4099
"C:/Users/malco/Desktop/Cloned Reditus/ReditusV.4.27/Content/Flipbooks/OverworldPlayerCharacterFlipbooks/Macy/MacySheet1_Sprite_11.uasset" 4100
"C:/Users/malco/Desktop/Cloned Reditus/ReditusV.4.27/Content/Flipbooks/OverworldPlayerCharacterFlipbooks/Macy/MacySheet1_Sprite_12.uasset" 4101
"C:/Users/malco/Desktop/Cloned Reditus/ReditusV.4.27/Content/Flipbooks/OverworldPlayerCharacterFlipbooks/Macy/MacyRightIdle_FB.uasset" 4102
"C:/Users/malco/Desktop/Cloned Reditus/ReditusV.4.27/Content/PushableActorProject/Blueprints/BasicPush/Audio/CUE_BoxLand_001.uasset" 4103
"C:/Users/malco/Desktop/Cloned Reditus/ReditusV.4.27/Content/PushableActorProject/Blueprints/BasicPush/Audio/SND_BoxScrape_001_Cue.uasset" 4104
"C:/Users/malco/Desktop/Cloned Reditus/ReditusV.4.27/Content/PushableActorProject/Blueprints/BasicPush/Mesh/SM_BaseCube.uasset" 4105
"C:/Users/malco/Desktop/Cloned Reditus/ReditusV.4.27/Content/PushableActorProject/Blueprints/BasicPush/Material/M_Cube.uasset" 4106
"C:/Users/malco/Desktop/Cloned Reditus/ReditusV.4.27/Content/StaticMeshes/MapProps/Box/SM_RetroBox.uasset" 4107
"C:/Users/malco/Desktop/Cloned Reditus/ReditusV.4.27/Content/Material/MapProps/FF6Box/chest_texture_Mat.uasset" 4108
"C:/Users/malco/Desktop/Cloned Reditus/ReditusV.4.27/Content/textures/Props/RetroBox/chest_texture.uasset" 4109
"C:/Users/malco/Desktop/Cloned Reditus/ReditusV.4.27/Content/PushableActorProject/Blueprints/BasicPush/Struct_PushCharacterRotate.uasset" 4110
"C:/Users/malco/Desktop/Cloned Reditus/ReditusV.4.27/Content/PushableActorProject/Blueprints/BasicPush/WBP_PushInteract.uasset" 4111
"C:/Users/malco/Desktop/Cloned Reditus/ReditusV.4.27/Content/TurnBasedJRPGTemplate/InputActions/MA_Skills.uasset" 4112
"C:/Users/malco/Desktop/Cloned Reditus/ReditusV.4.27/Content/TurnBasedJRPGTemplate/InputActions/IA_HoldAction.uasset" 4113
"C:/Users/malco/Desktop/Cloned Reditus/ReditusV.4.27/Content/TurnBasedJRPGTemplate/InputActions/IA_Move.uasset" 4114
"C:/Users/malco/Desktop/Cloned Reditus/ReditusV.4.27/Content/TurnBasedJRPGTemplate/InputActions/IA_QTE_A.uasset" 4115
"C:/Users/malco/Desktop/Cloned Reditus/ReditusV.4.27/Content/TurnBasedJRPGTemplate/InputActions/IA_QTE_D.uasset" 4116
"C:/Users/malco/Desktop/Cloned Reditus/ReditusV.4.27/Content/TurnBasedJRPGTemplate/InputActions/IA_QTE_S.uasset" 4117
"C:/Users/malco/Desktop/Cloned Reditus/ReditusV.4.27/Content/TurnBasedJRPGTemplate/InputActions/IA_QTE_W.uasset" 4118
"C:/Users/malco/Desktop/Cloned Reditus/ReditusV.4.27/Content/TurnBasedJRPGTemplate/InputActions/IA_Shoot.uasset" 4119
"C:/Users/malco/Desktop/Cloned Reditus/ReditusV.4.27/Content/Material/MapProps/HeremusDustCloud_Inst.uasset" 4120
"C:/Users/malco/Desktop/Cloned Reditus/ReditusV.4.27/Content/Material/MapProps/HeremusDustCloud.uasset" 4121
"C:/Users/malco/Desktop/Cloned Reditus/ReditusV.4.27/Content/Flipbooks/OverworldPlayerCharacterFlipbooks/Augustus/Poses/AugsutsArguingPoseHndUpRight_FB.uasset" 4122
"C:/Users/malco/Desktop/Cloned Reditus/ReditusV.4.27/Content/Flipbooks/OverworldPlayerCharacterFlipbooks/Augustus/Poses/RightPoses_Sprite_6.uasset" 4123
"C:/Users/malco/Desktop/Cloned Reditus/ReditusV.4.27/Content/Flipbooks/OverworldPlayerCharacterFlipbooks/Augustus/Poses/RightPoses.uasset" 4124
"C:/Users/malco/Desktop/Cloned Reditus/ReditusV.4.27/Content/Sounds/BGS/Minecraft_Footsteps_-_Sound_Effect__HD_2.uasset" 4125
"C:/Users/malco/Desktop/Cloned Reditus/ReditusV.4.27/Content/Sounds/Pixel2D/Sounds/SFx/SFX_SFX_Land.uasset" 4126
"C:/Users/malco/Desktop/Cloned Reditus/ReditusV.4.27/Content/TurnBasedJRPGTemplate/Blueprints/Enums/E_LevelTransfer.uasset" 4127
"C:/Users/malco/Desktop/Cloned Reditus/ReditusV.4.27/Content/OverworldBlueprints/Enums/E_StartStop.uasset" 4128
"C:/Users/malco/Desktop/Cloned Reditus/ReditusV.4.27/Content/TurnBasedJRPGTemplate/Blueprints/Battle/BP_DamageText.uasset" 4129
"C:/Users/malco/Desktop/Cloned Reditus/ReditusV.4.27/Content/TurnBasedJRPGTemplate/Blueprints/UI/BP_DamageTextUI.uasset" 4130
"C:/Users/malco/Desktop/Cloned Reditus/ReditusV.4.27/Content/TurnBasedJRPGTemplate/Blueprints/Interactables/BP_WaypointDevice.uasset" 4131
"C:/Users/malco/Desktop/Cloned Reditus/ReditusV.4.27/Content/TurnBasedJRPGTemplate/Blueprints/Interactables/BP_ChestBase.uasset" 4132
"C:/Users/malco/Desktop/Cloned Reditus/ReditusV.4.27/Content/TurnBasedJRPGTemplate/Blueprints/Items/UsableItems/BP_WaypointItem.uasset" 4133
"C:/Users/malco/Desktop/Cloned Reditus/ReditusV.4.27/Content/MapSpriteAssets/waypointdevice_sprite.uasset" 4134
"C:/Users/malco/Desktop/Cloned Reditus/ReditusV.4.27/Content/MapSpriteAssets/waypoint_texture.uasset" 4135
"C:/Users/malco/Desktop/Cloned Reditus/ReditusV.4.27/Content/TurnBasedJRPGTemplate/Blueprints/UI/Dialogues/BP_ItemObtainDialogue.uasset" 4136
"C:/Users/malco/Desktop/Cloned Reditus/ReditusV.4.27/Content/MapSpriteAssets/UI_ICONS/Coin_Sprite.uasset" 4137
"C:/Users/malco/Desktop/Cloned Reditus/ReditusV.4.27/Content/TurnBasedJRPGTemplate/Textures/MenuCursor.uasset" 4138
"C:/Users/malco/Desktop/Cloned Reditus/ReditusV.4.27/Content/MapSpriteAssets/Bulletins/ExclamationPoint.uasset" 4139
"C:/Users/malco/Desktop/Cloned Reditus/ReditusV.4.27/Content/Particles/InfinityBladeEffects/Effects/FX_Ambient/Env/P_Blinking_Light_01.uasset" 4140
"C:/Users/malco/Desktop/Cloned Reditus/ReditusV.4.27/Content/Particles/InfinityBladeEffects/Effects/FX_Materials/Gradient/M_Flare_01_INST.uasset" 4141
"C:/Users/malco/Desktop/Cloned Reditus/ReditusV.4.27/Content/Particles/InfinityBladeEffects/Effects/Masters/M_Add_Sprite_Master_DepthFade.uasset" 4142
"C:/Users/malco/Desktop/Cloned Reditus/ReditusV.4.27/Content/Particles/InfinityBladeEffects/Effects/FX_Textures/Gradient/T_starFlare_01.uasset" 4143
"C:/Users/malco/Desktop/Cloned Reditus/ReditusV.4.27/Content/TurnBasedJRPGTemplate/Blueprints/Interactables/LevelStoryInteractables/Heremus/BattleOnBridge.uasset" 4144
"C:/Users/malco/Desktop/Cloned Reditus/ReditusV.4.27/Content/OverworldBlueprints/SaveAndPersistentData/MyGameState.uasset" 4145
"C:/Users/malco/Desktop/Cloned Reditus/ReditusV.4.27/Content/TurnBasedJRPGTemplate/Blueprints/Items/Equipment/Weapons/Bp_FireBlast.uasset" 4146
"C:/Users/malco/Desktop/Cloned Reditus/ReditusV.4.27/Content/TurnBasedJRPGTemplate/Blueprints/Items/Equipment/EquipmentMesh/WeaponMeshes/Bp_FireBlastMesh.uasset" 4147
"C:/Users/malco/Desktop/Cloned Reditus/ReditusV.4.27/Content/TurnBasedJRPGTemplate/Blueprints/Projectiles/SkillProjectiles/BP_FireStreamProjectile1.uasset" 4148
"C:/Users/malco/Desktop/Cloned Reditus/ReditusV.4.27/Content/Particles/AdvancedMagicFX13/Particles/P_ky_explosion2.uasset" 4149
"C:/Users/malco/Desktop/Cloned Reditus/ReditusV.4.27/Content/Particles/AdvancedMagicFX13/Materials/MI_ky_gaseous03.uasset" 4150
"C:/Users/malco/Desktop/Cloned Reditus/ReditusV.4.27/Content/Particles/AdvancedMagicFX13/Materials/MI_ky_primitive_dynB_nonD.uasset" 4151
"C:/Users/malco/Desktop/Cloned Reditus/ReditusV.4.27/Content/Particles/AdvancedMagicFX13/Meshes/SM_ky_circle_lowpoly.uasset" 4152
"C:/Users/malco/Desktop/Cloned Reditus/ReditusV.4.27/Content/TurnBasedJRPGTemplate/Blueprints/Items/Equipment/UpgradeWeapons/Bp_FireBlast+.uasset" 4153
"C:/Users/malco/Desktop/Cloned Reditus/ReditusV.4.27/Content/MapSpriteAssets/UI_ICONS/WeaponIcons/FireShotSpriteIcon.uasset" 4154
"C:/Users/malco/Desktop/Cloned Reditus/ReditusV.4.27/Content/TurnBasedJRPGTemplate/Blueprints/Items/Equipment/Weapons/Bp_FireShot.uasset" 4155
"C:/Users/malco/Desktop/Cloned Reditus/ReditusV.4.27/Content/TurnBasedJRPGTemplate/Blueprints/Items/Equipment/EquipmentMesh/WeaponMeshes/Bp_FireShotMesh.uasset" 4156
"C:/Users/malco/Desktop/Cloned Reditus/ReditusV.4.27/Content/TurnBasedJRPGTemplate/Blueprints/Items/Equipment/UpgradeWeapons/Bp_FireShot+.uasset" 4157
"C:/Users/malco/Desktop/Cloned Reditus/ReditusV.4.27/Content/TurnBasedJRPGTemplate/Blueprints/Items/MiscItems/BP_Emg_Pulse.uasset" 4158
"C:/Users/malco/Desktop/Cloned Reditus/ReditusV.4.27/Content/TurnBasedJRPGTemplate/Blueprints/Items/MiscItems/BP_Screw.uasset" 4159
"C:/Users/malco/Desktop/Cloned Reditus/ReditusV.4.27/Content/TurnBasedJRPGTemplate/Textures/T_Stone.uasset" 4160
"C:/Users/malco/Desktop/Cloned Reditus/ReditusV.4.27/Content/TurnBasedJRPGTemplate/Blueprints/Items/Equipment/Weapons/Bp_ScrapRifle.uasset" 4161
"C:/Users/malco/Desktop/Cloned Reditus/ReditusV.4.27/Content/TurnBasedJRPGTemplate/Blueprints/Items/Equipment/EquipmentMesh/WeaponMeshes/Bp_ScrapRifleMesh.uasset" 4162
"C:/Users/malco/Desktop/Cloned Reditus/ReditusV.4.27/Content/TurnBasedJRPGTemplate/Blueprints/Projectiles/PlayerGunProjectiles/BP_GunshotProjectile.uasset" 4163
"C:/Users/malco/Desktop/Cloned Reditus/ReditusV.4.27/Content/TurnBasedJRPGTemplate/Materials/M_FireBall.uasset" 4164
"C:/Users/malco/Desktop/Cloned Reditus/ReditusV.4.27/Content/TurnBasedJRPGTemplate/Materials/M_Tech_Hex_Tile_Pulse.uasset" 4165
"C:/Users/malco/Desktop/Cloned Reditus/ReditusV.4.27/Content/TurnBasedJRPGTemplate/Textures/T_MacroVariation.uasset" 4166
"C:/Users/malco/Desktop/Cloned Reditus/ReditusV.4.27/Content/TurnBasedJRPGTemplate/Textures/T_Tech_Hex_Tile_M.uasset" 4167
"C:/Users/malco/Desktop/Cloned Reditus/ReditusV.4.27/Content/TurnBasedJRPGTemplate/Textures/T_Tech_Hex_Tile_N.uasset" 4168
"C:/Users/malco/Desktop/Cloned Reditus/ReditusV.4.27/Content/TurnBasedJRPGTemplate/Particles/P_Explosion.uasset" 4169
"C:/Users/malco/Desktop/Cloned Reditus/ReditusV.4.27/Content/TurnBasedJRPGTemplate/Materials/M_Burst.uasset" 4170
"C:/Users/malco/Desktop/Cloned Reditus/ReditusV.4.27/Content/TurnBasedJRPGTemplate/Textures/T_Burst_M.uasset" 4171
"C:/Users/malco/Desktop/Cloned Reditus/ReditusV.4.27/Content/TurnBasedJRPGTemplate/Materials/M_explosion_subUV.uasset" 4172
"C:/Users/malco/Desktop/Cloned Reditus/ReditusV.4.27/Content/TurnBasedJRPGTemplate/Textures/T_Explosion_SubUV.uasset" 4173
"C:/Users/malco/Desktop/Cloned Reditus/ReditusV.4.27/Content/TurnBasedJRPGTemplate/Materials/m_flare_01.uasset" 4174
"C:/Users/malco/Desktop/Cloned Reditus/ReditusV.4.27/Content/TurnBasedJRPGTemplate/Materials/M_radial_ramp.uasset" 4175
"../../../Engine/Content/Functions/Engine_MaterialFunctions01/Gradient/RadialGradient.uasset" 4176
"C:/Users/malco/Desktop/Cloned Reditus/ReditusV.4.27/Content/TurnBasedJRPGTemplate/Materials/M_smoke_subUV.uasset" 4177
"C:/Users/malco/Desktop/Cloned Reditus/ReditusV.4.27/Content/TurnBasedJRPGTemplate/Textures/T_Smoke_SubUV.uasset" 4178
"C:/Users/malco/Desktop/Cloned Reditus/ReditusV.4.27/Content/TurnBasedJRPGTemplate/Textures/T_Smoke_Tiled_D.uasset" 4179
"C:/Users/malco/Desktop/Cloned Reditus/ReditusV.4.27/Content/TurnBasedJRPGTemplate/Blueprints/Items/Equipment/UpgradeWeapons/Bp_ScrapRifle+.uasset" 4180
"C:/Users/malco/Desktop/Cloned Reditus/ReditusV.4.27/Content/TurnBasedJRPGTemplate/Blueprints/Items/MiscItems/Bp_BeastTail.uasset" 4181
"C:/Users/malco/Desktop/Cloned Reditus/ReditusV.4.27/Content/MapSpriteAssets/UI_ICONS/CraftingItems/TailSpriteIcon.uasset" 4182
"C:/Users/malco/Desktop/Cloned Reditus/ReditusV.4.27/Content/TurnBasedJRPGTemplate/Blueprints/Skills/HeroSkills/Augustus/BP_FocusShot.uasset" 4183
"C:/Users/malco/Desktop/Cloned Reditus/ReditusV.4.27/Content/TurnBasedJRPGTemplate/Blueprints/Items/Equipment/Weapons/BP_WidowMaker.uasset" 4184
"C:/Users/malco/Desktop/Cloned Reditus/ReditusV.4.27/Content/TurnBasedJRPGTemplate/Blueprints/Items/Equipment/EquipmentMesh/WeaponMeshes/Bp_WidowMakerMesh.uasset" 4185
"C:/Users/malco/Desktop/Cloned Reditus/ReditusV.4.27/Content/TurnBasedJRPGTemplate/Blueprints/Projectiles/PlayerGunProjectiles/BP_WidowMakerProjectile.uasset" 4186
"C:/Users/malco/Desktop/Cloned Reditus/ReditusV.4.27/Content/Particles/RPGEffects/Particles/P_Mage_MagicMissile.uasset" 4187
"C:/Users/malco/Desktop/Cloned Reditus/ReditusV.4.27/Content/Particles/RPGEffects/Materials/M_StarAnim.uasset" 4188
"C:/Users/malco/Desktop/Cloned Reditus/ReditusV.4.27/Content/Particles/RPGEffects/Textures/T_StarAnim.uasset" 4189
"C:/Users/malco/Desktop/Cloned Reditus/ReditusV.4.27/Content/Particles/RPGEffects/Particles/P_Mage_MagicSphere.uasset" 4190
"C:/Users/malco/Desktop/Cloned Reditus/ReditusV.4.27/Content/Particles/RPGEffects/Materials/M_Energy_Sphere.uasset" 4191
"C:/Users/malco/Desktop/Cloned Reditus/ReditusV.4.27/Content/Particles/RPGEffects/Textures/T_EnergyLines.uasset" 4192
"C:/Users/malco/Desktop/Cloned Reditus/ReditusV.4.27/Content/Particles/RPGEffects/Textures/T_FrameClamp.uasset" 4193
"C:/Users/malco/Desktop/Cloned Reditus/ReditusV.4.27/Content/Particles/RPGEffects/Textures/T_Noises.uasset" 4194
"C:/Users/malco/Desktop/Cloned Reditus/ReditusV.4.27/Content/Particles/RPGEffects/Meshes/SM_Sphere.uasset" 4195
"C:/Users/malco/Desktop/Cloned Reditus/ReditusV.4.27/Content/Sounds/Se/Laser1.uasset" 4196
"C:/Users/malco/Desktop/Cloned Reditus/ReditusV.4.27/Content/TurnBasedJRPGTemplate/Blueprints/Items/Equipment/UpgradeWeapons/BP_WidowMaker+.uasset" 4197
"C:/Users/malco/Desktop/Cloned Reditus/ReditusV.4.27/Content/TurnBasedJRPGTemplate/Blueprints/Skills/HeroSkills/Augustus/BP_EMPMaximize.uasset" 4198
"C:/Users/malco/Desktop/Cloned Reditus/ReditusV.4.27/Content/TurnBasedJRPGTemplate/Blueprints/Skills/Overdrives/BP_AugustusBlindRayOverdrive.uasset" 4199
"C:/Users/malco/Desktop/Cloned Reditus/ReditusV.4.27/Content/TurnBasedJRPGTemplate/Blueprints/Projectiles/PlayerGunProjectiles/BP_AugustusBlindRayProjectile.uasset" 4200
"C:/Users/malco/Desktop/Cloned Reditus/ReditusV.4.27/Content/Particles/sA_Megapack_v1/sA_Rayvfx/Fx/NiagaraSystems/NS_Energy_3.uasset" 4201
"C:/Users/malco/Desktop/Cloned Reditus/ReditusV.4.27/Content/Particles/sA_Megapack_v1/sA_Rayvfx/Materials/M_Master_RadialBeam.uasset" 4202
"../../Plugins/FX/Niagara/Content/DefaultAssets/DefaultSpriteMaterial.uasset" 4203
"C:/Users/malco/Desktop/Cloned Reditus/ReditusV.4.27/Content/Particles/sA_Megapack_v1/sA_Rayvfx/Materials/MI_Aura_4.uasset" 4204
"C:/Users/malco/Desktop/Cloned Reditus/ReditusV.4.27/Content/Particles/sA_Megapack_v1/sA_Rayvfx/Materials/M_sA_Aura.uasset" 4205
"C:/Users/malco/Desktop/Cloned Reditus/ReditusV.4.27/Content/Particles/sA_Megapack_v1/sA_Rayvfx/Materials/Textures/T_Noise03.uasset" 4206
"C:/Users/malco/Desktop/Cloned Reditus/ReditusV.4.27/Content/Particles/sA_Megapack_v1/sA_Rayvfx/Materials/Textures/T_Noise10.uasset" 4207
"C:/Users/malco/Desktop/Cloned Reditus/ReditusV.4.27/Content/Particles/sA_Megapack_v1/sA_Rayvfx/Materials/Textures/T_Noise08.uasset" 4208
"C:/Users/malco/Desktop/Cloned Reditus/ReditusV.4.27/Content/Particles/sA_Megapack_v1/sA_Rayvfx/Materials/MI_Fresnel_Space.uasset" 4209
"C:/Users/malco/Desktop/Cloned Reditus/ReditusV.4.27/Content/Particles/sA_Megapack_v1/sA_Rayvfx/Materials/M_Master_Fresnel.uasset" 4210
"C:/Users/malco/Desktop/Cloned Reditus/ReditusV.4.27/Content/Particles/sA_Megapack_v1/sA_Rayvfx/Materials/Textures/T_Space_1.uasset" 4211
"C:/Users/malco/Desktop/Cloned Reditus/ReditusV.4.27/Content/Particles/sA_Megapack_v1/sA_Rayvfx/Materials/MI_SolidPanner_2.uasset" 4212
"C:/Users/malco/Desktop/Cloned Reditus/ReditusV.4.27/Content/Particles/sA_Megapack_v1/sA_Rayvfx/Materials/M_Master_Solid_Panner.uasset" 4213
"C:/Users/malco/Desktop/Cloned Reditus/ReditusV.4.27/Content/Particles/sA_Megapack_v1/sA_Rayvfx/Materials/Textures/T_Noise09.uasset" 4214
"C:/Users/malco/Desktop/Cloned Reditus/ReditusV.4.27/Content/Particles/sA_Megapack_v1/sA_Rayvfx/Fx/NiagaraEmitters/NE_Flash_0.uasset" 4215
"C:/Users/malco/Desktop/Cloned Reditus/ReditusV.4.27/Content/Particles/sA_Megapack_v1/sA_Rayvfx/Fx/NiagaraEmitters/NE_sphere.uasset" 4216
"C:/Users/malco/Desktop/Cloned Reditus/ReditusV.4.27/Content/Particles/sA_Megapack_v1/sA_Rayvfx/Models/SM_UV_Sphere.uasset" 4217
"C:/Users/malco/Desktop/Cloned Reditus/ReditusV.4.27/Content/Particles/InfinityBladeEffects/Effects/FX_Combat_Base/WeaponCombo/P_Combo_Finish_Fire_01.uasset" 4218
"C:/Users/malco/Desktop/Cloned Reditus/ReditusV.4.27/Content/Particles/InfinityBladeEffects/Effects/FX_Materials/Gradient/M_SlashArc_01_INST.uasset" 4219
"C:/Users/malco/Desktop/Cloned Reditus/ReditusV.4.27/Content/Particles/InfinityBladeEffects/Effects/Masters/M_Add_Sprite_Master.uasset" 4220
"C:/Users/malco/Desktop/Cloned Reditus/ReditusV.4.27/Content/Particles/InfinityBladeEffects/Effects/FX_Textures/Gradient/T_SlashArc.uasset" 4221
"C:/Users/malco/Desktop/Cloned Reditus/ReditusV.4.27/Content/Particles/InfinityBladeEffects/Effects/FX_Meshes/Skills/SM_SlashArc.uasset" 4222
"C:/Users/malco/Desktop/Cloned Reditus/ReditusV.4.27/Content/Sounds/Se/Sword5.uasset" 4223
"C:/Users/malco/Desktop/Cloned Reditus/ReditusV.4.27/Content/Sounds/Se/Wind4.uasset" 4224
"C:/Users/malco/Desktop/Cloned Reditus/ReditusV.4.27/Content/TurnBasedJRPGTemplate/Blueprints/Skills/Buffs/BP_Blind.uasset" 4225
"C:/Users/malco/Desktop/Cloned Reditus/ReditusV.4.27/Content/MapSpriteAssets/UI_ICONS/ElementalIcons/T_ElementalIcons_Sprite_Dark.uasset" 4226
"C:/Users/malco/Desktop/Cloned Reditus/ReditusV.4.27/Content/MapSpriteAssets/UI_ICONS/WeaponIcons/AugustusRifleSpriteIcon.uasset" 4227
"C:/Users/malco/Desktop/Cloned Reditus/ReditusV.4.27/Content/TurnBasedJRPGTemplate/Blueprints/Items/MiscItems/BP_MetalSheet.uasset" 4228
"C:/Users/malco/Desktop/Cloned Reditus/ReditusV.4.27/Content/TurnBasedJRPGTemplate/Blueprints/MiniGames/FocusShotminigame/BP_FocusShotMiniGame.uasset" 4229
"C:/Users/malco/Desktop/Cloned Reditus/ReditusV.4.27/Content/TurnBasedJRPGTemplate/Blueprints/MiniGames/FocusShotminigame/BP_FocusShotRectile.uasset" 4230
"C:/Users/malco/Desktop/Cloned Reditus/ReditusV.4.27/Content/TurnBasedJRPGTemplate/Blueprints/MiniGames/FocusShotminigame/T_FocusTargetIcon.uasset" 4231
"C:/Users/malco/Desktop/Cloned Reditus/ReditusV.4.27/Content/TurnBasedJRPGTemplate/Blueprints/Battle/BP_CameraMiniGame.uasset" 4232
"C:/Users/malco/Desktop/Cloned Reditus/ReditusV.4.27/Content/TurnBasedJRPGTemplate/Blueprints/Items/UsableItems/BP_AdvancedMedkit.uasset" 4233
"C:/Users/malco/Desktop/Cloned Reditus/ReditusV.4.27/Content/MapSpriteAssets/UI_ICONS/UsableItems/HealthPotionSprite.uasset" 4234
"C:/Users/malco/Desktop/Cloned Reditus/ReditusV.4.27/Content/TurnBasedJRPGTemplate/Blueprints/Items/UsableItems/BP_Antidote.uasset" 4235
"C:/Users/malco/Desktop/Cloned Reditus/ReditusV.4.27/Content/TurnBasedJRPGTemplate/Blueprints/Projectiles/ParticleEffects/Healing/BP_AntidoteEffect.uasset" 4236
"C:/Users/malco/Desktop/Cloned Reditus/ReditusV.4.27/Content/Particles/AdvancedMagicFX13/Particles/P_ky_Antidote.uasset" 4237
"C:/Users/malco/Desktop/Cloned Reditus/ReditusV.4.27/Content/MapSpriteAssets/UI_ICONS/UsableItems/AntidoteIconSprite.uasset" 4238
"C:/Users/malco/Desktop/Cloned Reditus/ReditusV.4.27/Content/TurnBasedJRPGTemplate/Blueprints/Items/UsableItems/BP_EchoScreen.uasset" 4239
"C:/Users/malco/Desktop/Cloned Reditus/ReditusV.4.27/Content/TurnBasedJRPGTemplate/Blueprints/Items/UsableItems/BP_Ether.uasset" 4240
"C:/Users/malco/Desktop/Cloned Reditus/ReditusV.4.27/Content/TurnBasedJRPGTemplate/Blueprints/Projectiles/ParticleEffects/Healing/BP_MagicRestoreEffect.uasset" 4241
"C:/Users/malco/Desktop/Cloned Reditus/ReditusV.4.27/Content/MapSpriteAssets/UI_ICONS/UsableItems/SkillMPPotion.uasset" 4242
"C:/Users/malco/Desktop/Cloned Reditus/ReditusV.4.27/Content/TurnBasedJRPGTemplate/Blueprints/Items/UsableItems/BP_FecalMatter.uasset" 4243
"C:/Users/malco/Desktop/Cloned Reditus/ReditusV.4.27/Content/TurnBasedJRPGTemplate/Blueprints/UI/MainMenu/BP_PauseMenu.uasset" 4244
"C:/Users/malco/Desktop/Cloned Reditus/ReditusV.4.27/Content/TurnBasedJRPGTemplate/Blueprints/UI/BP_FormationsUI.uasset" 4245
"C:/Users/malco/Desktop/Cloned Reditus/ReditusV.4.27/Content/TurnBasedJRPGTemplate/Blueprints/UI/Dialogues/BP_DialogueButton.uasset" 4246
"C:/Users/malco/Desktop/Cloned Reditus/ReditusV.4.27/Content/Sounds/JrpgBlueprintSounds/CUE_Confirm.uasset" 4247
"C:/Users/malco/Desktop/Cloned Reditus/ReditusV.4.27/Content/Sounds/JrpgBlueprintSounds/WAV_Confirm.uasset" 4248
"C:/Users/malco/Desktop/Cloned Reditus/ReditusV.4.27/Content/Sounds/JrpgBlueprintSounds/CUE_MenuNavigation.uasset" 4249
"C:/Users/malco/Desktop/Cloned Reditus/ReditusV.4.27/Content/Sounds/JrpgBlueprintSounds/WAV_MenuNavigation.uasset" 4250
"C:/Users/malco/Desktop/Cloned Reditus/ReditusV.4.27/Content/textures/UIBackgrounds/T_UIBackground.uasset" 4251
"C:/Users/malco/Desktop/Cloned Reditus/ReditusV.4.27/Content/TurnBasedJRPGTemplate/Blueprints/UI/MainMenu/BP_FormationButton.uasset" 4252
"C:/Users/malco/Desktop/Cloned Reditus/ReditusV.4.27/Content/TurnBasedJRPGTemplate/Blueprints/UI/MainMenu/BP_EncyclopediaMenu.uasset" 4253
"C:/Users/malco/Desktop/Cloned Reditus/ReditusV.4.27/Content/TurnBasedJRPGTemplate/Blueprints/UI/MainMenu/BP_MenuButton.uasset" 4254
"C:/Users/malco/Desktop/Cloned Reditus/ReditusV.4.27/Content/MapSpriteAssets/UI_ICONS/MapIcons/FastTravelIcon.uasset" 4255
"C:/Users/malco/Desktop/Cloned Reditus/ReditusV.4.27/Content/NeedToRemove/UnnecessaryContent/Particles/FX_Textures/Glyph/T_HealHeart_02.uasset" 4256
"C:/Users/malco/Desktop/Cloned Reditus/ReditusV.4.27/Content/Particles/InfinityBladeEffects/Effects/FX_Textures/Texture/T_Shield_grad.uasset" 4257
"C:/Users/malco/Desktop/Cloned Reditus/ReditusV.4.27/Content/Particles/sA_Megapack_v1/sA_Projectilevfx/Vfx/Materials/Textures/T_Skull_Projectile.uasset" 4258
"C:/Users/malco/Desktop/Cloned Reditus/ReditusV.4.27/Content/textures/UIBackgrounds/CaeserTut2_Text.uasset" 4259
"C:/Users/malco/Desktop/Cloned Reditus/ReditusV.4.27/Content/textures/UIBackgrounds/T_AggroTut.uasset" 4260
"C:/Users/malco/Desktop/Cloned Reditus/ReditusV.4.27/Content/textures/UIBackgrounds/T_AirloftHack.uasset" 4261
"C:/Users/malco/Desktop/Cloned Reditus/ReditusV.4.27/Content/textures/UIBackgrounds/T_AirloftTut.uasset" 4262
"C:/Users/malco/Desktop/Cloned Reditus/ReditusV.4.27/Content/textures/UIBackgrounds/T_AmpTut.uasset" 4263
"C:/Users/malco/Desktop/Cloned Reditus/ReditusV.4.27/Content/textures/UIBackgrounds/T_Crafting.uasset" 4264
"C:/Users/malco/Desktop/Cloned Reditus/ReditusV.4.27/Content/textures/UIBackgrounds/T_Icons.uasset" 4265
"C:/Users/malco/Desktop/Cloned Reditus/ReditusV.4.27/Content/textures/UIBackgrounds/T_Save_FastTravel.uasset" 4266
"C:/Users/malco/Desktop/Cloned Reditus/ReditusV.4.27/Content/textures/UIBackgrounds/T_StaggerTut.uasset" 4267
"C:/Users/malco/Desktop/Cloned Reditus/ReditusV.4.27/Content/TurnBasedJRPGTemplate/Blueprints/UI/MainMenu/BP_ItemDetails.uasset" 4268
"C:/Users/malco/Desktop/Cloned Reditus/ReditusV.4.27/Content/TurnBasedJRPGTemplate/Blueprints/UI/MainMenu/BP_EquipmentDetails.uasset" 4269
"C:/Users/malco/Desktop/Cloned Reditus/ReditusV.4.27/Content/TurnBasedJRPGTemplate/Blueprints/UI/MainMenu/BP_SkillDetails.uasset" 4270
"C:/Users/malco/Desktop/Cloned Reditus/ReditusV.4.27/Content/TurnBasedJRPGTemplate/Blueprints/UI/MainMenu/BP_UnitButtonList.uasset" 4271
"C:/Users/malco/Desktop/Cloned Reditus/ReditusV.4.27/Content/TurnBasedJRPGTemplate/Blueprints/UI/ImagesForMainMenu/Text_Dialogue_Box.uasset" 4272
"C:/Users/malco/Desktop/Cloned Reditus/ReditusV.4.27/Content/TurnBasedJRPGTemplate/Blueprints/UI/Dialogues/BP_ArrowButton.uasset" 4273
"C:/Users/malco/Desktop/Cloned Reditus/ReditusV.4.27/Content/TurnBasedJRPGTemplate/Textures/T_MagicalDamageBackground.uasset" 4274
"C:/Users/malco/Desktop/Cloned Reditus/ReditusV.4.27/Content/TurnBasedJRPGTemplate/Textures/T_PhysicalDamageBackground.uasset" 4275
"C:/Users/malco/Desktop/Cloned Reditus/ReditusV.4.27/Content/TurnBasedJRPGTemplate/Textures/T_PureDamageBackground.uasset" 4276
"C:/Users/malco/Desktop/Cloned Reditus/ReditusV.4.27/Content/TurnBasedJRPGTemplate/Blueprints/UI/BP_UnitClass.uasset" 4277
"C:/Users/malco/Desktop/Cloned Reditus/ReditusV.4.27/Content/TurnBasedJRPGTemplate/Textures/T_SquareButton.uasset" 4278
"C:/Users/malco/Desktop/Cloned Reditus/ReditusV.4.27/Content/TurnBasedJRPGTemplate/Blueprints/Enums/E_ItemFilter.uasset" 4279
"C:/Users/malco/Desktop/Cloned Reditus/ReditusV.4.27/Content/TurnBasedJRPGTemplate/Textures/T_Characters.uasset" 4280
"C:/Users/malco/Desktop/Cloned Reditus/ReditusV.4.27/Content/TurnBasedJRPGTemplate/Textures/T_Equipment.uasset" 4281
"C:/Users/malco/Desktop/Cloned Reditus/ReditusV.4.27/Content/TurnBasedJRPGTemplate/Textures/T_Party.uasset" 4282
"C:/Users/malco/Desktop/Cloned Reditus/ReditusV.4.27/Content/TurnBasedJRPGTemplate/Textures/T_Skills.uasset" 4283
"C:/Users/malco/Desktop/Cloned Reditus/ReditusV.4.27/Content/TurnBasedJRPGTemplate/Blueprints/UI/MainMenu/BP_FastTravelUI.uasset" 4284
"C:/Users/malco/Desktop/Cloned Reditus/ReditusV.4.27/Content/OverworldBlueprints/Enums/Enum_Levellist.uasset" 4285
"C:/Users/malco/Desktop/Cloned Reditus/ReditusV.4.27/Content/TurnBasedJRPGTemplate/Blueprints/UI/MainMenu/BP_AreaFastTravelButton2.uasset" 4286
"C:/Users/malco/Desktop/Cloned Reditus/ReditusV.4.27/Content/TurnBasedJRPGTemplate/Blueprints/UI/MainMenu/BP_FastTravelButton.uasset" 4287
"C:/Users/malco/Desktop/Cloned Reditus/ReditusV.4.27/Content/TurnBasedJRPGTemplate/Blueprints/UI/MainMenu/BP_PartyUI.uasset" 4288
"C:/Users/malco/Desktop/Cloned Reditus/ReditusV.4.27/Content/TurnBasedJRPGTemplate/Blueprints/UI/MainMenu/BP_UnitPartyDetails.uasset" 4289
"C:/Users/malco/Desktop/Cloned Reditus/ReditusV.4.27/Content/TurnBasedJRPGTemplate/Textures/T_ATB.uasset" 4290
"C:/Users/malco/Desktop/Cloned Reditus/ReditusV.4.27/Content/TurnBasedJRPGTemplate/Blueprints/UI/MainMenu/BP_QuestDetails.uasset" 4291
"C:/Users/malco/Desktop/Cloned Reditus/ReditusV.4.27/Content/TurnBasedJRPGTemplate/Blueprints/UI/Dialogues/BP_QuestButton.uasset" 4292
"C:/Users/malco/Desktop/Cloned Reditus/ReditusV.4.27/Content/TurnBasedJRPGTemplate/Textures/T_Quest.uasset" 4293
"C:/Users/malco/Desktop/Cloned Reditus/ReditusV.4.27/Content/TurnBasedJRPGTemplate/Blueprints/UI/MainMenu/BP_SaveUI.uasset" 4294
"C:/Users/malco/Desktop/Cloned Reditus/ReditusV.4.27/Content/TurnBasedJRPGTemplate/Blueprints/UI/MainMenu/BP_SaveButton.uasset" 4295
"C:/Users/malco/Desktop/Cloned Reditus/ReditusV.4.27/Content/TurnBasedJRPGTemplate/Blueprints/UI/MainMenu/BP_SavePartyList.uasset" 4296
"C:/Users/malco/Desktop/Cloned Reditus/ReditusV.4.27/Content/TurnBasedJRPGTemplate/Blueprints/UI/MainMenu/BP_SaveParty.uasset" 4297
"C:/Users/malco/Desktop/Cloned Reditus/ReditusV.4.27/Content/TurnBasedJRPGTemplate/Textures/T_Mage.uasset" 4298
"C:/Users/malco/Desktop/Cloned Reditus/ReditusV.4.27/Content/TurnBasedJRPGTemplate/Blueprints/UI/MainMenu/BP_UnitDetailsSummary.uasset" 4299
"C:/Users/malco/Desktop/Cloned Reditus/ReditusV.4.27/Content/TurnBasedJRPGTemplate/Blueprints/UI/BP_ExpBar.uasset" 4300
"C:/Users/malco/Desktop/Cloned Reditus/ReditusV.4.27/Content/TurnBasedJRPGTemplate/Blueprints/UI/MainMenu/BP_UnitDetails.uasset" 4301
"C:/Users/malco/Desktop/Cloned Reditus/ReditusV.4.27/Content/TurnBasedJRPGTemplate/Blueprints/UI/Dialogues/BP_YesNoDialogue.uasset" 4302
"C:/Users/malco/Desktop/Cloned Reditus/ReditusV.4.27/Content/TurnBasedJRPGTemplate/Textures/T_EquipmentBackground.uasset" 4303
"C:/Users/malco/Desktop/Cloned Reditus/ReditusV.4.27/Content/TurnBasedJRPGTemplate/Textures/T_EquipmentSlot.uasset" 4304
"C:/Users/malco/Desktop/Cloned Reditus/ReditusV.4.27/Content/TurnBasedJRPGTemplate/Blueprints/UI/MainMenu/BP_UnitDetailsSummaryList.uasset" 4305
"C:/Users/malco/Desktop/Cloned Reditus/ReditusV.4.27/Content/TurnBasedJRPGTemplate/Blueprints/UI/MainMenu/BP_WearEquipmentUI.uasset" 4306
"C:/Users/malco/Desktop/Cloned Reditus/ReditusV.4.27/Content/TurnBasedJRPGTemplate/Blueprints/UI/Dialogues/BP_EquipmentButton.uasset" 4307
"C:/Users/malco/Desktop/Cloned Reditus/ReditusV.4.27/Content/textures/ButtonIcons/Xbox/XboxOne_X.uasset" 4308
"C:/Users/malco/Desktop/Cloned Reditus/ReditusV.4.27/Content/TurnBasedJRPGTemplate/Blueprints/UI/MainMenu/BP_EquipmentComparisonUI.uasset" 4309
"C:/Users/malco/Desktop/Cloned Reditus/ReditusV.4.27/Content/TurnBasedJRPGTemplate/Blueprints/UI/Dialogues/BP_EquipmentStatComparison.uasset" 4310
"C:/Users/malco/Desktop/Cloned Reditus/ReditusV.4.27/Content/TurnBasedJRPGTemplate/Textures/T_TriangleButton.uasset" 4311
"C:/Users/malco/Desktop/Cloned Reditus/ReditusV.4.27/Content/TurnBasedJRPGTemplate/Blueprints/UI/OptionsUI/BP_OptionsMenu.uasset" 4312
"C:/Users/malco/Desktop/Cloned Reditus/ReditusV.4.27/Content/TurnBasedJRPGTemplate/Blueprints/UI/OptionsUI/BP_SoundOptions.uasset" 4313
"C:/Users/malco/Desktop/Cloned Reditus/ReditusV.4.27/Content/TurnBasedJRPGTemplate/Blueprints/UI/OptionsUI/BP_SliderButton.uasset" 4314
"C:/Users/malco/Desktop/Cloned Reditus/ReditusV.4.27/Content/TurnBasedJRPGTemplate/Blueprints/UI/OptionsUI/SoundButtonType.uasset" 4315
"C:/Users/malco/Desktop/Cloned Reditus/ReditusV.4.27/Content/TurnBasedJRPGTemplate/Blueprints/UI/OptionsUI/BP_VideoOptions.uasset" 4316
"C:/Users/malco/Desktop/Cloned Reditus/ReditusV.4.27/Content/TurnBasedJRPGTemplate/Blueprints/UI/MainMenu/BP_OptionButton.uasset" 4317
"C:/Users/malco/Desktop/Cloned Reditus/ReditusV.4.27/Content/TurnBasedJRPGTemplate/Blueprints/UI/OptionsUI/BP_ControllerWidget.uasset" 4318
"C:/Users/malco/Desktop/Cloned Reditus/ReditusV.4.27/Content/textures/UIBackgrounds/T_Remote.uasset" 4319
"C:/Users/malco/Desktop/Cloned Reditus/ReditusV.4.27/Content/TurnBasedJRPGTemplate/Blueprints/UI/OptionsUI/BP_KeyboardWidget.uasset" 4320
"C:/Users/malco/Desktop/Cloned Reditus/ReditusV.4.27/Content/textures/UIBackgrounds/T_KeyboardControlGraphic.uasset" 4321
"C:/Users/malco/Desktop/Cloned Reditus/ReditusV.4.27/Content/MapSpriteAssets/UI_ICONS/Money_Sprite.uasset" 4322
"C:/Users/malco/Desktop/Cloned Reditus/ReditusV.4.27/Content/TurnBasedJRPGTemplate/Blueprints/UI/Dialogues/BP_DesktopQuitOptions.uasset" 4323
"C:/Users/malco/Desktop/Cloned Reditus/ReditusV.4.27/Content/TurnBasedJRPGTemplate/Textures/T_Back.uasset" 4324
"C:/Users/malco/Desktop/Cloned Reditus/ReditusV.4.27/Content/TurnBasedJRPGTemplate/Textures/T_Items.uasset" 4325
"C:/Users/malco/Desktop/Cloned Reditus/ReditusV.4.27/Content/TurnBasedJRPGTemplate/Textures/T_Load.uasset" 4326
"C:/Users/malco/Desktop/Cloned Reditus/ReditusV.4.27/Content/TurnBasedJRPGTemplate/Textures/T_Quit.uasset" 4327
"C:/Users/malco/Desktop/Cloned Reditus/ReditusV.4.27/Content/TurnBasedJRPGTemplate/Blueprints/Items/UsableItems/BP_Maal.uasset" 4328
"C:/Users/malco/Desktop/Cloned Reditus/ReditusV.4.27/Content/TurnBasedJRPGTemplate/Blueprints/Items/UsableItems/BP_Medkit.uasset" 4329
"C:/Users/malco/Desktop/Cloned Reditus/ReditusV.4.27/Content/TurnBasedJRPGTemplate/Blueprints/Projectiles/ParticleEffects/Healing/BP_ReviveEffect1.uasset" 4330
"C:/Users/malco/Desktop/Cloned Reditus/ReditusV.4.27/Content/Particles/AdvancedMagicFX13/Particles/P_ky_heal2.uasset" 4331
"C:/Users/malco/Desktop/Cloned Reditus/ReditusV.4.27/Content/Particles/AdvancedMagicFX13/Materials/M_ky_auraWall02.uasset" 4332
"C:/Users/malco/Desktop/Cloned Reditus/ReditusV.4.27/Content/Particles/AdvancedMagicFX13/Materials/MI_ky_flare14B.uasset" 4333
"C:/Users/malco/Desktop/Cloned Reditus/ReditusV.4.27/Content/Particles/AdvancedMagicFX13/Materials/MI_ky_primitiveColorB.uasset" 4334
"C:/Users/malco/Desktop/Cloned Reditus/ReditusV.4.27/Content/Particles/AdvancedMagicFX13/Materials/M_ky_primitiveColor.uasset" 4335
"C:/Users/malco/Desktop/Cloned Reditus/ReditusV.4.27/Content/Particles/AdvancedMagicFX13/Meshes/SM_ky_cylinderBend06.uasset" 4336
"C:/Users/malco/Desktop/Cloned Reditus/ReditusV.4.27/Content/Particles/AdvancedMagicFX13/Meshes/SM_ky_windLine30.uasset" 4337
"C:/Users/malco/Desktop/Cloned Reditus/ReditusV.4.27/Content/MapSpriteAssets/UI_ICONS/UsableItems/RevivePotionIcon.uasset" 4338
"C:/Users/malco/Desktop/Cloned Reditus/ReditusV.4.27/Content/Sounds/Se/Heal3.uasset" 4339
"C:/Users/malco/Desktop/Cloned Reditus/ReditusV.4.27/Content/TurnBasedJRPGTemplate/Blueprints/MiniGames/HackMiniGame/Shot_Friendly.uasset" 4340
"C:/Users/malco/Desktop/Cloned Reditus/ReditusV.4.27/Content/TurnBasedJRPGTemplate/Blueprints/MiniGames/HackMiniGame/Em_Blue.uasset" 4341
"C:/Users/malco/Desktop/Cloned Reditus/ReditusV.4.27/Content/TurnBasedJRPGTemplate/Particles/P_Sparks.uasset" 4342
"C:/Users/malco/Desktop/Cloned Reditus/ReditusV.4.27/Content/TurnBasedJRPGTemplate/Materials/M_Radial_Gradient.uasset" 4343
"C:/Users/malco/Desktop/Cloned Reditus/ReditusV.4.27/Content/TurnBasedJRPGTemplate/Materials/M_Spark.uasset" 4344
"C:/Users/malco/Desktop/Cloned Reditus/ReditusV.4.27/Content/TurnBasedJRPGTemplate/Textures/T_Spark_Core.uasset" 4345
"C:/Users/malco/Desktop/Cloned Reditus/ReditusV.4.27/Content/TurnBasedJRPGTemplate/Blueprints/MiniGames/HackMiniGame/SideScrollerCharacter.uasset" 4346
"C:/Users/malco/Desktop/Cloned Reditus/ReditusV.4.27/Content/Sounds/Audio/Explosion01.uasset" 4347
"C:/Users/malco/Desktop/Cloned Reditus/ReditusV.4.27/Content/Sounds/Se/Ice2.uasset" 4348
"C:/Users/malco/Desktop/Cloned Reditus/ReditusV.4.27/Content/TurnBasedJRPGTemplate/Blueprints/MiniGames/HackMiniGame/xwing/xWing_rotated_onemesh_UVlayout_4_6.uasset" 4349
"C:/Users/malco/Desktop/Cloned Reditus/ReditusV.4.27/Content/TurnBasedJRPGTemplate/Blueprints/MiniGames/HackMiniGame/xwing/lambert1.uasset" 4350
"C:/Users/malco/Desktop/Cloned Reditus/ReditusV.4.27/Content/TurnBasedJRPGTemplate/Blueprints/MiniGames/HackMiniGame/xwing/polySurface149__AlbedoM__2.uasset" 4351
"C:/Users/malco/Desktop/Cloned Reditus/ReditusV.4.27/Content/TurnBasedJRPGTemplate/Blueprints/MiniGames/HackMiniGame/xwing/polySurface149__Emission_.uasset" 4352
"C:/Users/malco/Desktop/Cloned Reditus/ReditusV.4.27/Content/TurnBasedJRPGTemplate/Blueprints/MiniGames/HackMiniGame/xwing/polySurface149__Metalness_.uasset" 4353
"C:/Users/malco/Desktop/Cloned Reditus/ReditusV.4.27/Content/TurnBasedJRPGTemplate/Blueprints/MiniGames/HackMiniGame/xwing/polySurface149__Normal_.uasset" 4354
"C:/Users/malco/Desktop/Cloned Reditus/ReditusV.4.27/Content/TurnBasedJRPGTemplate/Blueprints/MiniGames/HackMiniGame/xwing/polySurface149__Roughness_.uasset" 4355
"C:/Users/malco/Desktop/Cloned Reditus/ReditusV.4.27/Content/TurnBasedJRPGTemplate/Blueprints/PlayerPawns/BP_JRPGPrologueCharacter.uasset" 4356
"C:/Users/malco/Desktop/Cloned Reditus/ReditusV.4.27/Content/TurnBasedJRPGTemplate/Blueprints/Controllers/BP_ProloguePlayerController.uasset" 4357
"C:/Users/malco/Desktop/Cloned Reditus/ReditusV.4.27/Content/Flipbooks/OverworldPlayerCharacterFlipbooks/Odin/OdinOnHorse/F_OdinRightIdle.uasset" 4358
"C:/Users/malco/Desktop/Cloned Reditus/ReditusV.4.27/Content/Flipbooks/OverworldPlayerCharacterFlipbooks/Odin/OdinOnHorse/T_OdinRightIdle_Sprite_0.uasset" 4359
"C:/Users/malco/Desktop/Cloned Reditus/ReditusV.4.27/Content/Flipbooks/OverworldPlayerCharacterFlipbooks/Odin/OdinOnHorse/T_OdinRightIdle.uasset" 4360
"C:/Users/malco/Desktop/Cloned Reditus/ReditusV.4.27/Content/TurnBasedJRPGTemplate/Animations/2DAnimations/AnimInstances/OdinCharacterAnimBp.uasset" 4361
"C:/Users/malco/Desktop/Cloned Reditus/ReditusV.4.27/Content/TurnBasedJRPGTemplate/Animations/2DAnimations/AnimSequences/OdinSlaughtersVillageSequences/OdinIdleAnim.uasset" 4362
"C:/Users/malco/Desktop/Cloned Reditus/ReditusV.4.27/Content/Flipbooks/OverworldPlayerCharacterFlipbooks/Odin/OdinOnHorse/F_OdinLeftIdle.uasset" 4363
"C:/Users/malco/Desktop/Cloned Reditus/ReditusV.4.27/Content/Flipbooks/OverworldPlayerCharacterFlipbooks/Odin/OdinOnHorse/T_OdinLeftIdle_Sprite_0.uasset" 4364
"C:/Users/malco/Desktop/Cloned Reditus/ReditusV.4.27/Content/Flipbooks/OverworldPlayerCharacterFlipbooks/Odin/OdinOnHorse/T_OdinLeftIdle.uasset" 4365
"C:/Users/malco/Desktop/Cloned Reditus/ReditusV.4.27/Content/Flipbooks/OverworldPlayerCharacterFlipbooks/Odin/OdinOnHorse/F_OdinRidingBackIdle.uasset" 4366
"C:/Users/malco/Desktop/Cloned Reditus/ReditusV.4.27/Content/Flipbooks/OverworldPlayerCharacterFlipbooks/Odin/OdinOnHorse/T_OdinRidingBack_Sprite_0.uasset" 4367
"C:/Users/malco/Desktop/Cloned Reditus/ReditusV.4.27/Content/Flipbooks/OverworldPlayerCharacterFlipbooks/Odin/OdinOnHorse/T_OdinRidingBack.uasset" 4368
"C:/Users/malco/Desktop/Cloned Reditus/ReditusV.4.27/Content/Flipbooks/OverworldPlayerCharacterFlipbooks/Odin/OdinOnHorse/F_OdinRidingFront.uasset" 4369
"C:/Users/malco/Desktop/Cloned Reditus/ReditusV.4.27/Content/Flipbooks/OverworldPlayerCharacterFlipbooks/Odin/OdinOnHorse/T_OdinRidingFront_Sprite_0.uasset" 4370
"C:/Users/malco/Desktop/Cloned Reditus/ReditusV.4.27/Content/Flipbooks/OverworldPlayerCharacterFlipbooks/Odin/OdinOnHorse/T_OdinRidingFront.uasset" 4371
"C:/Users/malco/Desktop/Cloned Reditus/ReditusV.4.27/Content/Flipbooks/OverworldPlayerCharacterFlipbooks/Odin/OdinOnHorse/T_OdinRidingFront_Sprite_1.uasset" 4372
"C:/Users/malco/Desktop/Cloned Reditus/ReditusV.4.27/Content/Flipbooks/OverworldPlayerCharacterFlipbooks/Odin/OdinOnHorse/T_OdinRidingFront_Sprite_2.uasset" 4373
"C:/Users/malco/Desktop/Cloned Reditus/ReditusV.4.27/Content/TurnBasedJRPGTemplate/Animations/2DAnimations/AnimSources/OdinCharacterAnimSource.uasset" 4374
"C:/Users/malco/Desktop/Cloned Reditus/ReditusV.4.27/Content/TurnBasedJRPGTemplate/Animations/2DAnimations/AnimSequences/OdinSlaughtersVillageSequences/OdinSprintingAnim.uasset" 4375
"C:/Users/malco/Desktop/Cloned Reditus/ReditusV.4.27/Content/Flipbooks/OverworldPlayerCharacterFlipbooks/Odin/OdinOnHorse/F_OdinRidingBack.uasset" 4376
"C:/Users/malco/Desktop/Cloned Reditus/ReditusV.4.27/Content/Flipbooks/OverworldPlayerCharacterFlipbooks/Odin/OdinOnHorse/T_OdinRidingBack_Sprite_1.uasset" 4377
"C:/Users/malco/Desktop/Cloned Reditus/ReditusV.4.27/Content/Flipbooks/OverworldPlayerCharacterFlipbooks/Odin/OdinOnHorse/T_OdinRidingBack_Sprite_2.uasset" 4378
"C:/Users/malco/Desktop/Cloned Reditus/ReditusV.4.27/Content/Flipbooks/OverworldPlayerCharacterFlipbooks/Odin/OdinOnHorse/F_OdinRightSprinting.uasset" 4379
"C:/Users/malco/Desktop/Cloned Reditus/ReditusV.4.27/Content/Flipbooks/OverworldPlayerCharacterFlipbooks/Odin/OdinOnHorse/T_OdinRightSprinting_Sprite_0.uasset" 4380
"C:/Users/malco/Desktop/Cloned Reditus/ReditusV.4.27/Content/Flipbooks/OverworldPlayerCharacterFlipbooks/Odin/OdinOnHorse/T_OdinRightSprinting.uasset" 4381
"C:/Users/malco/Desktop/Cloned Reditus/ReditusV.4.27/Content/Flipbooks/OverworldPlayerCharacterFlipbooks/Odin/OdinOnHorse/T_OdinRightSprinting_Sprite_1.uasset" 4382
"C:/Users/malco/Desktop/Cloned Reditus/ReditusV.4.27/Content/Flipbooks/OverworldPlayerCharacterFlipbooks/Odin/OdinOnHorse/T_OdinRightSprinting_Sprite_2.uasset" 4383
"C:/Users/malco/Desktop/Cloned Reditus/ReditusV.4.27/Content/Flipbooks/OverworldPlayerCharacterFlipbooks/Odin/OdinOnHorse/T_OdinRightSprinting_Sprite_3.uasset" 4384
"C:/Users/malco/Desktop/Cloned Reditus/ReditusV.4.27/Content/Flipbooks/OverworldPlayerCharacterFlipbooks/Odin/OdinOnHorse/T_OdinRightSprinting_Sprite_4.uasset" 4385
"C:/Users/malco/Desktop/Cloned Reditus/ReditusV.4.27/Content/Flipbooks/OverworldPlayerCharacterFlipbooks/Odin/OdinOnHorse/T_OdinRightSprinting_Sprite_5.uasset" 4386
"C:/Users/malco/Desktop/Cloned Reditus/ReditusV.4.27/Content/Flipbooks/OverworldPlayerCharacterFlipbooks/Odin/OdinOnHorse/F_odins_Sprint_Left.uasset" 4387
"C:/Users/malco/Desktop/Cloned Reditus/ReditusV.4.27/Content/Flipbooks/OverworldPlayerCharacterFlipbooks/Odin/OdinOnHorse/odins_Sprint_Left_Sprite_0.uasset" 4388
"C:/Users/malco/Desktop/Cloned Reditus/ReditusV.4.27/Content/Flipbooks/OverworldPlayerCharacterFlipbooks/Odin/OdinOnHorse/odins_Sprint_Left.uasset" 4389
"C:/Users/malco/Desktop/Cloned Reditus/ReditusV.4.27/Content/Flipbooks/OverworldPlayerCharacterFlipbooks/Odin/OdinOnHorse/odins_Sprint_Left_Sprite_1.uasset" 4390
"C:/Users/malco/Desktop/Cloned Reditus/ReditusV.4.27/Content/Flipbooks/OverworldPlayerCharacterFlipbooks/Odin/OdinOnHorse/odins_Sprint_Left_Sprite_2.uasset" 4391
"C:/Users/malco/Desktop/Cloned Reditus/ReditusV.4.27/Content/Flipbooks/OverworldPlayerCharacterFlipbooks/Odin/OdinOnHorse/odins_Sprint_Left_Sprite_3.uasset" 4392
"C:/Users/malco/Desktop/Cloned Reditus/ReditusV.4.27/Content/Flipbooks/OverworldPlayerCharacterFlipbooks/Odin/OdinOnHorse/odins_Sprint_Left_Sprite_4.uasset" 4393
"C:/Users/malco/Desktop/Cloned Reditus/ReditusV.4.27/Content/Flipbooks/OverworldPlayerCharacterFlipbooks/Odin/OdinOnHorse/odins_Sprint_Left_Sprite_5.uasset" 4394
"C:/Users/malco/Desktop/Cloned Reditus/ReditusV.4.27/Content/Sounds/CutSceneAudio/Horse_galloping_on_concrete_character.uasset" 4395
"C:/Users/malco/Desktop/Cloned Reditus/ReditusV.4.27/Content/TurnBasedJRPGTemplate/Blueprints/Quests/MainQuests/AugustusGoesHomeQuestBp.uasset" 4396
"C:/Users/malco/Desktop/Cloned Reditus/ReditusV.4.27/Content/TurnBasedJRPGTemplate/Blueprints/Quests/MainQuests/DealWithBandits.uasset" 4397
"C:/Users/malco/Desktop/Cloned Reditus/ReditusV.4.27/Content/TurnBasedJRPGTemplate/Blueprints/Quests/MainQuests/MeetTheresa.uasset" 4398
"C:/Users/malco/Desktop/Cloned Reditus/ReditusV.4.27/Content/TurnBasedJRPGTemplate/Blueprints/Quests/MainQuests/RediitCamp/BP_QuestMountUp.uasset" 4399
"C:/Users/malco/Desktop/Cloned Reditus/ReditusV.4.27/Content/TurnBasedJRPGTemplate/Blueprints/Quests/MainQuests/WedgeQuests/LetsGetWedge.uasset" 4400
"C:/Users/malco/Desktop/Cloned Reditus/ReditusV.4.27/Content/TurnBasedJRPGTemplate/Blueprints/Quests/MainQuests/WedgeQuests/ReturnWedge.uasset" 4401
"C:/Users/malco/Desktop/Cloned Reditus/ReditusV.4.27/Content/TurnBasedJRPGTemplate/Blueprints/Units/PlayerUnits/BP_OdinPlayerUnit.uasset" 4402
"C:/Users/malco/Desktop/Cloned Reditus/ReditusV.4.27/Content/TurnBasedJRPGTemplate/Blueprints/PlayerPawns/BP_OdinCharacter.uasset" 4403
"C:/Users/malco/Desktop/Cloned Reditus/ReditusV.4.27/Content/OverworldBlueprints/PlayerCharacter/PlayerParty/OdinCharacterAnimBP.uasset" 4404
"C:/Users/malco/Desktop/Cloned Reditus/ReditusV.4.27/Content/Flipbooks/OverworldPlayerCharacterFlipbooks/Odin/OdinOnHorse/F_OdinRidingFrontIdle.uasset" 4405
"C:/Users/malco/Desktop/Cloned Reditus/ReditusV.4.27/Content/TurnBasedJRPGTemplate/Blueprints/Skills/HealingSkills/BP_Heal2.uasset" 4406
"C:/Users/malco/Desktop/Cloned Reditus/ReditusV.4.27/Content/TurnBasedJRPGTemplate/Blueprints/Skills/HeroSkills/Odin/Bp_Fire3.uasset" 4407
"C:/Users/malco/Desktop/Cloned Reditus/ReditusV.4.27/Content/TurnBasedJRPGTemplate/Animations/AM_MeteorStorm.uasset" 4408
"C:/Users/malco/Desktop/Cloned Reditus/ReditusV.4.27/Content/TurnBasedJRPGTemplate/Animations/A_MeteorStorm.uasset" 4409
"C:/Users/malco/Desktop/Cloned Reditus/ReditusV.4.27/Content/TurnBasedJRPGTemplate/Blueprints/Skills/Buffs/BP_Stun.uasset" 4410
"C:/Users/malco/Desktop/Cloned Reditus/ReditusV.4.27/Content/TurnBasedJRPGTemplate/Blueprints/Units/EnemyUnits/BP_BossEnemy.uasset" 4411
"C:/Users/malco/Desktop/Cloned Reditus/ReditusV.4.27/Content/TurnBasedJRPGTemplate/Blueprints/Skills/BP_MeteorStorm.uasset" 4412
"C:/Users/malco/Desktop/Cloned Reditus/ReditusV.4.27/Content/TurnBasedJRPGTemplate/Blueprints/Projectiles/PlayerGunProjectiles/BP_ArrowProjectile.uasset" 4413
"C:/Users/malco/Desktop/Cloned Reditus/ReditusV.4.27/Content/TurnBasedJRPGTemplate/Textures/T_MeteorStorm.uasset" 4414
"C:/Users/malco/Desktop/Cloned Reditus/ReditusV.4.27/Content/TurnBasedJRPGTemplate/Materials/M_RedBody.uasset" 4415
"C:/Users/malco/Desktop/Cloned Reditus/ReditusV.4.27/Content/TurnBasedJRPGTemplate/Textures/T_StrongEnemy.uasset" 4416
"C:/Users/malco/Desktop/Cloned Reditus/ReditusV.4.27/Content/TurnBasedJRPGTemplate/Blueprints/Skills/HeroSkills/Odin/Bp_Ice3.uasset" 4417
"C:/Users/malco/Desktop/Cloned Reditus/ReditusV.4.27/Content/MapSpriteAssets/UI_ICONS/ElementalIcons/T_ElementalIcons_Sprite_Water.uasset" 4418
"C:/Users/malco/Desktop/Cloned Reditus/ReditusV.4.27/Content/TurnBasedJRPGTemplate/Blueprints/Skills/HeroSkills/Odin/Bp_Lit3.uasset" 4419
"C:/Users/malco/Desktop/Cloned Reditus/ReditusV.4.27/Content/TurnBasedJRPGTemplate/Blueprints/Skills/Overdrives/BP_OdinUltimaOverdrive.uasset" 4420
"C:/Users/malco/Desktop/Cloned Reditus/ReditusV.4.27/Content/TurnBasedJRPGTemplate/Blueprints/Battle/BattleTransition/BP_OdinSkillShakes.uasset" 4421
"C:/Users/malco/Desktop/Cloned Reditus/ReditusV.4.27/Content/TurnBasedJRPGTemplate/Blueprints/Projectiles/SkillProjectiles/BP_OdinUltimaOverdriveProjectile.uasset" 4422
"C:/Users/malco/Desktop/Cloned Reditus/ReditusV.4.27/Content/Particles/AdvancedMagicFX13/Particles/P_ky_aquaStorm.uasset" 4423
"C:/Users/malco/Desktop/Cloned Reditus/ReditusV.4.27/Content/Particles/AdvancedMagicFX13/Materials/M_ky_vortex03.uasset" 4424
"C:/Users/malco/Desktop/Cloned Reditus/ReditusV.4.27/Content/Particles/AdvancedMagicFX13/Materials/MI_ky_tornado01_aqua.uasset" 4425
"C:/Users/malco/Desktop/Cloned Reditus/ReditusV.4.27/Content/Particles/AdvancedMagicFX13/Materials/M_ky_tornado01.uasset" 4426
"C:/Users/malco/Desktop/Cloned Reditus/ReditusV.4.27/Content/Particles/AdvancedMagicFX13/Materials/MI_ky_waterDust.uasset" 4427
"C:/Users/malco/Desktop/Cloned Reditus/ReditusV.4.27/Content/Particles/AdvancedMagicFX13/Materials/M_ky_waterDust.uasset" 4428
"C:/Users/malco/Desktop/Cloned Reditus/ReditusV.4.27/Content/Particles/AdvancedMagicFX13/Textures/T_ky_wave_nor.uasset" 4429
"C:/Users/malco/Desktop/Cloned Reditus/ReditusV.4.27/Content/Particles/AdvancedMagicFX13/Meshes/SM_ky_circleDist06.uasset" 4430
"C:/Users/malco/Desktop/Cloned Reditus/ReditusV.4.27/Content/Particles/AdvancedMagicFX13/Meshes/SM_ky_tornado06.uasset" 4431
"C:/Users/malco/Desktop/Cloned Reditus/ReditusV.4.27/Content/Particles/AdvancedMagicFX13/Meshes/SM_ky_tornado06_back.uasset" 4432
"C:/Users/malco/Desktop/Cloned Reditus/ReditusV.4.27/Content/Particles/AdvancedMagicFX13/Particles/P_ky_fireStorm.uasset" 4433
"C:/Users/malco/Desktop/Cloned Reditus/ReditusV.4.27/Content/Particles/AdvancedMagicFX13/Materials/MI_ky_dynDust.uasset" 4434
"C:/Users/malco/Desktop/Cloned Reditus/ReditusV.4.27/Content/Particles/AdvancedMagicFX13/Materials/M_ky_dynDust.uasset" 4435
"C:/Users/malco/Desktop/Cloned Reditus/ReditusV.4.27/Content/Particles/AdvancedMagicFX13/Textures/T_ky_noise3.uasset" 4436
"C:/Users/malco/Desktop/Cloned Reditus/ReditusV.4.27/Content/Particles/AdvancedMagicFX13/Textures/T_ky_smoke2.uasset" 4437
"C:/Users/malco/Desktop/Cloned Reditus/ReditusV.4.27/Content/Particles/AdvancedMagicFX13/Materials/MI_ky_tornado01_fire.uasset" 4438
"C:/Users/malco/Desktop/Cloned Reditus/ReditusV.4.27/Content/Particles/AdvancedMagicFX13/Materials/MI_ky_turbulence_smoke2d_trs.uasset" 4439
"C:/Users/malco/Desktop/Cloned Reditus/ReditusV.4.27/Content/Particles/AdvancedMagicFX13/Materials/M_ky_base_turbulence.uasset" 4440
"C:/Users/malco/Desktop/Cloned Reditus/ReditusV.4.27/Content/Particles/AdvancedMagicFX13/Textures/T_ky_dist_noise.uasset" 4441
"C:/Users/malco/Desktop/Cloned Reditus/ReditusV.4.27/Content/Particles/AdvancedMagicFX13/Textures/T_ky_smoke_kai.uasset" 4442
"C:/Users/malco/Desktop/Cloned Reditus/ReditusV.4.27/Content/Particles/AdvancedMagicFX13/Materials/MI_ky_vortex03_fire.uasset" 4443
"C:/Users/malco/Desktop/Cloned Reditus/ReditusV.4.27/Content/Particles/AdvancedMagicFX13/Particles/P_ky_storm.uasset" 4444
"C:/Users/malco/Desktop/Cloned Reditus/ReditusV.4.27/Content/Particles/AdvancedMagicFX13/Materials/MI_ky_vortex04B_4x4_two.uasset" 4445
"C:/Users/malco/Desktop/Cloned Reditus/ReditusV.4.27/Content/Particles/AdvancedMagicFX13/Materials/M_ky_vortex04_4x4.uasset" 4446
"C:/Users/malco/Desktop/Cloned Reditus/ReditusV.4.27/Content/Particles/AdvancedMagicFX13/Textures/T_ky_vortex04_4x4.uasset" 4447
"C:/Users/malco/Desktop/Cloned Reditus/ReditusV.4.27/Content/Sounds/CutSceneAudio/Flame-Thrower-Sound-Effect.uasset" 4448
"C:/Users/malco/Desktop/Cloned Reditus/ReditusV.4.27/Content/Sounds/Se/WindBlowing1-1.uasset" 4449
"C:/Users/malco/Desktop/Cloned Reditus/ReditusV.4.27/Content/Sounds/JrpgBlueprintSounds/CUE_FireballHit1.uasset" 4450
"C:/Users/malco/Desktop/Cloned Reditus/ReditusV.4.27/Content/Sounds/Se/Water1.uasset" 4451
"C:/Users/malco/Desktop/Cloned Reditus/ReditusV.4.27/Content/Sounds/Se/Wind1.uasset" 4452
"C:/Users/malco/Desktop/Cloned Reditus/ReditusV.4.27/Content/TurnBasedJRPGTemplate/Blueprints/UI/BP_AmpTut.uasset" 4453
"C:/Users/malco/Desktop/Cloned Reditus/ReditusV.4.27/Content/TurnBasedJRPGTemplate/Blueprints/UI/BP_StaminaStaggerTut.uasset" 4454
"C:/Users/malco/Desktop/Cloned Reditus/ReditusV.4.27/Content/Flipbooks/MiscAssets/Faces/T_OdinPortrait.uasset" 4455
"C:/Users/malco/Desktop/Cloned Reditus/ReditusV.4.27/Content/Flipbooks/MiscAssets/Faces/T_OdinThumbnail288x288.uasset" 4456
"C:/Users/malco/Desktop/Cloned Reditus/ReditusV.4.27/Content/Flipbooks/MiscAssets/Faces/T_OdinThumbnail288x288_Sprite_0.uasset" 4457
"C:/Users/malco/Desktop/Cloned Reditus/ReditusV.4.27/Content/TurnBasedJRPGTemplate/Blueprints/Units/PlayerUnits/AnimBP/Odin-AnimBattleBP.uasset" 4458
"C:/Users/malco/Desktop/Cloned Reditus/ReditusV.4.27/Content/Flipbooks/OverworldPlayerCharacterFlipbooks/Odin/OdinOffHorse/F_OdinLeftIdleAttack.uasset" 4459
"C:/Users/malco/Desktop/Cloned Reditus/ReditusV.4.27/Content/Flipbooks/OverworldPlayerCharacterFlipbooks/Odin/OdinOnHorse/T_OdinLeftIdleAttack_Sprite_0.uasset" 4460
"C:/Users/malco/Desktop/Cloned Reditus/ReditusV.4.27/Content/Flipbooks/OverworldPlayerCharacterFlipbooks/Odin/OdinOnHorse/T_OdinLeftIdleAttack.uasset" 4461
"C:/Users/malco/Desktop/Cloned Reditus/ReditusV.4.27/Content/Flipbooks/OverworldPlayerCharacterFlipbooks/Odin/OdinOnHorse/T_OdinLeftIdleAttack_Sprite_1.uasset" 4462
"C:/Users/malco/Desktop/Cloned Reditus/ReditusV.4.27/Content/Flipbooks/OverworldPlayerCharacterFlipbooks/Odin/OdinOnHorse/T_OdinLeftIdleAttack_Sprite_2.uasset" 4463
"C:/Users/malco/Desktop/Cloned Reditus/ReditusV.4.27/Content/Flipbooks/OverworldPlayerCharacterFlipbooks/Odin/OdinOnHorse/T_OdinLeftIdleAttack_Sprite_3.uasset" 4464
"C:/Users/malco/Desktop/Cloned Reditus/ReditusV.4.27/Content/Flipbooks/OverworldPlayerCharacterFlipbooks/Odin/OdinOnHorse/T_OdinLeftIdleAttack_Sprite_4.uasset" 4465
"C:/Users/malco/Desktop/Cloned Reditus/ReditusV.4.27/Content/Flipbooks/OverworldPlayerCharacterFlipbooks/Odin/OdinOnHorse/F_OdinBlock.uasset" 4466
"C:/Users/malco/Desktop/Cloned Reditus/ReditusV.4.27/Content/Flipbooks/OverworldPlayerCharacterFlipbooks/Odin/OdinOnHorse/T_OdinBlock_Sprite_0.uasset" 4467
"C:/Users/malco/Desktop/Cloned Reditus/ReditusV.4.27/Content/Flipbooks/OverworldPlayerCharacterFlipbooks/Odin/OdinOnHorse/T_OdinBlock.uasset" 4468
"C:/Users/malco/Desktop/Cloned Reditus/ReditusV.4.27/Content/Flipbooks/OverworldPlayerCharacterFlipbooks/Odin/OdinOnHorse/T_OdinBlock_Sprite_1.uasset" 4469
"C:/Users/malco/Desktop/Cloned Reditus/ReditusV.4.27/Content/Flipbooks/OverworldPlayerCharacterFlipbooks/Odin/OdinOnHorse/F_OdinDead.uasset" 4470
"C:/Users/malco/Desktop/Cloned Reditus/ReditusV.4.27/Content/Flipbooks/OverworldPlayerCharacterFlipbooks/Odin/OdinOnHorse/T_OdinDying_Sprite_0.uasset" 4471
"C:/Users/malco/Desktop/Cloned Reditus/ReditusV.4.27/Content/Flipbooks/OverworldPlayerCharacterFlipbooks/Odin/OdinOnHorse/T_OdinDying.uasset" 4472
"C:/Users/malco/Desktop/Cloned Reditus/ReditusV.4.27/Content/Flipbooks/OverworldPlayerCharacterFlipbooks/Odin/OdinOnHorse/F_OdinDying.uasset" 4473
"C:/Users/malco/Desktop/Cloned Reditus/ReditusV.4.27/Content/Flipbooks/OverworldPlayerCharacterFlipbooks/Odin/OdinOnHorse/T_OdinDying_Sprite_1.uasset" 4474
"C:/Users/malco/Desktop/Cloned Reditus/ReditusV.4.27/Content/Flipbooks/OverworldPlayerCharacterFlipbooks/Odin/OdinOnHorse/T_OdinDying_Sprite_2.uasset" 4475
"C:/Users/malco/Desktop/Cloned Reditus/ReditusV.4.27/Content/Flipbooks/OverworldPlayerCharacterFlipbooks/Odin/OdinOnHorse/T_OdinDying_Sprite_3.uasset" 4476
"C:/Users/malco/Desktop/Cloned Reditus/ReditusV.4.27/Content/Flipbooks/OverworldPlayerCharacterFlipbooks/Odin/OdinOnHorse/T_OdinDying_Sprite_4.uasset" 4477
"C:/Users/malco/Desktop/Cloned Reditus/ReditusV.4.27/Content/Flipbooks/OverworldPlayerCharacterFlipbooks/Odin/OdinOnHorse/T_OdinDying_Sprite_5.uasset" 4478
"C:/Users/malco/Desktop/Cloned Reditus/ReditusV.4.27/Content/Flipbooks/OverworldPlayerCharacterFlipbooks/Odin/OdinOnHorse/T_OdinDying_Sprite_6.uasset" 4479
"C:/Users/malco/Desktop/Cloned Reditus/ReditusV.4.27/Content/Flipbooks/OverworldPlayerCharacterFlipbooks/Odin/OdinOnHorse/T_OdinDying_Sprite_7.uasset" 4480
"C:/Users/malco/Desktop/Cloned Reditus/ReditusV.4.27/Content/Flipbooks/OverworldPlayerCharacterFlipbooks/Odin/OdinOnHorse/T_OdinDying_Sprite_8.uasset" 4481
"C:/Users/malco/Desktop/Cloned Reditus/ReditusV.4.27/Content/Flipbooks/OverworldPlayerCharacterFlipbooks/Odin/OdinOnHorse/T_OdinDying_Sprite_9.uasset" 4482
"C:/Users/malco/Desktop/Cloned Reditus/ReditusV.4.27/Content/Flipbooks/OverworldPlayerCharacterFlipbooks/Odin/OdinOnHorse/T_OdinOffHorseLeft_Sprite_0.uasset" 4483
"C:/Users/malco/Desktop/Cloned Reditus/ReditusV.4.27/Content/Flipbooks/OverworldPlayerCharacterFlipbooks/Odin/OdinOnHorse/T_OdinOffHorseLeft.uasset" 4484
"C:/Users/malco/Desktop/Cloned Reditus/ReditusV.4.27/Content/Flipbooks/OverworldPlayerCharacterFlipbooks/Odin/OdinOnHorse/T_OdinOffHorseLeft_Sprite_1.uasset" 4485
"C:/Users/malco/Desktop/Cloned Reditus/ReditusV.4.27/Content/Flipbooks/OverworldPlayerCharacterFlipbooks/Odin/OdinOnHorse/T_OdinOffHorseLeft_Sprite_2.uasset" 4486
"C:/Users/malco/Desktop/Cloned Reditus/ReditusV.4.27/Content/Flipbooks/OverworldPlayerCharacterFlipbooks/Odin/OdinOnHorse/F_OdinIsHit.uasset" 4487
"C:/Users/malco/Desktop/Cloned Reditus/ReditusV.4.27/Content/Flipbooks/OverworldPlayerCharacterFlipbooks/Odin/OdinOnHorse/T_OdinIsHit_Sprite_0.uasset" 4488
"C:/Users/malco/Desktop/Cloned Reditus/ReditusV.4.27/Content/Flipbooks/OverworldPlayerCharacterFlipbooks/Odin/OdinOnHorse/T_OdinIsHit.uasset" 4489
"C:/Users/malco/Desktop/Cloned Reditus/ReditusV.4.27/Content/Flipbooks/OverworldPlayerCharacterFlipbooks/Odin/OdinOnHorse/T_OdinIsHit_Sprite_1.uasset" 4490
"C:/Users/malco/Desktop/Cloned Reditus/ReditusV.4.27/Content/Flipbooks/OverworldPlayerCharacterFlipbooks/Odin/OdinOnHorse/T_OdinIsHit_Sprite_2.uasset" 4491
"C:/Users/malco/Desktop/Cloned Reditus/ReditusV.4.27/Content/Flipbooks/OverworldPlayerCharacterFlipbooks/Odin/OdinOnHorse/F_OdinSwingSwordLeft.uasset" 4492
"C:/Users/malco/Desktop/Cloned Reditus/ReditusV.4.27/Content/Flipbooks/OverworldPlayerCharacterFlipbooks/Odin/OdinOnHorse/T_OdinSwingSwordLeft_Sprite_0.uasset" 4493
"C:/Users/malco/Desktop/Cloned Reditus/ReditusV.4.27/Content/Flipbooks/OverworldPlayerCharacterFlipbooks/Odin/OdinOnHorse/T_OdinSwingSwordLeft.uasset" 4494
"C:/Users/malco/Desktop/Cloned Reditus/ReditusV.4.27/Content/Flipbooks/OverworldPlayerCharacterFlipbooks/Odin/OdinOnHorse/T_OdinSwingSwordLeft_Sprite_1.uasset" 4495
"C:/Users/malco/Desktop/Cloned Reditus/ReditusV.4.27/Content/Flipbooks/OverworldPlayerCharacterFlipbooks/Odin/OdinOnHorse/T_OdinSwingSwordLeft_Sprite_2.uasset" 4496
"C:/Users/malco/Desktop/Cloned Reditus/ReditusV.4.27/Content/Flipbooks/OverworldPlayerCharacterFlipbooks/Odin/OdinOnHorse/T_OdinSwingSwordLeft_Sprite_3.uasset" 4497
"C:/Users/malco/Desktop/Cloned Reditus/ReditusV.4.27/Content/Flipbooks/OverworldPlayerCharacterFlipbooks/Odin/OdinOnHorse/T_OdinSwingSwordLeft_Sprite_4.uasset" 4498
"C:/Users/malco/Desktop/Cloned Reditus/ReditusV.4.27/Content/Flipbooks/OverworldPlayerCharacterFlipbooks/Odin/OdinOnHorse/T_OdinSwingSwordLeft_Sprite_5.uasset" 4499
"C:/Users/malco/Desktop/Cloned Reditus/ReditusV.4.27/Content/Flipbooks/OverworldPlayerCharacterFlipbooks/Odin/OdinOnHorse/F_OdinSwordForwardLeft.uasset" 4500
"C:/Users/malco/Desktop/Cloned Reditus/ReditusV.4.27/Content/Flipbooks/OverworldPlayerCharacterFlipbooks/Odin/OdinOnHorse/T_OdinSwordForwardLeft_Sprite_0.uasset" 4501
"C:/Users/malco/Desktop/Cloned Reditus/ReditusV.4.27/Content/Flipbooks/OverworldPlayerCharacterFlipbooks/Odin/OdinOnHorse/T_OdinSwordForwardLeft.uasset" 4502
"C:/Users/malco/Desktop/Cloned Reditus/ReditusV.4.27/Content/Flipbooks/OverworldPlayerCharacterFlipbooks/Odin/OdinOnHorse/F_OdinSwordUpLeft.uasset" 4503
"C:/Users/malco/Desktop/Cloned Reditus/ReditusV.4.27/Content/Flipbooks/OverworldPlayerCharacterFlipbooks/Odin/OdinOnHorse/T_OdinSwordUpLeft_Sprite_0.uasset" 4504
"C:/Users/malco/Desktop/Cloned Reditus/ReditusV.4.27/Content/Flipbooks/OverworldPlayerCharacterFlipbooks/Odin/OdinOnHorse/T_OdinSwordUpLeft.uasset" 4505
"C:/Users/malco/Desktop/Cloned Reditus/ReditusV.4.27/Content/Flipbooks/OverworldPlayerCharacterFlipbooks/Odin/OdinOnHorse/T_OdinSwordUpLeft_Sprite_1.uasset" 4506
"C:/Users/malco/Desktop/Cloned Reditus/ReditusV.4.27/Content/Flipbooks/OverworldPlayerCharacterFlipbooks/Odin/OdinOnHorse/F_OdinSwordUpLeftIdle.uasset" 4507
"C:/Users/malco/Desktop/Cloned Reditus/ReditusV.4.27/Content/DialogueSystem/CodeSpartanDialogues/DeepHeremus/LevelIntro/GobackinCave.uasset" 4508
"C:/Users/malco/Desktop/Cloned Reditus/ReditusV.4.27/Content/DialogueSystem/CodeSpartanDialogues/QuickSandDialogue/waypointover.uasset" 4509
"C:/Users/malco/Desktop/Cloned Reditus/ReditusV.4.27/Content/DialogueSystem/DialogueEvent/QuickSand/AirloftWaypointFinished.uasset" 4510
"C:/Users/malco/Desktop/Cloned Reditus/ReditusV.4.27/Content/TurnBasedJRPGTemplate/Blueprints/Quests/MainQuests/QuickSand/AirloftFindAway.uasset" 4511
"C:/Users/malco/Desktop/Cloned Reditus/ReditusV.4.27/Content/TurnBasedJRPGTemplate/Blueprints/Enums/E_QuestStatus.uasset" 4512
"C:/Users/malco/Desktop/Cloned Reditus/ReditusV.4.27/Content/TurnBasedJRPGTemplate/Blueprints/UI/MainMenu/BP_IntroWdiget.uasset" 4513
"C:/Users/malco/Desktop/Cloned Reditus/ReditusV.4.27/Content/NeedToRemove/UnnecessaryContent/Particles/FX_Textures/Tile/T_Black_32.uasset" 4514
"C:/Users/malco/Desktop/Cloned Reditus/ReditusV.4.27/Content/TurnBasedJRPGTemplate/Blueprints/UI/SkipWidget/SkipWidget.uasset" 4515
"C:/Users/malco/Desktop/Cloned Reditus/ReditusV.4.27/Content/Particles/NS_RAINING.uasset" 4516
"../../Plugins/FX/Niagara/Content/Modules/Events/GenerateCollisionEvent.uasset" 4517
"../../Plugins/FX/Niagara/Content/Functions/Helpers/SetBoolByTimer.uasset" 4518
"../../Plugins/FX/Niagara/Content/DefaultAssets/Structs/CollisionEvent.uasset" 4519
"../../Plugins/FX/Niagara/Content/Modules/Spawn/Location/BoxLocation.uasset" 4520
"../../Plugins/FX/Niagara/Content/Functions/IsolateLongestVectorComponent.uasset" 4521
"../../Plugins/FX/Niagara/Content/Functions/RandomPointInBox.uasset" 4522
"../../Plugins/FX/Niagara/Content/Functions/Rotation/RotateAngleOnAxis.uasset" 4523
"../../Plugins/FX/Niagara/Content/Modules/Update/Lifetime/KillParticles.uasset" 4524
"C:/Users/malco/Desktop/Cloned Reditus/ReditusV.4.27/Content/Particles/sA_Megapack_v1/sA_Rayvfx/Fx/NiagaraSystems/NS_Hit_1.uasset" 4525
"C:/Users/malco/Desktop/Cloned Reditus/ReditusV.4.27/Content/Particles/sA_Megapack_v1/sA_Rayvfx/Materials/MI_Aura_2.uasset" 4526
"C:/Users/malco/Desktop/Cloned Reditus/ReditusV.4.27/Content/Particles/sA_Megapack_v1/sA_Rayvfx/Materials/MI_Projectile_3.uasset" 4527
"C:/Users/malco/Desktop/Cloned Reditus/ReditusV.4.27/Content/Particles/sA_Megapack_v1/sA_Rayvfx/Materials/M_AdditiveScrollNiagara.uasset" 4528
"C:/Users/malco/Desktop/Cloned Reditus/ReditusV.4.27/Content/Particles/sA_Megapack_v1/sA_Rayvfx/Materials/Textures/T_Beam_01.uasset" 4529
"C:/Users/malco/Desktop/Cloned Reditus/ReditusV.4.27/Content/Particles/sA_Megapack_v1/sA_Rayvfx/Materials/Textures/T_Noise00.uasset" 4530
"C:/Users/malco/Desktop/Cloned Reditus/ReditusV.4.27/Content/Particles/sA_Megapack_v1/sA_Rayvfx/Materials/Textures/T_Noise000.uasset" 4531
"C:/Users/malco/Desktop/Cloned Reditus/ReditusV.4.27/Content/Particles/sA_Megapack_v1/sA_Rayvfx/Materials/Textures/T_Energy_1.uasset" 4532
"C:/Users/malco/Desktop/Cloned Reditus/ReditusV.4.27/Content/Particles/sA_Megapack_v1/sA_Rayvfx/Fx/NiagaraSystems/NS_Hit_4.uasset" 4533
"C:/Users/malco/Desktop/Cloned Reditus/ReditusV.4.27/Content/Particles/sA_Megapack_v1/sA_Rayvfx/Materials/MI_Enegy_4.uasset" 4534
"C:/Users/malco/Desktop/Cloned Reditus/ReditusV.4.27/Content/Particles/sA_Megapack_v1/sA_Rayvfx/Materials/Textures/T_Snow_Flake.uasset" 4535
"C:/Users/malco/Desktop/Cloned Reditus/ReditusV.4.27/Content/Particles/sA_Megapack_v1/sA_Rayvfx/Fx/NiagaraEmitters/NE_Omniburst.uasset" 4536
"C:/Users/malco/Desktop/Cloned Reditus/ReditusV.4.27/Content/Particles/sA_Megapack_v1/sA_Rayvfx/Fx/NiagaraSystems/NS_Hit_5.uasset" 4537
"C:/Users/malco/Desktop/Cloned Reditus/ReditusV.4.27/Content/Particles/sA_Megapack_v1/sA_Rayvfx/Materials/MI_Tail_2.uasset" 4538
"C:/Users/malco/Desktop/Cloned Reditus/ReditusV.4.27/Content/Particles/sA_Megapack_v1/sA_Rayvfx/Materials/Textures/T_Noise02.uasset" 4539
"C:/Users/malco/Desktop/Cloned Reditus/ReditusV.4.27/Content/Particles/sA_Megapack_v1/sA_Rayvfx/Materials/Textures/T_Ray_5.uasset" 4540
"C:/Users/malco/Desktop/Cloned Reditus/ReditusV.4.27/Content/Particles/sA_Megapack_v1/sA_Rayvfx/Fx/NiagaraSystems/NS_Ray_1.uasset" 4541
"C:/Users/malco/Desktop/Cloned Reditus/ReditusV.4.27/Content/Particles/sA_Megapack_v1/sA_Rayvfx/Materials/MI_Aura_1.uasset" 4542
"C:/Users/malco/Desktop/Cloned Reditus/ReditusV.4.27/Content/Particles/sA_Megapack_v1/sA_Rayvfx/Materials/MI_PannerScroll.uasset" 4543
"C:/Users/malco/Desktop/Cloned Reditus/ReditusV.4.27/Content/Particles/sA_Megapack_v1/sA_Rayvfx/Materials/M_PannerScroll.uasset" 4544
"C:/Users/malco/Desktop/Cloned Reditus/ReditusV.4.27/Content/Particles/sA_Megapack_v1/sA_Rayvfx/Materials/MI_SolidPanner.uasset" 4545
"C:/Users/malco/Desktop/Cloned Reditus/ReditusV.4.27/Content/Particles/sA_Megapack_v1/sA_Rayvfx/Fx/NiagaraEmitters/NE_Trail.uasset" 4546
"../../Plugins/FX/Niagara/Content/DynamicInputs/Multiply/Multiply_VectorByFloat.uasset" 4547
"../../Plugins/FX/Niagara/Content/Modules/Beams/BeamEmitterSetup.uasset" 4548
"../../Plugins/FX/Niagara/Content/Modules/Beams/BeamWidth.uasset" 4549
"../../Plugins/FX/Niagara/Content/Modules/Beams/SpawnBeam.uasset" 4550
"../../Plugins/FX/Niagara/Content/Functions/NormalizedExecutionIndex.uasset" 4551
"../../Plugins/FX/Niagara/Content/Functions/Spline/FindPositionOnBezierSpline.uasset" 4552
"../../Plugins/FX/Niagara/Content/Modules/Emitter/EmitterLifeCycle.uasset" 4553
"../../Plugins/FX/Niagara/Content/Modules/Update/Color/Color.uasset" 4554
"../../Plugins/FX/Niagara/Content/DynamicInputs/Transforms/TransformPosition.uasset" 4555
"../../Plugins/FX/Niagara/Content/DynamicInputs/TypeConversions/MakeVector.uasset" 4556
"C:/Users/malco/Desktop/Cloned Reditus/ReditusV.4.27/Content/Particles/sA_Megapack_v1/sA_Rayvfx/Models/SM_RayTube_1.uasset" 4557
"C:/Users/malco/Desktop/Cloned Reditus/ReditusV.4.27/Content/Particles/sA_Megapack_v1/sA_Rayvfx/Models/SM_RayTube_2.uasset" 4558
"C:/Users/malco/Desktop/Cloned Reditus/ReditusV.4.27/Content/Particles/sA_Megapack_v1/sA_Rayvfx/Fx/NiagaraSystems/NS_Ray_4.uasset" 4559
"C:/Users/malco/Desktop/Cloned Reditus/ReditusV.4.27/Content/Particles/sA_Megapack_v1/sA_Rayvfx/Fx/NiagaraSystems/NS_Ray_5.uasset" 4560
"C:/Users/malco/Desktop/Cloned Reditus/ReditusV.4.27/Content/Particles/sA_PosionSkills_1/Fx/NS_PoisonHit_1.uasset" 4561
"C:/Users/malco/Desktop/Cloned Reditus/ReditusV.4.27/Content/Particles/sA_PosionSkills_1/Materials/MI_UV_Part_Emissive2.uasset" 4562
"C:/Users/malco/Desktop/Cloned Reditus/ReditusV.4.27/Content/Particles/sA_PosionSkills_1/Materials/M_Emissive_Uv.uasset" 4563
"C:/Users/malco/Desktop/Cloned Reditus/ReditusV.4.27/Content/Particles/sA_PosionSkills_1/Materials/Textures/T_Tox_2.uasset" 4564
"C:/Users/malco/Desktop/Cloned Reditus/ReditusV.4.27/Content/Particles/sA_PosionSkills_1/Materials/Textures/T_Tox_4.uasset" 4565
"C:/Users/malco/Desktop/Cloned Reditus/ReditusV.4.27/Plugins/DialoguePlugin/Content/UI/DemoDialogueWidget.uasset" 4566
"C:/Users/malco/Desktop/Cloned Reditus/ReditusV.4.27/Content/Flipbooks/MiscAssets/Faces/Macy.uasset" 4567
"C:/Users/malco/Desktop/Cloned Reditus/ReditusV.4.27/Content/Flipbooks/MiscAssets/Faces/T_DeusSilentiiPortrait.uasset" 4568
"C:/Users/malco/Desktop/Cloned Reditus/ReditusV.4.27/Content/Flipbooks/MiscAssets/Faces/T_GamaciaPortrait.uasset" 4569
"C:/Users/malco/Desktop/Cloned Reditus/ReditusV.4.27/Content/Flipbooks/MiscAssets/Faces/T_HighPriestPortrait.uasset" 4570
"C:/Users/malco/Desktop/Cloned Reditus/ReditusV.4.27/Content/Flipbooks/MiscAssets/Faces/T_TheresaPortrait.uasset" 4571
"C:/Users/malco/Desktop/Cloned Reditus/ReditusV.4.27/Content/TurnBasedJRPGTemplate/Blueprints/Enums/E_CurrentRobotRecruitDemand.uasset" 4572
"C:/Users/malco/Desktop/Cloned Reditus/ReditusV.4.27/Content/DialogueSystem/DialogueWidget/introwidget2.uasset" 4573
"C:/Users/malco/Desktop/Cloned Reditus/ReditusV.4.27/Content/Particles/GoodParticleStatus/Particles/Status/Shield_Status/PS_GPS_ShieldHighTech.uasset" 4574
"C:/Users/malco/Desktop/Cloned Reditus/ReditusV.4.27/Content/Particles/GoodParticleStatus/Sources/Materials/M_GPS_HighTech.uasset" 4575
"C:/Users/malco/Desktop/Cloned Reditus/ReditusV.4.27/Content/Particles/GoodParticleStatus/Sources/Textures/T_GPS_Grid.uasset" 4576
"C:/Users/malco/Desktop/Cloned Reditus/ReditusV.4.27/Content/Particles/GoodParticleStatus/Sources/Textures/T_GPS_MultiplyDust_02_A.uasset" 4577
"C:/Users/malco/Desktop/Cloned Reditus/ReditusV.4.27/Content/Particles/GoodParticleStatus/Sources/Textures/T_GPS_Plasma_A.uasset" 4578
"C:/Users/malco/Desktop/Cloned Reditus/ReditusV.4.27/Content/Particles/GoodParticleStatus/Sources/Textures/T_GPS_Stripe.uasset" 4579
"C:/Users/malco/Desktop/Cloned Reditus/ReditusV.4.27/Content/Particles/GoodParticleStatus/Sources/Materials/MatInstance/MI_GPS_Lightning_2x2.uasset" 4580
"C:/Users/malco/Desktop/Cloned Reditus/ReditusV.4.27/Content/Particles/GoodParticleStatus/Sources/Textures/T_GPS_Lightning.uasset" 4581
"C:/Users/malco/Desktop/Cloned Reditus/ReditusV.4.27/Content/Particles/InfinityBladeEffects/Effects/FX_Ability/Heal/P_Heal_LongDistance_Start.uasset" 4582
"C:/Users/malco/Desktop/Cloned Reditus/ReditusV.4.27/Content/Particles/InfinityBladeEffects/Effects/FX_Materials/Glyph/M_Heart_01_INST.uasset" 4583
"C:/Users/malco/Desktop/Cloned Reditus/ReditusV.4.27/Content/Particles/InfinityBladeEffects/Effects/Masters/M_Trans_Sprite_Master.uasset" 4584
"C:/Users/malco/Desktop/Cloned Reditus/ReditusV.4.27/Content/Particles/InfinityBladeEffects/Effects/FX_Textures/Tile/T_Black_32.uasset" 4585
"C:/Users/malco/Desktop/Cloned Reditus/ReditusV.4.27/Content/Particles/InfinityBladeEffects/Effects/FX_Textures/Glyph/T_HealHeart_02.uasset" 4586
"C:/Users/malco/Desktop/Cloned Reditus/ReditusV.4.27/Content/Particles/InfinityBladeEffects/Effects/FX_Materials/Gradient/M_Flare_02_INST.uasset" 4587
"C:/Users/malco/Desktop/Cloned Reditus/ReditusV.4.27/Content/Particles/InfinityBladeEffects/Effects/FX_Textures/Gradient/T_starFlare_02.uasset" 4588
"C:/Users/malco/Desktop/Cloned Reditus/ReditusV.4.27/Content/Particles/InfinityBladeEffects/Effects/FX_Materials/Gradient/M_Flare_03_INST.uasset" 4589
"C:/Users/malco/Desktop/Cloned Reditus/ReditusV.4.27/Content/Particles/InfinityBladeEffects/Effects/FX_Textures/Gradient/T_SoftFallOff.uasset" 4590
"C:/Users/malco/Desktop/Cloned Reditus/ReditusV.4.27/Content/Particles/InfinityBladeEffects/Effects/FX_Materials/Gradient/M_Glow_Vertical_INST.uasset" 4591
"C:/Users/malco/Desktop/Cloned Reditus/ReditusV.4.27/Content/Particles/InfinityBladeEffects/Effects/FX_Textures/Gradient/T_Vertical_Glow.uasset" 4592
"C:/Users/malco/Desktop/Cloned Reditus/ReditusV.4.27/Content/Particles/InfinityBladeEffects/Effects/FX_Materials/M_Shockwave_01_ADD_INST.uasset" 4593
"C:/Users/malco/Desktop/Cloned Reditus/ReditusV.4.27/Content/Particles/InfinityBladeEffects/Effects/FX_Textures/Gradient/T_BlastWave.uasset" 4594
"C:/Users/malco/Desktop/Cloned Reditus/ReditusV.4.27/Content/Particles/InfinityBladeEffects/Effects/FX_Materials/M_Shockwave_03_Add_INST.uasset" 4595
"C:/Users/malco/Desktop/Cloned Reditus/ReditusV.4.27/Content/Particles/InfinityBladeEffects/Effects/FX_Textures/Gradient/T_GlowNoise_01.uasset" 4596
"C:/Users/malco/Desktop/Cloned Reditus/ReditusV.4.27/Content/Particles/InfinityBladeEffects/Effects/FX_Meshes/Skills/SM_BlastWave.uasset" 4597
"C:/Users/malco/Desktop/Cloned Reditus/ReditusV.4.27/Content/TurnBasedJRPGTemplate/Blueprints/UI/BP_Credits.uasset" 4598
"C:/Users/malco/Desktop/Cloned Reditus/ReditusV.4.27/Content/Sounds/DramaticMusic/EditedMusic/CampPlan.uasset" 4599
"C:/Users/malco/Desktop/Cloned Reditus/ReditusV.4.27/Content/TurnBasedJRPGTemplate/Blueprints/UI/BP_ExploreUI.uasset" 4600
"C:/Users/malco/Desktop/Cloned Reditus/ReditusV.4.27/Content/TurnBasedJRPGTemplate/Blueprints/UI/BP_CloakBar.uasset" 4601
"C:/Users/malco/Desktop/Cloned Reditus/ReditusV.4.27/Content/TurnBasedJRPGTemplate/Blueprints/UI/BP_CraftBar.uasset" 4602
"C:/Users/malco/Desktop/Cloned Reditus/ReditusV.4.27/Content/TurnBasedJRPGTemplate/Blueprints/UI/BP_QuestNotificationListUI.uasset" 4603
"C:/Users/malco/Desktop/Cloned Reditus/ReditusV.4.27/Content/TurnBasedJRPGTemplate/Blueprints/UI/BP_QuestNotification.uasset" 4604
"C:/Users/malco/Desktop/Cloned Reditus/ReditusV.4.27/Content/TurnBasedJRPGTemplate/Blueprints/UI/Dialogues/BP_PathItemButton.uasset" 4605
"C:/Users/malco/Desktop/Cloned Reditus/ReditusV.4.27/Plugins/MinimapPlugin/Content/Widgets/BorderedMinimap.uasset" 4606
"C:/Users/malco/Desktop/Cloned Reditus/ReditusV.4.27/Plugins/MinimapPlugin/Content/Widgets/Minimap.uasset" 4607
"C:/Users/malco/Desktop/Cloned Reditus/ReditusV.4.27/Plugins/MinimapPlugin/Content/Widgets/MinimapInternal_BackgroundMouseCapture.uasset" 4608
"C:/Users/malco/Desktop/Cloned Reditus/ReditusV.4.27/Plugins/MinimapPlugin/Content/Widgets/MinimapInternal_BoxSelect.uasset" 4609
"C:/Users/malco/Desktop/Cloned Reditus/ReditusV.4.27/Plugins/MinimapPlugin/Content/Widgets/MinimapInternal_IconMouseCapture.uasset" 4610
"C:/Users/malco/Desktop/Cloned Reditus/ReditusV.4.27/Plugins/MinimapPlugin/Content/Materials/Background/M_UMG_CircleMask.uasset" 4611
"C:/Users/malco/Desktop/Cloned Reditus/ReditusV.4.27/Plugins/MinimapPlugin/Content/Widgets/MinimapInternal_Background.uasset" 4612
"C:/Users/malco/Desktop/Cloned Reditus/ReditusV.4.27/Plugins/MinimapPlugin/Content/Widgets/MinimapInternal_Camera.uasset" 4613
"C:/Users/malco/Desktop/Cloned Reditus/ReditusV.4.27/Plugins/MinimapPlugin/Content/Widgets/MinimapInternal_Fog.uasset" 4614
"C:/Users/malco/Desktop/Cloned Reditus/ReditusV.4.27/Plugins/MinimapPlugin/Content/Widgets/MinimapInternal_Icon.uasset" 4615
"../../../Engine/Content/EditorResources/Ai_Spawnpoint.uasset" 4616
"C:/Users/malco/Desktop/Cloned Reditus/ReditusV.4.27/Plugins/MinimapPlugin/Content/Widgets/MinimapInternal_Tooltip.uasset" 4617
"C:/Users/malco/Desktop/Cloned Reditus/ReditusV.4.27/Plugins/MinimapPlugin/Content/Textures/Borders/T_CircleBorder.uasset" 4618
"C:/Users/malco/Desktop/Cloned Reditus/ReditusV.4.27/Plugins/MinimapPlugin/Content/Textures/Borders/T_SquareBorder.uasset" 4619
"C:/Users/malco/Desktop/Cloned Reditus/ReditusV.4.27/Plugins/MinimapPlugin/Content/Textures/Buttons/T_ZoomIn_Default.uasset" 4620
"C:/Users/malco/Desktop/Cloned Reditus/ReditusV.4.27/Plugins/MinimapPlugin/Content/Textures/Buttons/T_ZoomIn_Hover.uasset" 4621
"C:/Users/malco/Desktop/Cloned Reditus/ReditusV.4.27/Plugins/MinimapPlugin/Content/Textures/Buttons/T_ZoomIn_Pressed.uasset" 4622
"C:/Users/malco/Desktop/Cloned Reditus/ReditusV.4.27/Plugins/MinimapPlugin/Content/Textures/Buttons/T_ZoomOut_Default.uasset" 4623
"C:/Users/malco/Desktop/Cloned Reditus/ReditusV.4.27/Plugins/MinimapPlugin/Content/Textures/Buttons/T_ZoomOut_Hover.uasset" 4624
"C:/Users/malco/Desktop/Cloned Reditus/ReditusV.4.27/Plugins/MinimapPlugin/Content/Textures/Buttons/T_ZoomOut_Pressed.uasset" 4625
"C:/Users/malco/Desktop/Cloned Reditus/ReditusV.4.27/Content/TurnBasedJRPGTemplate/Blueprints/UI/BP_MobileUI.uasset" 4626
"C:/Users/malco/Desktop/Cloned Reditus/ReditusV.4.27/Content/TurnBasedJRPGTemplate/Textures/T_MenuIcon.uasset" 4627
"C:/Users/malco/Desktop/Cloned Reditus/ReditusV.4.27/Content/TurnBasedJRPGTemplate/Textures/T_MobileInteractionBackground.uasset" 4628
"C:/Users/malco/Desktop/Cloned Reditus/ReditusV.4.27/Content/TurnBasedJRPGTemplate/Blueprints/UI/BP_NoCursor.uasset" 4629
"C:/Users/malco/Desktop/Cloned Reditus/ReditusV.4.27/Content/TurnBasedJRPGTemplate/Blueprints/UI/Dialogues/BP_StolenDialogue.uasset" 4630
"C:/Users/malco/Desktop/Cloned Reditus/ReditusV.4.27/Content/TurnBasedJRPGTemplate/Blueprints/UI/TimerWidget/TimerWidget.uasset" 4631
"C:/Users/malco/Desktop/Cloned Reditus/ReditusV.4.27/Content/Flipbooks/EnemyNpcFlipbooks/SideViewBattler/Heremus/Rolly/RollyIdle/Rolly_Idle_FB.uasset" 4632
"C:/Users/malco/Desktop/Cloned Reditus/ReditusV.4.27/Content/Flipbooks/EnemyNpcFlipbooks/SideViewBattler/Heremus/Rolly/RollyIdle/bug_idle_Sprite_0.uasset" 4633
"C:/Users/malco/Desktop/Cloned Reditus/ReditusV.4.27/Content/Flipbooks/EnemyNpcFlipbooks/SideViewBattler/Heremus/Rolly/RollyIdle/bug_idle.uasset" 4634
"C:/Users/malco/Desktop/Cloned Reditus/ReditusV.4.27/Content/Flipbooks/EnemyNpcFlipbooks/SideViewBattler/Heremus/Rolly/RollyIdle/bug_idle_Sprite_1.uasset" 4635
"C:/Users/malco/Desktop/Cloned Reditus/ReditusV.4.27/Content/Flipbooks/EnemyNpcFlipbooks/SideViewBattler/Heremus/Rolly/RollyIdle/bug_idle_Sprite_2.uasset" 4636
"C:/Users/malco/Desktop/Cloned Reditus/ReditusV.4.27/Content/Flipbooks/EnemyNpcFlipbooks/SideViewBattler/Heremus/Rolly/RollyIdle/bug_idle_Sprite_3.uasset" 4637
"C:/Users/malco/Desktop/Cloned Reditus/ReditusV.4.27/Content/Flipbooks/EnemyNpcFlipbooks/SideViewBattler/Heremus/Rolly/RollyIdle/bug_idle_Sprite_4.uasset" 4638
"C:/Users/malco/Desktop/Cloned Reditus/ReditusV.4.27/Content/Flipbooks/EnemyNpcFlipbooks/SideViewBattler/Heremus/Rolly/RollyIdle/bug_idle_Sprite_5.uasset" 4639
"C:/Users/malco/Desktop/Cloned Reditus/ReditusV.4.27/Content/TurnBasedJRPGTemplate/Blueprints/UI/BP_EnemyUnitUI.uasset" 4640
"C:/Users/malco/Desktop/Cloned Reditus/ReditusV.4.27/Content/TurnBasedJRPGTemplate/Blueprints/Units/EnemyUnits/S_EnemyUnitSpawnData.uasset" 4641
"C:/Users/malco/Desktop/Cloned Reditus/ReditusV.4.27/Content/TurnBasedJRPGTemplate/Textures/T_BattleIcon.uasset" 4642
"C:/Users/malco/Desktop/Cloned Reditus/ReditusV.4.27/Content/TurnBasedJRPGTemplate/Blueprints/Battle/BP_EnemySpawnLocation.uasset" 4643
"C:/Users/malco/Desktop/Cloned Reditus/ReditusV.4.27/Content/TurnBasedJRPGTemplate/Blueprints/Battle/BP_PlayerSpawnLocation.uasset" 4644
"C:/Users/malco/Desktop/Cloned Reditus/ReditusV.4.27/Content/TurnBasedJRPGTemplate/Materials/M_PlayerSpawnLocation.uasset" 4645
"C:/Users/malco/Desktop/Cloned Reditus/ReditusV.4.27/Content/TurnBasedJRPGTemplate/Blueprints/Projectiles/ParticleEffects/Attacks/Bp_Bite.uasset" 4646
"C:/Users/malco/Desktop/Cloned Reditus/ReditusV.4.27/Content/Particles/Hack_And_Slash_FX/VFX_Niagara/Slashes/NS_Claws.uasset" 4647
"C:/Users/malco/Desktop/Cloned Reditus/ReditusV.4.27/Content/Particles/Hack_And_Slash_FX/Materials/Slash/Claws/MI_VFX_Claw_BlueClaw.uasset" 4648
"C:/Users/malco/Desktop/Cloned Reditus/ReditusV.4.27/Content/Particles/Hack_And_Slash_FX/Materials/Master/M_VFX_Slash.uasset" 4649
"C:/Users/malco/Desktop/Cloned Reditus/ReditusV.4.27/Content/Particles/Hack_And_Slash_FX/Textures/Glow/T_VFX_Glow_1.uasset" 4650
"C:/Users/malco/Desktop/Cloned Reditus/ReditusV.4.27/Content/Particles/Hack_And_Slash_FX/Textures/Noise/T_VFX_Noise_3.uasset" 4651
"C:/Users/malco/Desktop/Cloned Reditus/ReditusV.4.27/Content/Particles/Hack_And_Slash_FX/Textures/Noise/T_VFX_Noise_4.uasset" 4652
"C:/Users/malco/Desktop/Cloned Reditus/ReditusV.4.27/Content/Particles/Hack_And_Slash_FX/Textures/Mask/T_VFX_Gradient_Box_2.uasset" 4653
"C:/Users/malco/Desktop/Cloned Reditus/ReditusV.4.27/Content/Particles/Hack_And_Slash_FX/Textures/Noise/T_VFX_Noise_10.uasset" 4654
"C:/Users/malco/Desktop/Cloned Reditus/ReditusV.4.27/Content/Particles/Hack_And_Slash_FX/Textures/Noise/T_VFX_Noise_5.uasset" 4655
"C:/Users/malco/Desktop/Cloned Reditus/ReditusV.4.27/Content/Particles/Hack_And_Slash_FX/Textures/Slash_Mask/T_VFX_Slash_Mask_11.uasset" 4656
"C:/Users/malco/Desktop/Cloned Reditus/ReditusV.4.27/Content/Particles/Hack_And_Slash_FX/Materials/Slash/Claws/MI_VFX_Claw_RedClaw.uasset" 4657
"C:/Users/malco/Desktop/Cloned Reditus/ReditusV.4.27/Content/Particles/Hack_And_Slash_FX/Meshes/SM_VFX_Volume_Radial_Slash.uasset" 4658
"C:/Users/malco/Desktop/Cloned Reditus/ReditusV.4.27/Content/TurnBasedJRPGTemplate/Blueprints/Projectiles/ParticleEffects/Attacks/Bp_HeremusHarrierHit.uasset" 4659
"C:/Users/malco/Desktop/Cloned Reditus/ReditusV.4.27/Content/Particles/AdvancedMagicFX13/Particles/P_ky_impact.uasset" 4660
"C:/Users/malco/Desktop/Cloned Reditus/ReditusV.4.27/Content/Particles/AdvancedMagicFX13/Materials/MI_ky_flare14R.uasset" 4661
"C:/Users/malco/Desktop/Cloned Reditus/ReditusV.4.27/Content/TurnBasedJRPGTemplate/Blueprints/Projectiles/ParticleEffects/Attacks/Bp_MacyDoubleSlashEffect.uasset" 4662
"C:/Users/malco/Desktop/Cloned Reditus/ReditusV.4.27/Content/Particles/AdvancedMagicFX13/Particles/P_ky_hit_MacyDoubleSlash.uasset" 4663
"C:/Users/malco/Desktop/Cloned Reditus/ReditusV.4.27/Content/Particles/AdvancedMagicFX13/Materials/M_ky_slash02_4x4.uasset" 4664
"C:/Users/malco/Desktop/Cloned Reditus/ReditusV.4.27/Content/TurnBasedJRPGTemplate/Blueprints/Projectiles/ParticleEffects/Attacks/Bp_PoisonHitBoar.uasset" 4665
"C:/Users/malco/Desktop/Cloned Reditus/ReditusV.4.27/Content/Particles/sA_PosionSkills_1/Fx/NS_Poisontrail_1.uasset" 4666
"C:/Users/malco/Desktop/Cloned Reditus/ReditusV.4.27/Content/Particles/sA_PosionSkills_1/Materials/MI_UV_Part_Emissive1.uasset" 4667
"C:/Users/malco/Desktop/Cloned Reditus/ReditusV.4.27/Content/Particles/sA_PosionSkills_1/Materials/Textures/T_Tox1.uasset" 4668
"../../Plugins/FX/Niagara/Content/Enums/ENiagaraCoordinateSpace.uasset" 4669
"C:/Users/malco/Desktop/Cloned Reditus/ReditusV.4.27/Content/TurnBasedJRPGTemplate/Blueprints/Projectiles/ParticleEffects/Attacks/Bp_SwordSlash.uasset" 4670
"C:/Users/malco/Desktop/Cloned Reditus/ReditusV.4.27/Content/Particles/Hack_And_Slash_FX/VFX_Niagara/Impacts/NS_Holy_Slash_Impact.uasset" 4671
"C:/Users/malco/Desktop/Cloned Reditus/ReditusV.4.27/Content/Particles/Hack_And_Slash_FX/Materials/Flare/M_VFX_Chromatic_Flare.uasset" 4672
"C:/Users/malco/Desktop/Cloned Reditus/ReditusV.4.27/Content/Particles/Hack_And_Slash_FX/Textures/Flare/T_VFX_Flare_Chromatic.uasset" 4673
"C:/Users/malco/Desktop/Cloned Reditus/ReditusV.4.27/Content/Particles/Hack_And_Slash_FX/Materials/Flare/MI_VFX_Flare_16.uasset" 4674
"C:/Users/malco/Desktop/Cloned Reditus/ReditusV.4.27/Content/Particles/Hack_And_Slash_FX/Materials/Master/M_VFX_VFX_Particle.uasset" 4675
"C:/Users/malco/Desktop/Cloned Reditus/ReditusV.4.27/Content/Particles/Hack_And_Slash_FX/Textures/Glow/T_VFX_Rainbow_Glow.uasset" 4676
"C:/Users/malco/Desktop/Cloned Reditus/ReditusV.4.27/Content/Particles/Hack_And_Slash_FX/Materials/Flare/MI_VFX_Flare_17.uasset" 4677
"C:/Users/malco/Desktop/Cloned Reditus/ReditusV.4.27/Content/Particles/Hack_And_Slash_FX/Textures/Flare/T_VFX_Flare_16.uasset" 4678
"C:/Users/malco/Desktop/Cloned Reditus/ReditusV.4.27/Content/Particles/Hack_And_Slash_FX/Materials/Flare/MI_VFX_Flare_18.uasset" 4679
"C:/Users/malco/Desktop/Cloned Reditus/ReditusV.4.27/Content/Particles/Hack_And_Slash_FX/Textures/Other/T_VFX_Impact_Flare_2.uasset" 4680
"C:/Users/malco/Desktop/Cloned Reditus/ReditusV.4.27/Content/Particles/Hack_And_Slash_FX/Materials/Flare/MI_VFX_Flare_6.uasset" 4681
"C:/Users/malco/Desktop/Cloned Reditus/ReditusV.4.27/Content/Particles/Hack_And_Slash_FX/Textures/Flare/T_VFX_Flare_6.uasset" 4682
"C:/Users/malco/Desktop/Cloned Reditus/ReditusV.4.27/Content/Particles/Hack_And_Slash_FX/Materials/Glow/MI_VFX_Glow_2.uasset" 4683
"C:/Users/malco/Desktop/Cloned Reditus/ReditusV.4.27/Content/Particles/Hack_And_Slash_FX/Textures/Glow/T_VFX_Glow_2.uasset" 4684
"C:/Users/malco/Desktop/Cloned Reditus/ReditusV.4.27/Content/Particles/Hack_And_Slash_FX/Materials/Sparks/MI_VFX_Sparks_1.uasset" 4685
"../../Plugins/FX/Niagara/Content/DynamicInputs/UniformRange/UniformRangedVector.uasset" 4686
"../../Plugins/FX/Niagara/Content/DynamicInputs/ValueFromCurve/ColorFromCurve.uasset" 4687
"C:/Users/malco/Desktop/Cloned Reditus/ReditusV.4.27/Content/TurnBasedJRPGTemplate/Blueprints/Projectiles/PlayerGunProjectiles/Bp_ScrapRifleMuzzelEffect.uasset" 4688
"C:/Users/malco/Desktop/Cloned Reditus/ReditusV.4.27/Content/Particles/AdvancedMagicFX13/Particles/P_Augustus_Muzzle_Flash.uasset" 4689
"C:/Users/malco/Desktop/Cloned Reditus/ReditusV.4.27/Content/TurnBasedJRPGTemplate/Blueprints/Skills/HeroSkills/Airloft/Bp_Hack.uasset" 4690
"C:/Users/malco/Desktop/Cloned Reditus/ReditusV.4.27/Content/TurnBasedJRPGTemplate/Blueprints/MiniGames/HackMiniGame/BP_HackMinigame.uasset" 4691
"C:/Users/malco/Desktop/Cloned Reditus/ReditusV.4.27/Content/TurnBasedJRPGTemplate/Blueprints/Structs/S_DialoguePool.uasset" 4692
"C:/Users/malco/Desktop/Cloned Reditus/ReditusV.4.27/Content/DialogueSystem/RecruitmentDialogues/ArrogantDialogues/ArrogantDialogue1_0.uasset" 4693
"C:/Users/malco/Desktop/Cloned Reditus/ReditusV.4.27/Content/DialogueSystem/RecruitmentDialogues/RecruitmentConditions/BonusHackInitiated.uasset" 4694
"C:/Users/malco/Desktop/Cloned Reditus/ReditusV.4.27/Content/DialogueSystem/RecruitmentDialogues/RecruitmentConditions/MoodConditionsIfNoForFight.uasset" 4695
"C:/Users/malco/Desktop/Cloned Reditus/ReditusV.4.27/Content/DialogueSystem/RecruitmentDialogues/RecruitmentConditions/MoodConditionsIfYesForFight.uasset" 4696
"C:/Users/malco/Desktop/Cloned Reditus/ReditusV.4.27/Content/DialogueSystem/RecruitmentDialogues/RecruitmentConditions/MoodConditionsJoinIfNo.uasset" 4697
"C:/Users/malco/Desktop/Cloned Reditus/ReditusV.4.27/Content/DialogueSystem/RecruitmentDialogues/RecruitmentConditions/MoodConditionsSomethingElse.uasset" 4698
"C:/Users/malco/Desktop/Cloned Reditus/ReditusV.4.27/Content/DialogueSystem/RecruitmentDialogues/RecruitmentConditions/MoodConditonsRun.uasset" 4699
"C:/Users/malco/Desktop/Cloned Reditus/ReditusV.4.27/Content/DialogueSystem/RecruitmentDialogues/RecruitmentEvents/Fight.uasset" 4700
"C:/Users/malco/Desktop/Cloned Reditus/ReditusV.4.27/Content/DialogueSystem/RecruitmentDialogues/RecruitmentEvents/Give.uasset" 4701
"C:/Users/malco/Desktop/Cloned Reditus/ReditusV.4.27/Content/DialogueSystem/RecruitmentDialogues/RecruitmentEvents/HaveEnoughItems.uasset" 4702
"C:/Users/malco/Desktop/Cloned Reditus/ReditusV.4.27/Content/DialogueSystem/RecruitmentDialogues/RecruitmentEvents/Join.uasset" 4703
"C:/Users/malco/Desktop/Cloned Reditus/ReditusV.4.27/Content/DialogueSystem/RecruitmentDialogues/RecruitmentEvents/Run.uasset" 4704
"C:/Users/malco/Desktop/Cloned Reditus/ReditusV.4.27/Content/DialogueSystem/RecruitmentDialogues/RecruitmentEvents/TakeItem.uasset" 4705
"C:/Users/malco/Desktop/Cloned Reditus/ReditusV.4.27/Content/Particles/sA_Megapack_v1/sA_PickupSet_1/Fx/NiagaraSystems/NS_CoinBurst.uasset" 4706
"C:/Users/malco/Desktop/Cloned Reditus/ReditusV.4.27/Content/Particles/sA_Megapack_v1/sA_PickupSet_1/Materials/MI_Coin_1.uasset" 4707
"C:/Users/malco/Desktop/Cloned Reditus/ReditusV.4.27/Content/Particles/sA_Megapack_v1/sA_PickupSet_1/Materials/M_Master_MetalFX.uasset" 4708
"C:/Users/malco/Desktop/Cloned Reditus/ReditusV.4.27/Content/Particles/sA_Megapack_v1/sA_PickupSet_1/Fx/NiagaraEmitters/NE_CoinBurst.uasset" 4709
"C:/Users/malco/Desktop/Cloned Reditus/ReditusV.4.27/Content/Particles/sA_Megapack_v1/sA_PickupSet_1/Models/SM_Coin_1.uasset" 4710
"C:/Users/malco/Desktop/Cloned Reditus/ReditusV.4.27/Content/Particles/sA_Megapack_v1/sA_PickupSet_1/Fx/NiagaraSystems/NS_Healing_1.uasset" 4711
"C:/Users/malco/Desktop/Cloned Reditus/ReditusV.4.27/Content/Particles/sA_Megapack_v1/sA_PickupSet_1/Models/SM_Pickup_Health.uasset" 4712
"C:/Users/malco/Desktop/Cloned Reditus/ReditusV.4.27/Content/Sounds/Fx/General_Sounds/Coins/sfx_coin_cluster7.uasset" 4713
"C:/Users/malco/Desktop/Cloned Reditus/ReditusV.4.27/Content/MoodConditionsJoin.uasset" 4714
"C:/Users/malco/Desktop/Cloned Reditus/ReditusV.4.27/Content/DialogueSystem/RecruitmentDialogues/CuriousDialogues/D_CuriousDialogue1_0.uasset" 4715
"C:/Users/malco/Desktop/Cloned Reditus/ReditusV.4.27/Content/DialogueSystem/RecruitmentDialogues/PlayfulDialogues/D_PlayfulDialogue1_0.uasset" 4716
"C:/Users/malco/Desktop/Cloned Reditus/ReditusV.4.27/Plugins/DialoguePlugin/Content/UI/DialogueStringTable.uasset" 4717
"C:/Users/malco/Desktop/Cloned Reditus/ReditusV.4.27/Content/DialogueSystem/RecruitmentDialogues/StoicDialogues/D_StoicDialogue1_0.uasset" 4718
"C:/Users/malco/Desktop/Cloned Reditus/ReditusV.4.27/Content/TurnBasedJRPGTemplate/Blueprints/MiniGames/HackMiniGame/Enemy.uasset" 4719
"C:/Users/malco/Desktop/Cloned Reditus/ReditusV.4.27/Content/TurnBasedJRPGTemplate/Blueprints/MiniGames/HackMiniGame/Shot_UNfriendly.uasset" 4720
"C:/Users/malco/Desktop/Cloned Reditus/ReditusV.4.27/Content/TurnBasedJRPGTemplate/Blueprints/MiniGames/HackMiniGame/Em_Red.uasset" 4721
"C:/Users/malco/Desktop/Cloned Reditus/ReditusV.4.27/Content/Particles/P_Explosion.uasset" 4722
"C:/Users/malco/Desktop/Cloned Reditus/ReditusV.4.27/Content/Material/ParticlesMaterials/Materials/M_Burst.uasset" 4723
"C:/Users/malco/Desktop/Cloned Reditus/ReditusV.4.27/Content/textures/Particles/Textures/T_Burst_M.uasset" 4724
"C:/Users/malco/Desktop/Cloned Reditus/ReditusV.4.27/Content/Material/ParticlesMaterials/Materials/M_explosion_subUV.uasset" 4725
"C:/Users/malco/Desktop/Cloned Reditus/ReditusV.4.27/Content/textures/Particles/Textures/T_Explosion_SubUV.uasset" 4726
"C:/Users/malco/Desktop/Cloned Reditus/ReditusV.4.27/Content/Material/ParticlesMaterials/Materials/m_flare_01.uasset" 4727
"C:/Users/malco/Desktop/Cloned Reditus/ReditusV.4.27/Content/Material/ParticlesMaterials/Materials/M_radial_ramp.uasset" 4728
"C:/Users/malco/Desktop/Cloned Reditus/ReditusV.4.27/Content/Material/ParticlesMaterials/Materials/M_smoke_subUV.uasset" 4729
"C:/Users/malco/Desktop/Cloned Reditus/ReditusV.4.27/Content/textures/Particles/Textures/T_Smoke_SubUV.uasset" 4730
"C:/Users/malco/Desktop/Cloned Reditus/ReditusV.4.27/Content/textures/Particles/Textures/T_Smoke_Tiled_D.uasset" 4731
"C:/Users/malco/Desktop/Cloned Reditus/ReditusV.4.27/Content/TurnBasedJRPGTemplate/Blueprints/MiniGames/HackMiniGame/Tie/Tie.uasset" 4732
"C:/Users/malco/Desktop/Cloned Reditus/ReditusV.4.27/Content/TurnBasedJRPGTemplate/Blueprints/MiniGames/HackMiniGame/Tie/polySurface75_polySurface72_polySurface71Mat.uasset" 4733
"C:/Users/malco/Desktop/Cloned Reditus/ReditusV.4.27/Content/TurnBasedJRPGTemplate/Blueprints/MiniGames/HackMiniGame/Tie/TIE_color.uasset" 4734
"C:/Users/malco/Desktop/Cloned Reditus/ReditusV.4.27/Content/TurnBasedJRPGTemplate/Blueprints/MiniGames/HackMiniGame/Tie/TIE_Spc.uasset" 4735
"C:/Users/malco/Desktop/Cloned Reditus/ReditusV.4.27/Content/TurnBasedJRPGTemplate/Blueprints/UI/Dialogues/BP_LevelUpDialogue.uasset" 4736
"C:/Users/malco/Desktop/Cloned Reditus/ReditusV.4.27/Content/TurnBasedJRPGTemplate/Blueprints/UI/Dialogues/BP_VictoryDialogue.uasset" 4737
"C:/Users/malco/Desktop/Cloned Reditus/ReditusV.4.27/Content/TurnBasedJRPGTemplate/Blueprints/UI/Dialogues/BP_YesNoDialogueForBattle.uasset" 4738
"C:/Users/malco/Desktop/Cloned Reditus/ReditusV.4.27/Content/TurnBasedJRPGTemplate/Blueprints/UI/Dialogues/BP_DefeatDialogue.uasset" 4739
"C:/Users/malco/Desktop/Cloned Reditus/ReditusV.4.27/Content/TurnBasedJRPGTemplate/Blueprints/Skills/Buffs/BP_BerserkBuff.uasset" 4740
"C:/Users/malco/Desktop/Cloned Reditus/ReditusV.4.27/Content/TurnBasedJRPGTemplate/Blueprints/Skills/Buffs/BP_Confusion.uasset" 4741
"C:/Users/malco/Desktop/Cloned Reditus/ReditusV.4.27/Content/TurnBasedJRPGTemplate/Blueprints/Skills/Buffs/BP_Exhausted.uasset" 4742
"C:/Users/malco/Desktop/Cloned Reditus/ReditusV.4.27/Content/Particles/Hack_And_Slash_FX/VFX_Niagara/Slashes/NS_Demon_Slash.uasset" 4743
"C:/Users/malco/Desktop/Cloned Reditus/ReditusV.4.27/Content/Particles/Hack_And_Slash_FX/Materials/Flare/MI_VFX_Flare_10.uasset" 4744
"C:/Users/malco/Desktop/Cloned Reditus/ReditusV.4.27/Content/Particles/Hack_And_Slash_FX/Textures/Flare/T_VFX_Flare_10.uasset" 4745
"C:/Users/malco/Desktop/Cloned Reditus/ReditusV.4.27/Content/Particles/Hack_And_Slash_FX/Materials/Flare/MI_VFX_Flare_2.uasset" 4746
"C:/Users/malco/Desktop/Cloned Reditus/ReditusV.4.27/Content/Particles/Hack_And_Slash_FX/Textures/Flare/T_VFX_Flare_2.uasset" 4747
"C:/Users/malco/Desktop/Cloned Reditus/ReditusV.4.27/Content/Particles/Hack_And_Slash_FX/Materials/Slash/Demon/MI_VFX_DemonSlash_AuraBlack.uasset" 4748
"C:/Users/malco/Desktop/Cloned Reditus/ReditusV.4.27/Content/Particles/Hack_And_Slash_FX/Textures/Mask/T_VFX_Mask_2.uasset" 4749
"C:/Users/malco/Desktop/Cloned Reditus/ReditusV.4.27/Content/Particles/Hack_And_Slash_FX/Textures/Noise/T_VFX_Noise_6.uasset" 4750
"C:/Users/malco/Desktop/Cloned Reditus/ReditusV.4.27/Content/Particles/Hack_And_Slash_FX/Textures/Noise/T_VFX_Noise_8.uasset" 4751
"C:/Users/malco/Desktop/Cloned Reditus/ReditusV.4.27/Content/Particles/Hack_And_Slash_FX/Materials/Slash/Demon/MI_VFX_DemonSlash_AuraGlow.uasset" 4752
"C:/Users/malco/Desktop/Cloned Reditus/ReditusV.4.27/Content/Particles/Hack_And_Slash_FX/Textures/Noise/T_VFX_Noise_1.uasset" 4753
"C:/Users/malco/Desktop/Cloned Reditus/ReditusV.4.27/Content/Particles/Hack_And_Slash_FX/Textures/Slash_Mask/T_VFX_Slash_Mask_13.uasset" 4754
"C:/Users/malco/Desktop/Cloned Reditus/ReditusV.4.27/Content/Particles/Hack_And_Slash_FX/Materials/Slash/Demon/MI_VFX_DemonSlash_AuraRed.uasset" 4755
"C:/Users/malco/Desktop/Cloned Reditus/ReditusV.4.27/Content/Particles/Hack_And_Slash_FX/Materials/Smoke/MI_VFX_Smoke_3.uasset" 4756
"C:/Users/malco/Desktop/Cloned Reditus/ReditusV.4.27/Content/Particles/Hack_And_Slash_FX/Materials/Master/M_VFX_Particle_SubUV.uasset" 4757
"C:/Users/malco/Desktop/Cloned Reditus/ReditusV.4.27/Content/Particles/Hack_And_Slash_FX/Textures/Smoke/T_VFX_Smoke_1_5x5.uasset" 4758
"C:/Users/malco/Desktop/Cloned Reditus/ReditusV.4.27/Content/Particles/Hack_And_Slash_FX/Textures/Smoke/T_VFX_Smoke_3_5x5.uasset" 4759
"../../Plugins/FX/Niagara/Content/DynamicInputs/ScaleByCurve/ScaleFloatByCurve.uasset" 4760
"../../Plugins/FX/Niagara/Content/DynamicInputs/UniformRange/UniformRangedInt.uasset" 4761
"../../Plugins/FX/Niagara/Content/Modules/Spawn/Location/TorusLocation.uasset" 4762
"../../Plugins/FX/Niagara/Content/Functions/ParametricTorus.uasset" 4763
"../../Plugins/FX/Niagara/Content/Functions/ParametricTorusKnot.uasset" 4764
"../../Plugins/FX/Niagara/Content/Functions/RandomRange.uasset" 4765
"../../Plugins/FX/Niagara/Content/Enums/ENiagaraTorusMode.uasset" 4766
"../../Plugins/FX/Niagara/Content/Modules/Update/Forces/CurlNoiseForce.uasset" 4767
"../../Plugins/FX/Niagara/Content/Functions/Masks/ConeMask.uasset" 4768
"../../Plugins/FX/Niagara/Content/Modules/Update/Size/ScaleSpriteSizeBySpeed.uasset" 4769
"C:/Users/malco/Desktop/Cloned Reditus/ReditusV.4.27/Content/Particles/Hack_And_Slash_FX/Meshes/SM_VFX_Slash_Aura.uasset" 4770
"C:/Users/malco/Desktop/Cloned Reditus/ReditusV.4.27/Content/Particles/Muzzle_Master/PARTICLE_System/NS_MuzzleFlash_04.uasset" 4771
"C:/Users/malco/Desktop/Cloned Reditus/ReditusV.4.27/Content/Particles/Muzzle_Master/Materials/Materials/Mat_Distortion.uasset" 4772
"C:/Users/malco/Desktop/Cloned Reditus/ReditusV.4.27/Content/Particles/Muzzle_Master/Materials/Textures/TEX_NoiseNormal_2.uasset" 4773
"C:/Users/malco/Desktop/Cloned Reditus/ReditusV.4.27/Content/Particles/Muzzle_Master/Materials/Materials/Mat_Spark.uasset" 4774
"C:/Users/malco/Desktop/Cloned Reditus/ReditusV.4.27/Content/Particles/Muzzle_Master/Materials/Textures/TEX_Flare.uasset" 4775
"C:/Users/malco/Desktop/Cloned Reditus/ReditusV.4.27/Content/Particles/Muzzle_Master/Materials/Materials/Mat_Wave.uasset" 4776
"C:/Users/malco/Desktop/Cloned Reditus/ReditusV.4.27/Content/Particles/Muzzle_Master/Materials/Textures/TEX_Wave_Noise_BW.uasset" 4777
"../../Plugins/FX/Niagara/Content/DynamicInputs/UniformRange/UniformRangedVector2D.uasset" 4778
"../../Plugins/FX/Niagara/Content/Modules/Beams/ScaleBeamWidth.uasset" 4779
"../../Plugins/FX/Niagara/Content/Modules/Update/Forces/PointAttractionForce.uasset" 4780
"C:/Users/malco/Desktop/Cloned Reditus/ReditusV.4.27/Content/Particles/Muzzle_Master/PARTICLE_System/NS_MuzzleFlash_06.uasset" 4781
"C:/Users/malco/Desktop/Cloned Reditus/ReditusV.4.27/Content/Particles/Muzzle_Master/Materials/Materials/Mat_Smoke.uasset" 4782
"C:/Users/malco/Desktop/Cloned Reditus/ReditusV.4.27/Content/Particles/Muzzle_Master/Materials/Textures/TEX_Smoke.uasset" 4783
"../../Plugins/FX/Niagara/Content/Modules/Update/Forces/AccelerationForce.uasset" 4784
"C:/Users/malco/Desktop/Cloned Reditus/ReditusV.4.27/Content/Particles/sA_Megapack_v1/sA_Rayvfx/Fx/NiagaraSystems/NS_Ray_3.uasset" 4785
"C:/Users/malco/Desktop/Cloned Reditus/ReditusV.4.27/Content/Particles/sA_Megapack_v1/sA_ShootingVfxPack/FX/NiagaraSystems/NS_ROCKET_Muzzle.uasset" 4786
"C:/Users/malco/Desktop/Cloned Reditus/ReditusV.4.27/Content/Particles/sA_Megapack_v1/sA_ShootingVfxPack/Materials/M_Basic_Particle.uasset" 4787
"C:/Users/malco/Desktop/Cloned Reditus/ReditusV.4.27/Content/Particles/sA_Megapack_v1/sA_ShootingVfxPack/Materials/Textures/T_Circle_1.uasset" 4788
"C:/Users/malco/Desktop/Cloned Reditus/ReditusV.4.27/Content/Particles/sA_Megapack_v1/sA_ShootingVfxPack/Materials/M_Master_Muzzle.uasset" 4789
"C:/Users/malco/Desktop/Cloned Reditus/ReditusV.4.27/Content/Particles/sA_Megapack_v1/sA_ShootingVfxPack/Materials/Textures/T_Gray_Noise_1.uasset" 4790
"C:/Users/malco/Desktop/Cloned Reditus/ReditusV.4.27/Content/Particles/sA_Megapack_v1/sA_ShootingVfxPack/Materials/Textures/T_Muzzle_1.uasset" 4791
"C:/Users/malco/Desktop/Cloned Reditus/ReditusV.4.27/Content/Particles/sA_Megapack_v1/sA_ShootingVfxPack/Materials/M_Master_RadialBeam.uasset" 4792
"C:/Users/malco/Desktop/Cloned Reditus/ReditusV.4.27/Content/Particles/sA_Megapack_v1/sA_ShootingVfxPack/Materials/M_Smoke.uasset" 4793
"C:/Users/malco/Desktop/Cloned Reditus/ReditusV.4.27/Content/Particles/sA_Megapack_v1/sA_ShootingVfxPack/Materials/Textures/T_Smoke_SubUV.uasset" 4794
"C:/Users/malco/Desktop/Cloned Reditus/ReditusV.4.27/Content/Particles/sA_Megapack_v1/sA_ShootingVfxPack/Materials/MI_Muzzle_3.uasset" 4795
"C:/Users/malco/Desktop/Cloned Reditus/ReditusV.4.27/Content/Particles/sA_Megapack_v1/sA_ShootingVfxPack/Materials/Textures/T_Muzzle_3.uasset" 4796
"C:/Users/malco/Desktop/Cloned Reditus/ReditusV.4.27/Content/Particles/sA_Megapack_v1/sA_ShootingVfxPack/Materials/Textures/T_RGB_Noise_1.uasset" 4797
"C:/Users/malco/Desktop/Cloned Reditus/ReditusV.4.27/Content/Particles/sA_Megapack_v1/sA_ShootingVfxPack/FX/NiagaraEmitters/NE_Muzzle_Flash.uasset" 4798
"C:/Users/malco/Desktop/Cloned Reditus/ReditusV.4.27/Content/Particles/sA_Megapack_v1/sA_ShootingVfxPack/Meshes/SM_Muzzle_1.uasset" 4799
"C:/Users/malco/Desktop/Cloned Reditus/ReditusV.4.27/Content/Particles/sA_Megapack_v1/sA_ShootingVfxPack/FX/NiagaraEmitters/NE_Plane.uasset" 4800
"C:/Users/malco/Desktop/Cloned Reditus/ReditusV.4.27/Content/Particles/sA_Megapack_v1/sA_ShootingVfxPack/Meshes/SM_Plane.uasset" 4801
"C:/Users/malco/Desktop/Cloned Reditus/ReditusV.4.27/Content/Particles/sA_Megapack_v1/sA_ShootingVfxPack/FX/NiagaraEmitters/Ne_SimpleSprite.uasset" 4802
"C:/Users/malco/Desktop/Cloned Reditus/ReditusV.4.27/Content/Particles/sA_Megapack_v1/sA_ShootingVfxPack/FX/NiagaraEmitters/NE_Smoke_01.uasset" 4803
"../../Plugins/FX/Niagara/Content/DynamicInputs/Multiply/Multiply_Vector.uasset" 4804
"C:/Users/malco/Desktop/Cloned Reditus/ReditusV.4.27/Content/Particles/sA_Megapack_v1/sA_ShootingVfxPack/FX/NiagaraEmitters/NE_Sparks.uasset" 4805
"C:/Users/malco/Desktop/Cloned Reditus/ReditusV.4.27/Content/Particles/sA_Megapack_v1/sA_ShootingVfxPack/FX/NiagaraSystems/NS_SNIPER_Muzzle.uasset" 4806
"C:/Users/malco/Desktop/Cloned Reditus/ReditusV.4.27/Content/Particles/sA_Megapack_v1/sA_ShootingVfxPack/Materials/MI_Muzzle_2.uasset" 4807
"C:/Users/malco/Desktop/Cloned Reditus/ReditusV.4.27/Content/Particles/sA_Megapack_v1/sA_ShootingVfxPack/Materials/Textures/T_Muzzle_Sniperr.uasset" 4808
"C:/Users/malco/Desktop/Cloned Reditus/ReditusV.4.27/Content/Particles/sA_Megapack_v1/sA_StylizedAttacksPack/FX/NiagaraSystems/NS_BasicHit.uasset" 4809
"C:/Users/malco/Desktop/Cloned Reditus/ReditusV.4.27/Content/Particles/sA_Megapack_v1/sA_StylizedAttacksPack/Materials/MI_Hit_1.uasset" 4810
"C:/Users/malco/Desktop/Cloned Reditus/ReditusV.4.27/Content/Particles/sA_Megapack_v1/sA_StylizedAttacksPack/Materials/Textures/T_Hit_Circle.uasset" 4811
"C:/Users/malco/Desktop/Cloned Reditus/ReditusV.4.27/Content/Particles/sA_Megapack_v1/sA_StylizedAttacksPack/FX/NiagaraEmitters/NE_Basic_Flash.uasset" 4812
"C:/Users/malco/Desktop/Cloned Reditus/ReditusV.4.27/Content/Particles/sA_Megapack_v1/sA_StylizedAttacksPack/FX/NiagaraEmitters/NE_Flame_Basic_001.uasset" 4813
"../../Plugins/FX/Niagara/Content/DynamicInputs/UniformRange/UniformRangedVector4.uasset" 4814
"C:/Users/malco/Desktop/Cloned Reditus/ReditusV.4.27/Content/Particles/sA_PosionSkills_1/Fx/NS_Gas_Mist_1.uasset" 4815
"C:/Users/malco/Desktop/Cloned Reditus/ReditusV.4.27/Content/Particles/sA_PosionSkills_1/Materials/MI_Gas.uasset" 4816
"C:/Users/malco/Desktop/Cloned Reditus/ReditusV.4.27/Content/Particles/sA_PosionSkills_1/Materials/Textures/T_Smoke_Q.uasset" 4817
"../../Plugins/FX/Niagara/Content/DynamicInputs/Multiply/Multiply_Int.uasset" 4818
"../../Plugins/FX/Niagara/Content/DynamicInputs/TypeConversions/MakeIntFromFloat.uasset" 4819
"C:/Users/malco/Desktop/Cloned Reditus/ReditusV.4.27/Content/Particles/AdvancedMagicFX12/Particles/P_ky_aura_fire.uasset" 4820
"C:/Users/malco/Desktop/Cloned Reditus/ReditusV.4.27/Content/Particles/AdvancedMagicFX12/Materials/MI_ky_aura14_fireB_nonD.uasset" 4821
"C:/Users/malco/Desktop/Cloned Reditus/ReditusV.4.27/Content/Particles/AdvancedMagicFX13/Particles/P_ky_burstBall2.uasset" 4822
"C:/Users/malco/Desktop/Cloned Reditus/ReditusV.4.27/Content/Particles/AdvancedMagicFX13/Materials/MI_ky_flare15R.uasset" 4823
"C:/Users/malco/Desktop/Cloned Reditus/ReditusV.4.27/Content/Particles/AdvancedMagicFX13/Textures/T_ky_flare15_4x4.uasset" 4824
"C:/Users/malco/Desktop/Cloned Reditus/ReditusV.4.27/Content/Particles/AdvancedMagicFX13/Materials/MI_ky_primitive2c.uasset" 4825
"C:/Users/malco/Desktop/Cloned Reditus/ReditusV.4.27/Content/Particles/AdvancedMagicFX13/Particles/P_ky_gaither.uasset" 4826
"C:/Users/malco/Desktop/Cloned Reditus/ReditusV.4.27/Content/Particles/AdvancedMagicFX13/Materials/M_ky_circle04.uasset" 4827
"C:/Users/malco/Desktop/Cloned Reditus/ReditusV.4.27/Content/Particles/AdvancedMagicFX13/Materials/M_ky_dust01.uasset" 4828
"C:/Users/malco/Desktop/Cloned Reditus/ReditusV.4.27/Content/Particles/AdvancedMagicFX13/Textures/T_ky_dust01.uasset" 4829
"C:/Users/malco/Desktop/Cloned Reditus/ReditusV.4.27/Content/Particles/AdvancedMagicFX13/Materials/MI_ky_fire03b.uasset" 4830
"C:/Users/malco/Desktop/Cloned Reditus/ReditusV.4.27/Content/Particles/AdvancedMagicFX13/Meshes/SM_ky_circle_inv.uasset" 4831
"C:/Users/malco/Desktop/Cloned Reditus/ReditusV.4.27/Content/Particles/AdvancedMagicFX13/Meshes/SM_ky_sphere.uasset" 4832
"C:/Users/malco/Desktop/Cloned Reditus/ReditusV.4.27/Content/Particles/AdvancedMagicFX13/Particles/P_ky_hit_IronSlash.uasset" 4833
"C:/Users/malco/Desktop/Cloned Reditus/ReditusV.4.27/Content/Particles/AdvancedMagicFX13/Particles/P_ky_hit_Scrapslash.uasset" 4834
"C:/Users/malco/Desktop/Cloned Reditus/ReditusV.4.27/Content/Particles/AdvancedMagicFX13/Particles/P_ky_stabShot.uasset" 4835
"C:/Users/malco/Desktop/Cloned Reditus/ReditusV.4.27/Content/Particles/InfinityBladeEffects/Effects/FX_Mobile/combat/P_AuraCircle_LeachBeam.uasset" 4836
"C:/Users/malco/Desktop/Cloned Reditus/ReditusV.4.27/Content/Particles/InfinityBladeEffects/Effects/FX_Materials/Mobile/M_HealBeam_Trans.uasset" 4837
"C:/Users/malco/Desktop/Cloned Reditus/ReditusV.4.27/Content/Particles/InfinityBladeEffects/Effects/FX_Textures/Texture/T_HealthBeam_Tile_X.uasset" 4838
"C:/Users/malco/Desktop/Cloned Reditus/ReditusV.4.27/Content/Particles/InfinityBladeEffects/Effects/FX_Materials/Mobile/M_LeachBeam_Trans.uasset" 4839
"C:/Users/malco/Desktop/Cloned Reditus/ReditusV.4.27/Content/Particles/InfinityBladeEffects/Effects/FX_Textures/Tile/T_LeachBeam_TileX.uasset" 4840
"C:/Users/malco/Desktop/Cloned Reditus/ReditusV.4.27/Content/Particles/InfinityBladeEffects/Effects/FX_Materials/Trails/M_Swipe_Mesh_Add_2Sided_01_INST.uasset" 4841
"C:/Users/malco/Desktop/Cloned Reditus/ReditusV.4.27/Content/Particles/InfinityBladeEffects/Effects/Masters/M_Add_Sprite_2Sided_Master.uasset" 4842
"C:/Users/malco/Desktop/Cloned Reditus/ReditusV.4.27/Content/Particles/InfinityBladeEffects/Effects/FX_Textures/Gradient/T_SwipeTrail.uasset" 4843
"C:/Users/malco/Desktop/Cloned Reditus/ReditusV.4.27/Content/Particles/InfinityBladeEffects/Effects/FX_Meshes/Skills/SM_LeachHealth.uasset" 4844
"C:/Users/malco/Desktop/Cloned Reditus/ReditusV.4.27/Content/Particles/InfinityBladeEffects/Effects/FX_Monsters/FX_Monster_GolemBot/Notifies/P_SparkBurst.uasset" 4845
"C:/Users/malco/Desktop/Cloned Reditus/ReditusV.4.27/Content/Particles/InfinityBladeEffects/Effects/FX_Materials/Spark/M_Spark_04_SubUV_1_4_INST.uasset" 4846
"C:/Users/malco/Desktop/Cloned Reditus/ReditusV.4.27/Content/Particles/InfinityBladeEffects/Effects/FX_Textures/Spark/T_Sparks_04_SubUV_1_4.uasset" 4847
"C:/Users/malco/Desktop/Cloned Reditus/ReditusV.4.27/Content/Particles/InfinityBladeEffects/Effects/FX_Skill_Whirlwind/P_Whirlwind_Default_WeaponTrail_01.uasset" 4848
"C:/Users/malco/Desktop/Cloned Reditus/ReditusV.4.27/Content/Particles/InfinityBladeEffects/Effects/FX_Meshes/Skills/SM_SwipeTrail.uasset" 4849
"C:/Users/malco/Desktop/Cloned Reditus/ReditusV.4.27/Content/Particles/RPGEffects/Particles/P_Archer_Multishot.uasset" 4850
"C:/Users/malco/Desktop/Cloned Reditus/ReditusV.4.27/Content/Particles/RPGEffects/Materials/M_Arrow_Feather.uasset" 4851
"C:/Users/malco/Desktop/Cloned Reditus/ReditusV.4.27/Content/Particles/RPGEffects/Textures/T_Arrow.uasset" 4852
"C:/Users/malco/Desktop/Cloned Reditus/ReditusV.4.27/Content/Particles/RPGEffects/Textures/T_Arrow_AMS.uasset" 4853
"C:/Users/malco/Desktop/Cloned Reditus/ReditusV.4.27/Content/Particles/RPGEffects/Textures/T_Arrow_N.uasset" 4854
"C:/Users/malco/Desktop/Cloned Reditus/ReditusV.4.27/Content/Particles/RPGEffects/Meshes/SM_Arrow_PivotEnd.uasset" 4855
"C:/Users/malco/Desktop/Cloned Reditus/ReditusV.4.27/Content/Particles/RPGEffects/Materials/M_Arrow.uasset" 4856
"C:/Users/malco/Desktop/Cloned Reditus/ReditusV.4.27/Content/Particles/RPGEffects/Particles/P_Archer_Multishot_Burst.uasset" 4857
"C:/Users/malco/Desktop/Cloned Reditus/ReditusV.4.27/Content/Particles/RPGEffects/Meshes/SM_Arrow_PivotStart.uasset" 4858
"C:/Users/malco/Desktop/Cloned Reditus/ReditusV.4.27/Content/Particles/RPGEffects/Particles/P_Warrior_Earth_Slam.uasset" 4859
"C:/Users/malco/Desktop/Cloned Reditus/ReditusV.4.27/Content/Particles/RPGEffects/Meshes/SM_EarthSlam.uasset" 4860
"C:/Users/malco/Desktop/Cloned Reditus/ReditusV.4.27/Content/Particles/RPGEffects/Materials/M_Earth_Slam.uasset" 4861
"C:/Users/malco/Desktop/Cloned Reditus/ReditusV.4.27/Content/Particles/RPGEffects/Textures/T_Earth_Slam.uasset" 4862
"C:/Users/malco/Desktop/Cloned Reditus/ReditusV.4.27/Content/Pixel2D/Sounds/SFx/SFX_SFX_Land_Big.uasset" 4863
"C:/Users/malco/Desktop/Cloned Reditus/ReditusV.4.27/Content/Sounds/BGS/Fart-Common-Everyday-Fart_Mike-Koenig.uasset" 4864
"C:/Users/malco/Desktop/Cloned Reditus/ReditusV.4.27/Content/Sounds/CutSceneAudio/HorseGallopingOnConcrete.uasset" 4865
"C:/Users/malco/Desktop/Cloned Reditus/ReditusV.4.27/Content/Sounds/Fx/General_Sounds/Impacts/sfx_sounds_impact11.uasset" 4866
"C:/Users/malco/Desktop/Cloned Reditus/ReditusV.4.27/Content/Sounds/JrpgBlueprintSounds/CUE_Sword1.uasset" 4867
"C:/Users/malco/Desktop/Cloned Reditus/ReditusV.4.27/Content/Sounds/JrpgBlueprintSounds/CUE_Sword2.uasset" 4868
"C:/Users/malco/Desktop/Cloned Reditus/ReditusV.4.27/Content/Sounds/Se/Absorb1.uasset" 4869
"C:/Users/malco/Desktop/Cloned Reditus/ReditusV.4.27/Content/Sounds/Se/Flash1.uasset" 4870
"C:/Users/malco/Desktop/Cloned Reditus/ReditusV.4.27/Content/Sounds/Se/Laser2.uasset" 4871
"C:/Users/malco/Desktop/Cloned Reditus/ReditusV.4.27/Content/Sounds/Se/Sword4.uasset" 4872
"C:/Users/malco/Desktop/Cloned Reditus/ReditusV.4.27/Content/Sounds/Se/Wind6.uasset" 4873
"C:/Users/malco/Desktop/Cloned Reditus/ReditusV.4.27/Content/Particles/GoodParticleStatus/Particles/Buff_Status/PS_GPS_Buff_EnergyLightning.uasset" 4874
"C:/Users/malco/Desktop/Cloned Reditus/ReditusV.4.27/Content/Particles/GoodParticleStatus/Sources/Materials/M_GPS_Chroma_Glow.uasset" 4875
"C:/Users/malco/Desktop/Cloned Reditus/ReditusV.4.27/Content/Particles/GoodParticleStatus/Sources/Textures/T_GPS_LensFlare_White_D.uasset" 4876
"C:/Users/malco/Desktop/Cloned Reditus/ReditusV.4.27/Content/Particles/GoodParticleStatus/Sources/Materials/MatInstance/MI_GPS_GradialRaial_blue.uasset" 4877
"C:/Users/malco/Desktop/Cloned Reditus/ReditusV.4.27/Content/Particles/GoodParticleStatus/Sources/Materials/M_GPS_RadialGlow_Tint.uasset" 4878
"C:/Users/malco/Desktop/Cloned Reditus/ReditusV.4.27/Content/Particles/GoodParticleStatus/Sources/Materials/MatInstance/MI_GPS_LightningFade.uasset" 4879
"C:/Users/malco/Desktop/Cloned Reditus/ReditusV.4.27/Content/Particles/GoodParticleStatus/Sources/Materials/MatInstance/MI_GPS_Seq_Crack_Shard.uasset" 4880
"C:/Users/malco/Desktop/Cloned Reditus/ReditusV.4.27/Content/Particles/GoodParticleStatus/Sources/Materials/M_GPS_ColorAndAlpha_HDR.uasset" 4881
"C:/Users/malco/Desktop/Cloned Reditus/ReditusV.4.27/Content/Particles/GoodParticleStatus/Sources/Textures/T_GPS_Flame_01.uasset" 4882
"C:/Users/malco/Desktop/Cloned Reditus/ReditusV.4.27/Content/Particles/GoodParticleStatus/Sources/Textures/T_GPS_Water_D.uasset" 4883
"C:/Users/malco/Desktop/Cloned Reditus/ReditusV.4.27/Content/Particles/GoodParticleStatus/Sources/Textures/T_GPS_Seq_Crack_Shard.uasset" 4884
"C:/Users/malco/Desktop/Cloned Reditus/ReditusV.4.27/Content/Particles/GoodParticleStatus/Sources/Textures/T_GPS_LightningFadeoff_B.uasset" 4885
"C:/Users/malco/Desktop/Cloned Reditus/ReditusV.4.27/Content/Particles/GoodParticleStatus/Sources/Materials/MatInstance/MI_GPS_LightningMesh.uasset" 4886
"C:/Users/malco/Desktop/Cloned Reditus/ReditusV.4.27/Content/Particles/GoodParticleStatus/Sources/Materials/MatInstance/MI_GPS_QuestionMark.uasset" 4887
"C:/Users/malco/Desktop/Cloned Reditus/ReditusV.4.27/Content/Particles/GoodParticleStatus/Sources/Textures/T_GPS_QuestionMark_D.uasset" 4888
"C:/Users/malco/Desktop/Cloned Reditus/ReditusV.4.27/Content/Particles/GoodParticleStatus/Sources/Textures/T_GPS_Lightning_A.uasset" 4889
"C:/Users/malco/Desktop/Cloned Reditus/ReditusV.4.27/Content/Particles/GoodParticleStatus/Sources/Materials/MatInstance/MI_GPS_RadialLightning.uasset" 4890
"C:/Users/malco/Desktop/Cloned Reditus/ReditusV.4.27/Content/Particles/GoodParticleStatus/Sources/Textures/T_GPS_RadialLightning.uasset" 4891
"C:/Users/malco/Desktop/Cloned Reditus/ReditusV.4.27/Content/Particles/GoodParticleStatus/Sources/Meshes/SM_GPS_LightningMesh.uasset" 4892
"C:/Users/malco/Desktop/Cloned Reditus/ReditusV.4.27/Content/Particles/GoodParticleStatus/Particles/Buff_Status/PS_GPS_Buff_Fire.uasset" 4893
"C:/Users/malco/Desktop/Cloned Reditus/ReditusV.4.27/Content/Particles/GoodParticleStatus/Sources/Materials/M_GPS_ColorToAlpha.uasset" 4894
"C:/Users/malco/Desktop/Cloned Reditus/ReditusV.4.27/Content/Particles/GoodParticleStatus/Sources/Materials/M_GPS_Plasma_Smoke.uasset" 4895
"C:/Users/malco/Desktop/Cloned Reditus/ReditusV.4.27/Content/Particles/GoodParticleStatus/Sources/Materials/M_GPS_Seq_Fire.uasset" 4896
"C:/Users/malco/Desktop/Cloned Reditus/ReditusV.4.27/Content/Particles/GoodParticleStatus/Sources/Textures/T_GPS_Seq_Fire_Seq_D.uasset" 4897
"C:/Users/malco/Desktop/Cloned Reditus/ReditusV.4.27/Content/Particles/GoodParticleStatus/Sources/Materials/MatInstance/MI_GPS_TrailTile_Trans_Red.uasset" 4898
"C:/Users/malco/Desktop/Cloned Reditus/ReditusV.4.27/Content/Particles/GoodParticleStatus/Sources/Materials/M_GPS_TrailTile_Trans_Tint.uasset" 4899
"C:/Users/malco/Desktop/Cloned Reditus/ReditusV.4.27/Content/Particles/GoodParticleStatus/Sources/Textures/T_GPS_Saber_Line_01_A.uasset" 4900
"C:/Users/malco/Desktop/Cloned Reditus/ReditusV.4.27/Content/Particles/GoodParticleStatus/Particles/Buff_Status/PS_GPS_Buff_Nebula.uasset" 4901
"C:/Users/malco/Desktop/Cloned Reditus/ReditusV.4.27/Content/Particles/GoodParticleStatus/Sources/Materials/M_GPS_Nebula.uasset" 4902
"C:/Users/malco/Desktop/Cloned Reditus/ReditusV.4.27/Content/Particles/GoodParticleStatus/Sources/Textures/T_GPS_Charge_A.uasset" 4903
"C:/Users/malco/Desktop/Cloned Reditus/ReditusV.4.27/Content/Particles/GoodParticleStatus/Sources/Textures/T_GPS_Nebula_D.uasset" 4904
"C:/Users/malco/Desktop/Cloned Reditus/ReditusV.4.27/Content/Particles/GoodParticleStatus/Sources/Textures/T_GPS_TrailMask_A.uasset" 4905
"C:/Users/malco/Desktop/Cloned Reditus/ReditusV.4.27/Content/Particles/GoodParticleStatus/Sources/Materials/M_GPS_Trail_ColorToAlpha_Tint.uasset" 4906
"C:/Users/malco/Desktop/Cloned Reditus/ReditusV.4.27/Content/Particles/GoodParticleStatus/Sources/Materials/MatInstance/MI_GPS_T_GPS_TrailTilel_Plasma.uasset" 4907
"C:/Users/malco/Desktop/Cloned Reditus/ReditusV.4.27/Content/Particles/GoodParticleStatus/Sources/Materials/M_GPS_TrailTile_Additive.uasset" 4908
"C:/Users/malco/Desktop/Cloned Reditus/ReditusV.4.27/Content/Particles/GoodParticleStatus/Sources/Textures/T_GPS_Trail_A.uasset" 4909
"C:/Users/malco/Desktop/Cloned Reditus/ReditusV.4.27/Content/Particles/GoodParticleStatus/Sources/Textures/T_GPS_Trail_Plasma_A.uasset" 4910
"C:/Users/malco/Desktop/Cloned Reditus/ReditusV.4.27/Content/Particles/GoodParticleStatus/Sources/Meshes/SM_GPS_Twist_Loop.uasset" 4911
"C:/Users/malco/Desktop/Cloned Reditus/ReditusV.4.27/Content/Particles/GoodParticleStatus/Particles/Buff_Status/PS_GPS_Buff_Trail_Ice.uasset" 4912
"C:/Users/malco/Desktop/Cloned Reditus/ReditusV.4.27/Content/Particles/GoodParticleStatus/Particles/Buff_Status/PS_GPS_Buff_Trail_Poison.uasset" 4913
"C:/Users/malco/Desktop/Cloned Reditus/ReditusV.4.27/Content/Particles/GoodParticleStatus/Sources/Materials/M_GPS_ShockWave_Refraction.uasset" 4914
"C:/Users/malco/Desktop/Cloned Reditus/ReditusV.4.27/Content/Particles/GoodParticleStatus/Sources/Textures/T_GPS_RadialNormal.uasset" 4915
"C:/Users/malco/Desktop/Cloned Reditus/ReditusV.4.27/Content/Particles/GoodParticleStatus/Sources/Textures/T_GPS_ShockWave_01_A.uasset" 4916
"C:/Users/malco/Desktop/Cloned Reditus/ReditusV.4.27/Content/Particles/GoodParticleStatus/Sources/Materials/M_GPS_Sphere_Mask.uasset" 4917
"C:/Users/malco/Desktop/Cloned Reditus/ReditusV.4.27/Content/Particles/GoodParticleStatus/Sources/Materials/M_GPS_Trail_Trans.uasset" 4918
"C:/Users/malco/Desktop/Cloned Reditus/ReditusV.4.27/Content/Particles/GoodParticleStatus/Sources/Materials/MatInstance/MI_GPS_Acid.uasset" 4919
"C:/Users/malco/Desktop/Cloned Reditus/ReditusV.4.27/Content/Particles/GoodParticleStatus/Sources/Textures/T_GPS_Plasma_Green_D.uasset" 4920
"C:/Users/malco/Desktop/Cloned Reditus/ReditusV.4.27/Content/Particles/GoodParticleStatus/Sources/Materials/MatInstance/MI_GPS_LensBlur.uasset" 4921
"C:/Users/malco/Desktop/Cloned Reditus/ReditusV.4.27/Content/Particles/GoodParticleStatus/Sources/Textures/T_GPS_LensBlur.uasset" 4922
"C:/Users/malco/Desktop/Cloned Reditus/ReditusV.4.27/Content/Particles/GoodParticleStatus/Particles/Buff_Status/PS_GPS_Buff_Trail_Soft.uasset" 4923
"C:/Users/malco/Desktop/Cloned Reditus/ReditusV.4.27/Content/Particles/GoodParticleStatus/Sources/Materials/M_GPS_TrailTile_Trans_Des.uasset" 4924
"C:/Users/malco/Desktop/Cloned Reditus/ReditusV.4.27/Content/Particles/GoodParticleStatus/Sources/Textures/T_GPS_Trail_Purple_D.uasset" 4925
"C:/Users/malco/Desktop/Cloned Reditus/ReditusV.4.27/Content/Particles/GoodParticleStatus/Particles/Buff_Status/PS_GPS_Buff_Trail_Sparks.uasset" 4926
"C:/Users/malco/Desktop/Cloned Reditus/ReditusV.4.27/Content/Particles/GoodParticleStatus/Particles/Buff_Status/PS_GPS_Buff_Trail_SpiritWave.uasset" 4927
"C:/Users/malco/Desktop/Cloned Reditus/ReditusV.4.27/Content/Particles/GoodParticleStatus/Sources/Materials/M_GPS_SwirlFlame_Blue.uasset" 4928
"C:/Users/malco/Desktop/Cloned Reditus/ReditusV.4.27/Content/Particles/GoodParticleStatus/Sources/Materials/MatInstance/MI_GPS_RingBlur.uasset" 4929
"C:/Users/malco/Desktop/Cloned Reditus/ReditusV.4.27/Content/Particles/GoodParticleStatus/Sources/Textures/T_GPS_Ring_ShockWave_A.uasset" 4930
"C:/Users/malco/Desktop/Cloned Reditus/ReditusV.4.27/Content/Particles/GoodParticleStatus/Particles/Buff_Status/PS_GPS_Buff_Unholy.uasset" 4931
"C:/Users/malco/Desktop/Cloned Reditus/ReditusV.4.27/Content/Particles/GoodParticleStatus/Sources/Materials/M_GPS_RuneFont.uasset" 4932
"C:/Users/malco/Desktop/Cloned Reditus/ReditusV.4.27/Content/Particles/GoodParticleStatus/Sources/Textures/T_GPS_RuneFont_01_A.uasset" 4933
"C:/Users/malco/Desktop/Cloned Reditus/ReditusV.4.27/Content/Particles/GoodParticleStatus/Sources/Materials/MatInstance/MI_GPS_TrailTile_Trans_Purple.uasset" 4934
"C:/Users/malco/Desktop/Cloned Reditus/ReditusV.4.27/Content/Particles/GoodParticleStatus/Sources/Meshes/SM_GPS_Ring.uasset" 4935
"C:/Users/malco/Desktop/Cloned Reditus/ReditusV.4.27/Content/Particles/GoodParticleStatus/Particles/Foot_Status/PS_GPS_LakeLand.uasset" 4936
"C:/Users/malco/Desktop/Cloned Reditus/ReditusV.4.27/Content/Particles/GoodParticleStatus/Sources/Materials/M_GPS_Ripple.uasset" 4937
"C:/Users/malco/Desktop/Cloned Reditus/ReditusV.4.27/Content/Particles/GoodParticleStatus/Sources/Materials/M_GPS_Slowdown.uasset" 4938
"C:/Users/malco/Desktop/Cloned Reditus/ReditusV.4.27/Content/Particles/GoodParticleStatus/Sources/Textures/T_GPS_RippleWave_A.uasset" 4939
"C:/Users/malco/Desktop/Cloned Reditus/ReditusV.4.27/Content/Particles/GoodParticleStatus/Sources/Materials/M_GPS_Splash_Refraction.uasset" 4940
"C:/Users/malco/Desktop/Cloned Reditus/ReditusV.4.27/Content/Particles/GoodParticleStatus/Sources/Textures/T_GPS_Splash_A.uasset" 4941
"C:/Users/malco/Desktop/Cloned Reditus/ReditusV.4.27/Content/Particles/GoodParticleStatus/Sources/Materials/T_GPS_MultipleDust_Refraction.uasset" 4942
"C:/Users/malco/Desktop/Cloned Reditus/ReditusV.4.27/Content/Particles/GoodParticleStatus/Sources/Textures/T_GPS_MultiplyDust_01_A.uasset" 4943
"C:/Users/malco/Desktop/Cloned Reditus/ReditusV.4.27/Content/Particles/GoodParticleStatus/Sources/Meshes/SM_GPS_Plane_Horizon.uasset" 4944
"C:/Users/malco/Desktop/Cloned Reditus/ReditusV.4.27/Content/Particles/GoodParticleStatus/Particles/Foot_Status/PS_GPS_LavaLand.uasset" 4945
"C:/Users/malco/Desktop/Cloned Reditus/ReditusV.4.27/Content/Particles/GoodParticleStatus/Particles/Foot_Status/PS_GPS_SnowLand.uasset" 4946
"C:/Users/malco/Desktop/Cloned Reditus/ReditusV.4.27/Content/Particles/GoodParticleStatus/Sources/Materials/M_GPS_MultipleDust_Trans.uasset" 4947
"C:/Users/malco/Desktop/Cloned Reditus/ReditusV.4.27/Content/Particles/GoodParticleStatus/Sources/Textures/T_GPS_Snow_D.uasset" 4948
"C:/Users/malco/Desktop/Cloned Reditus/ReditusV.4.27/Content/Particles/GoodParticleStatus/Particles/Foot_Status/PS_GPS_SwampLand.uasset" 4949
"C:/Users/malco/Desktop/Cloned Reditus/ReditusV.4.27/Content/Particles/GoodParticleStatus/Sources/Materials/M_GPS_MultipleDust_Mask.uasset" 4950
"C:/Users/malco/Desktop/Cloned Reditus/ReditusV.4.27/Content/Particles/GoodParticleStatus/Particles/Head_Status/PS_GPS_Chaos.uasset" 4951
"C:/Users/malco/Desktop/Cloned Reditus/ReditusV.4.27/Content/Particles/GoodParticleStatus/Sources/Materials/M_GPS_Silence_Base.uasset" 4952
"C:/Users/malco/Desktop/Cloned Reditus/ReditusV.4.27/Content/Particles/GoodParticleStatus/Sources/Textures/T_GPS_Silence_A.uasset" 4953
"C:/Users/malco/Desktop/Cloned Reditus/ReditusV.4.27/Content/Particles/GoodParticleStatus/Sources/Materials/MatInstance/MI_GPS_Chaos.uasset" 4954
"C:/Users/malco/Desktop/Cloned Reditus/ReditusV.4.27/Content/Particles/GoodParticleStatus/Sources/Textures/T_GPS_Chaos.uasset" 4955
"C:/Users/malco/Desktop/Cloned Reditus/ReditusV.4.27/Content/Particles/GoodParticleStatus/Particles/Head_Status/PS_GPS_Evil.uasset" 4956
"C:/Users/malco/Desktop/Cloned Reditus/ReditusV.4.27/Content/Particles/GoodParticleStatus/Sources/Materials/M_GPS_Evil_Emoji.uasset" 4957
"C:/Users/malco/Desktop/Cloned Reditus/ReditusV.4.27/Content/Particles/GoodParticleStatus/Sources/Textures/T_GPS_EmojiEvil_D.uasset" 4958
"C:/Users/malco/Desktop/Cloned Reditus/ReditusV.4.27/Content/Particles/GoodParticleStatus/Sources/Materials/M_GPS_SwirlFlame_Tint_Refraction.uasset" 4959
"C:/Users/malco/Desktop/Cloned Reditus/ReditusV.4.27/Content/Particles/GoodParticleStatus/Sources/Materials/MatInstance/MI_GPS_GradialRaial_Purple_01.uasset" 4960
"C:/Users/malco/Desktop/Cloned Reditus/ReditusV.4.27/Content/Particles/GoodParticleStatus/Particles/Head_Status/PS_GPS_Heart.uasset" 4961
"C:/Users/malco/Desktop/Cloned Reditus/ReditusV.4.27/Content/Particles/GoodParticleStatus/Sources/Materials/MatInstance/MI_GPS_Heart.uasset" 4962
"C:/Users/malco/Desktop/Cloned Reditus/ReditusV.4.27/Content/Particles/GoodParticleStatus/Sources/Materials/M_GPS_ColorAndAlpha.uasset" 4963
"C:/Users/malco/Desktop/Cloned Reditus/ReditusV.4.27/Content/Particles/GoodParticleStatus/Sources/Textures/T_GPS_Heart_D.uasset" 4964
"C:/Users/malco/Desktop/Cloned Reditus/ReditusV.4.27/Content/Particles/GoodParticleStatus/Sources/Materials/MatInstance/MI_GPS_Star.uasset" 4965
"C:/Users/malco/Desktop/Cloned Reditus/ReditusV.4.27/Content/Particles/GoodParticleStatus/Sources/Textures/T_GPS_StarSharp_A.uasset" 4966
"C:/Users/malco/Desktop/Cloned Reditus/ReditusV.4.27/Content/Particles/GoodParticleStatus/Particles/Head_Status/PS_GPS_QuestionMark.uasset" 4967
"C:/Users/malco/Desktop/Cloned Reditus/ReditusV.4.27/Content/Particles/GoodParticleStatus/Particles/Head_Status/PS_GPS_Selection_02.uasset" 4968
"C:/Users/malco/Desktop/Cloned Reditus/ReditusV.4.27/Content/Particles/GoodParticleStatus/Sources/Materials/MatInstance/MI_GPS_Ring.uasset" 4969
"C:/Users/malco/Desktop/Cloned Reditus/ReditusV.4.27/Content/Particles/GoodParticleStatus/Sources/Textures/T_GPS_RingGlow_A.uasset" 4970
"C:/Users/malco/Desktop/Cloned Reditus/ReditusV.4.27/Content/Particles/GoodParticleStatus/Particles/Head_Status/PS_GPS_Silence.uasset" 4971
"C:/Users/malco/Desktop/Cloned Reditus/ReditusV.4.27/Content/Particles/GoodParticleStatus/Sources/Materials/M_GPS_Sphere_Trans.uasset" 4972
"C:/Users/malco/Desktop/Cloned Reditus/ReditusV.4.27/Content/Particles/GoodParticleStatus/Particles/Head_Status/PS_GPS_Sleep.uasset" 4973
"C:/Users/malco/Desktop/Cloned Reditus/ReditusV.4.27/Content/Particles/GoodParticleStatus/Sources/Materials/MatInstance/MI_GPS_Z.uasset" 4974
"C:/Users/malco/Desktop/Cloned Reditus/ReditusV.4.27/Content/Particles/GoodParticleStatus/Sources/Textures/T_GPS_Z_Font.uasset" 4975
"C:/Users/malco/Desktop/Cloned Reditus/ReditusV.4.27/Content/Particles/GoodParticleStatus/Particles/Head_Status/PS_GPS_Stun.uasset" 4976
"C:/Users/malco/Desktop/Cloned Reditus/ReditusV.4.27/Content/Particles/GoodParticleStatus/Sources/Materials/MatInstance/MI_GPS_RingGlow.uasset" 4977
"C:/Users/malco/Desktop/Cloned Reditus/ReditusV.4.27/Content/Particles/GoodParticleStatus/Sources/Textures/T_GPS_RingGlow_04.uasset" 4978
"C:/Users/malco/Desktop/Cloned Reditus/ReditusV.4.27/Content/Particles/GoodParticleStatus/Sources/Meshes/SM_GPS_Star.uasset" 4979
"C:/Users/malco/Desktop/Cloned Reditus/ReditusV.4.27/Content/Particles/GoodParticleStatus/Particles/Head_Status/PS_GPS_Unlucky.uasset" 4980
"C:/Users/malco/Desktop/Cloned Reditus/ReditusV.4.27/Content/Particles/GoodParticleStatus/Sources/Materials/M_GPS_Raven.uasset" 4981
"C:/Users/malco/Desktop/Cloned Reditus/ReditusV.4.27/Content/Particles/GoodParticleStatus/Sources/Textures/T_GPS_Raven_D.uasset" 4982
"C:/Users/malco/Desktop/Cloned Reditus/ReditusV.4.27/Content/Particles/GoodParticleStatus/Sources/Meshes/SM_GPS_Raven.uasset" 4983
"C:/Users/malco/Desktop/Cloned Reditus/ReditusV.4.27/Content/Particles/GoodParticleStatus/Particles/Status/Debuff_Status/PS_GPS_Backfire.uasset" 4984
"C:/Users/malco/Desktop/Cloned Reditus/ReditusV.4.27/Content/Particles/GoodParticleStatus/Particles/Status/Debuff_Status/PS_GPS_Burning.uasset" 4985
"C:/Users/malco/Desktop/Cloned Reditus/ReditusV.4.27/Content/Particles/GoodParticleStatus/Sources/Materials/M_GPS_Fire_Flame.uasset" 4986
"C:/Users/malco/Desktop/Cloned Reditus/ReditusV.4.27/Content/Particles/GoodParticleStatus/Sources/Textures/T_GPS_Seq_Fire_01_D.uasset" 4987
"C:/Users/malco/Desktop/Cloned Reditus/ReditusV.4.27/Content/Particles/GoodParticleStatus/Sources/Materials/M_GPS_Flame_Refraction.uasset" 4988
"C:/Users/malco/Desktop/Cloned Reditus/ReditusV.4.27/Content/Particles/GoodParticleStatus/Sources/Materials/MatInstance/MI_GPS_T_GlowDirection.uasset" 4989
"C:/Users/malco/Desktop/Cloned Reditus/ReditusV.4.27/Content/Particles/GoodParticleStatus/Sources/Textures/T_GPS_GlowDirection.uasset" 4990
"C:/Users/malco/Desktop/Cloned Reditus/ReditusV.4.27/Content/Particles/GoodParticleStatus/Particles/Status/Debuff_Status/PS_GPS_Chill_01.uasset" 4991
"C:/Users/malco/Desktop/Cloned Reditus/ReditusV.4.27/Content/Particles/GoodParticleStatus/Sources/Materials/T_GPS_Inky_Smoke_Mat.uasset" 4992
"C:/Users/malco/Desktop/Cloned Reditus/ReditusV.4.27/Content/Particles/GoodParticleStatus/Sources/Textures/T_GPS_Ice_D.uasset" 4993
"C:/Users/malco/Desktop/Cloned Reditus/ReditusV.4.27/Content/Particles/GoodParticleStatus/Particles/Status/Debuff_Status/PS_GPS_Chill_02.uasset" 4994
"C:/Users/malco/Desktop/Cloned Reditus/ReditusV.4.27/Content/Particles/GoodParticleStatus/Sources/Materials/M_GPS_Snowflake.uasset" 4995
"C:/Users/malco/Desktop/Cloned Reditus/ReditusV.4.27/Content/Particles/GoodParticleStatus/Sources/Textures/T_GPS_IceLand_normal.uasset" 4996
"C:/Users/malco/Desktop/Cloned Reditus/ReditusV.4.27/Content/Particles/GoodParticleStatus/Sources/Textures/T_GPS_Snowflake.uasset" 4997
"C:/Users/malco/Desktop/Cloned Reditus/ReditusV.4.27/Content/Particles/GoodParticleStatus/Particles/Status/Debuff_Status/PS_GPS_Frozen_01.uasset" 4998
"C:/Users/malco/Desktop/Cloned Reditus/ReditusV.4.27/Content/Particles/GoodParticleStatus/Sources/Materials/M_GPS_Ice_Chunk_Refraction.uasset" 4999
"C:/Users/malco/Desktop/Cloned Reditus/ReditusV.4.27/Content/Particles/GoodParticleStatus/Sources/Textures/T_GPS_Bubble_A.uasset" 5000
"C:/Users/malco/Desktop/Cloned Reditus/ReditusV.4.27/Content/Particles/GoodParticleStatus/Sources/Textures/T_GPS_Frozen_Ice_Shards_emissive.uasset" 5001
"C:/Users/malco/Desktop/Cloned Reditus/ReditusV.4.27/Content/Particles/GoodParticleStatus/Sources/Textures/T_GPS_IceLand_Roughness.uasset" 5002
"C:/Users/malco/Desktop/Cloned Reditus/ReditusV.4.27/Content/Particles/GoodParticleStatus/Sources/Meshes/SM_GPS_Ice_Cone.uasset" 5003
"C:/Users/malco/Desktop/Cloned Reditus/ReditusV.4.27/Content/Particles/GoodParticleStatus/Particles/Status/Debuff_Status/PS_GPS_Frozen_02.uasset" 5004
"C:/Users/malco/Desktop/Cloned Reditus/ReditusV.4.27/Content/Particles/GoodParticleStatus/Sources/Materials/M_GPS_IceGround.uasset" 5005
"C:/Users/malco/Desktop/Cloned Reditus/ReditusV.4.27/Content/Particles/GoodParticleStatus/Sources/Textures/T_GPS_RadialFlare.uasset" 5006
"C:/Users/malco/Desktop/Cloned Reditus/ReditusV.4.27/Content/Particles/GoodParticleStatus/Sources/Meshes/SM_GPS_Ice_Con.uasset" 5007
"C:/Users/malco/Desktop/Cloned Reditus/ReditusV.4.27/Content/Particles/GoodParticleStatus/Particles/Status/Debuff_Status/PS_GPS_Tar.uasset" 5008
"C:/Users/malco/Desktop/Cloned Reditus/ReditusV.4.27/Content/Particles/GoodParticleStatus/Sources/Materials/M_GPS_SwampEffect.uasset" 5009
"C:/Users/malco/Desktop/Cloned Reditus/ReditusV.4.27/Content/Particles/GoodParticleStatus/Sources/Textures/T_GPS_Sharp_mask.uasset" 5010
"C:/Users/malco/Desktop/Cloned Reditus/ReditusV.4.27/Content/Particles/GoodParticleStatus/Sources/Materials/M_GPS_SwirlFlame_Tint.uasset" 5011
"C:/Users/malco/Desktop/Cloned Reditus/ReditusV.4.27/Content/Particles/GoodParticleStatus/Sources/Materials/T_GPS_Sharp_Dust.uasset" 5012
"C:/Users/malco/Desktop/Cloned Reditus/ReditusV.4.27/Content/Particles/GoodParticleStatus/Sources/Materials/MatInstance/MI_GPS_Swirl.uasset" 5013
"C:/Users/malco/Desktop/Cloned Reditus/ReditusV.4.27/Content/Particles/GoodParticleStatus/Sources/Textures/T_GPS_Swirl_A.uasset" 5014
"C:/Users/malco/Desktop/Cloned Reditus/ReditusV.4.27/Content/Particles/GoodParticleStatus/Sources/Meshes/SM_GPS_SwampSwirl.uasset" 5015
"C:/Users/malco/Desktop/Cloned Reditus/ReditusV.4.27/Content/Particles/GoodParticleStatus/Particles/Status/Shield_Status/PS_GPS_ShieldFire.uasset" 5016
"C:/Users/malco/Desktop/Cloned Reditus/ReditusV.4.27/Content/Particles/GoodParticleStatus/Sources/Materials/M_GPS_FireShield.uasset" 5017
"C:/Users/malco/Desktop/Cloned Reditus/ReditusV.4.27/Content/Particles/GoodParticleStatus/Sources/Textures/T_GPS_BurningTex_02_D.uasset" 5018
"C:/Users/malco/Desktop/Cloned Reditus/ReditusV.4.27/Content/Particles/GoodParticleStatus/Particles/Status/Shield_Status/PS_GPS_ShieldWater.uasset" 5019
"C:/Users/malco/Desktop/Cloned Reditus/ReditusV.4.27/Content/Particles/GoodParticleStatus/Sources/Materials/M_GPS_ShieldBubble.uasset" 5020
"C:/Users/malco/Desktop/Cloned Reditus/ReditusV.4.27/Content/Particles/GoodParticleStatus/Sources/Materials/MatInstance/MI_GPS_GradialRaial_Purple_02.uasset" 5021
"C:/Users/malco/Desktop/Cloned Reditus/ReditusV.4.27/Content/Particles/GoodParticleStatus/Particles/Status/Shield_Status/PS_GPS_ShieldWind.uasset" 5022
"C:/Users/malco/Desktop/Cloned Reditus/ReditusV.4.27/Content/Particles/GoodParticleStatus/Sources/Materials/M_GPS_ShieldBase.uasset" 5023
"C:/Users/malco/Desktop/Cloned Reditus/ReditusV.4.27/Content/TurnBasedJRPGTemplate/Blueprints/MiniGames/HackMiniGame/Collision_L.uasset" 5024
"../../../Engine/Content/BasicShapes/BasicShapeMaterial.uasset" 5025
"C:/Users/malco/Desktop/Cloned Reditus/ReditusV.4.27/Content/TurnBasedJRPGTemplate/Blueprints/MiniGames/HackMiniGame/Collision_R.uasset" 5026
"C:/Users/malco/Desktop/Cloned Reditus/ReditusV.4.27/Content/Particles/GoodParticleStatus/Particles/Buff_Status/PS_GPS_Buff_Nebula1.uasset" 5027
"C:/Users/malco/Desktop/Cloned Reditus/ReditusV.4.27/Content/Particles/GoodParticleStatus/Particles/Buff_Status/PS_GPS_Buff_Nebula2.uasset" 5028
"C:/Users/malco/Desktop/Cloned Reditus/ReditusV.4.27/Content/Sounds/JrpgBlueprintSounds/CUE_ThunderboltHit.uasset" 5029
"C:/Users/malco/Desktop/Cloned Reditus/ReditusV.4.27/Content/Sounds/JrpgBlueprintSounds/WAV_ThunderboltHit.uasset" 5030
"C:/Users/malco/Desktop/Cloned Reditus/ReditusV.4.27/Content/Particles/RPGEffects/ParticlesNiagara/Mage/LightningBolt/NS_Mage_LIghtning_Bolt.uasset" 5031
"C:/Users/malco/Desktop/Cloned Reditus/ReditusV.4.27/Content/Particles/RPGEffects/Materials/M_Glow.uasset" 5032
"C:/Users/malco/Desktop/Cloned Reditus/ReditusV.4.27/Content/Particles/RPGEffects/Materials/M_Lightning_Zaps.uasset" 5033
"C:/Users/malco/Desktop/Cloned Reditus/ReditusV.4.27/Content/Particles/RPGEffects/Textures/T_Lightning_Zaps.uasset" 5034
"../../Plugins/FX/Niagara/Content/Modules/Spawn/Velocity/PointForce.uasset" 5035
"../../Plugins/FX/Niagara/Content/Functions/V2/DistanceBasedFalloff.uasset" 5036
"C:/Users/malco/Desktop/Cloned Reditus/ReditusV.4.27/Content/Particles/RPGEffects/Meshes/SM_Lightning_Bolt.uasset" 5037
"C:/Users/malco/Desktop/Cloned Reditus/ReditusV.4.27/Content/Particles/RPGEffects/Materials/M_LightningScroll.uasset" 5038
"C:/Users/malco/Desktop/Cloned Reditus/ReditusV.4.27/Content/Particles/RPGEffects/Textures/T_LightningScrollMask.uasset" 5039
"C:/Users/malco/Desktop/Cloned Reditus/ReditusV.4.27/Content/Particles/RPGEffects/Meshes/SM_Stone.uasset" 5040
"C:/Users/malco/Desktop/Cloned Reditus/ReditusV.4.27/Content/Particles/RPGEffects/Materials/M_Stones.uasset" 5041
"C:/Users/malco/Desktop/Cloned Reditus/ReditusV.4.27/Content/Particles/RPGEffects/Textures/T_Stone.uasset" 5042
"C:/Users/malco/Desktop/Cloned Reditus/ReditusV.4.27/Content/Particles/RPGEffects/Textures/T_Stone_N.uasset" 5043
"C:/Users/malco/Desktop/Cloned Reditus/ReditusV.4.27/Content/Sounds/Se/Airloft_talk.uasset" 5044
"C:/Users/malco/Desktop/Cloned Reditus/ReditusV.4.27/Content/Sounds/Se/Thunder6.uasset" 5045
"C:/Users/malco/Desktop/Cloned Reditus/ReditusV.4.27/Content/TurnBasedJRPGTemplate/Materials/M_EnemySpawnLocation.uasset" 5046
"C:/Users/malco/Desktop/Cloned Reditus/ReditusV.4.27/Content/TurnBasedJRPGTemplate/Blueprints/Battle/BattleTransition/BP_FadeBattleLevelTransition.uasset" 5047
"C:/Users/malco/Desktop/Cloned Reditus/ReditusV.4.27/Content/TurnBasedJRPGTemplate/Blueprints/UI/BP_FadeTransitionUI.uasset" 5048
"C:/Users/malco/Desktop/Cloned Reditus/ReditusV.4.27/Content/TurnBasedJRPGTemplate/Materials/M_Transition.uasset" 5049
"C:/Users/malco/Desktop/Cloned Reditus/ReditusV.4.27/Content/TurnBasedJRPGTemplate/Textures/T_TransitionRenderTarget.uasset" 5050
"C:/Users/malco/Desktop/Cloned Reditus/ReditusV.4.27/Content/TurnBasedJRPGTemplate/Blueprints/Battle/BattleTransition/BP_InstantBattleTransition.uasset" 5051
"C:/Users/malco/Desktop/Cloned Reditus/ReditusV.4.27/Content/TurnBasedJRPGTemplate/Blueprints/Skills/Buffs/BP_Staggered.uasset" 5052
"C:/Users/malco/Desktop/Cloned Reditus/ReditusV.4.27/Content/Sounds/Se/Break.uasset" 5053
"../../Plugins/FX/Niagara/Content/ParameterDefinitions/CoreParameters.uasset" 5054
"../../Plugins/FX/Niagara/Content/ParameterDefinitions/LightRenderer.uasset" 5055
"../../Plugins/FX/Niagara/Content/ParameterDefinitions/MeshRenderer.uasset" 5056
"../../Plugins/FX/Niagara/Content/ParameterDefinitions/RibbonRenderer.uasset" 5057
"../../Plugins/FX/Niagara/Content/ParameterDefinitions/SpriteRenderer.uasset" 5058
"I:/DerivedDataCache/4/7/9/STATICMESH_9CE2B6FB46754B699726C4AA1515F12E_228332BAE0224DD294E232B87D83948FQU__2CED97B61C381F19A1A3DDDE0813F8736E9A4FAD.udd" 5059
"I:/DerivedDataCache/8/4/2/DIST_STATICMESH_9CE2B6FB46754B699726C4AA1515F12E_228332BAE0224DD294E232B87D839__8ECB537F936B008E13136B329BABB12310796163.udd" 5060
"I:/DerivedDataCache/4/6/0/PHYSX_A08609EF508D460CBB6710540B03AACF_PHYSXPC_078E720F4415FE95A0EED881DE08F8C__38FCFA7D2668AD9F025928AE47BD586429D86736.udd" 5061
"I:/DerivedDataCache/1/7/9/NAVCOLLISION_2983273BE5D6425391E8C0B3D1C0A55D_NAVCOLLISION_X_078E720F4415FE95A__877480A8497A99290417647AF2BDB3D2EBB53BC3.udd" 5062
"I:/DerivedDataCache/7/3/1/STATICMESH_9CE2B6FB46754B699726C4AA1515F12E_228332BAE0224DD294E232B87D83948FQU__09D9DB5D50B11ECED3C38AE6BF4A457F18A39C0A.udd" 5063
"I:/DerivedDataCache/8/1/8/DIST_STATICMESH_9CE2B6FB46754B699726C4AA1515F12E_228332BAE0224DD294E232B87D839__E7D35F5602EE7771C452846D4E8897AE84AF3C48.udd" 5064
"I:/DerivedDataCache/0/6/9/PHYSX_A08609EF508D460CBB6710540B03AACF_PHYSXPC_254732C14A7840105B6FA4BC9198032__E7F34B5DE485139CBA26EF2521BE13B4E683A938.udd" 5065
"I:/DerivedDataCache/9/1/3/NAVCOLLISION_2983273BE5D6425391E8C0B3D1C0A55D_NAVCOLLISION_X_254732C14A7840105__292A33CD0A97B5EAE48DC367ACD937AC2434ABC7.udd" 5066
"I:/DerivedDataCache/3/2/7/STATICMESH_9CE2B6FB46754B699726C4AA1515F12E_228332BAE0224DD294E232B87D83948FQU__FBE1E631C26A0A6514DBDBBA1DE65DBFB46ED665.udd" 5067
"I:/DerivedDataCache/9/8/5/DIST_STATICMESH_9CE2B6FB46754B699726C4AA1515F12E_228332BAE0224DD294E232B87D839__34A9DB715730350E3CF1C9D120C5D5EA8A68FB1B.udd" 5068
"I:/DerivedDataCache/4/5/7/PHYSX_A08609EF508D460CBB6710540B03AACF_PHYSXPC_2C83450D4409C78CBFFA4E8ECEA8FEB__C07CA7548D637C9AAE4998E495AB13DE09582277.udd" 5069
"I:/DerivedDataCache/7/4/0/NAVCOLLISION_2983273BE5D6425391E8C0B3D1C0A55D_NAVCOLLISION_X_2C83450D4409C78CB__8FAFCBE78A1D15BEC86751FC0A6474964890D14D.udd" 5070
"I:/DerivedDataCache/0/5/5/AUDIO_0005_0000_OGG10000$2D1$2D1$2D1$2D1$2D1_0004_06C58FB442A677BE032D6FA4646B7219.udd" 5071
"I:/DerivedDataCache/9/7/6/STATICMESH_9CE2B6FB46754B699726C4AA1515F12E_228332BAE0224DD294E232B87D83948FQU__4945FFC32097EA21DB36D94D603EBBC000F8A72A.udd" 5072
"I:/DerivedDataCache/8/2/0/DIST_STATICMESH_9CE2B6FB46754B699726C4AA1515F12E_228332BAE0224DD294E232B87D839__8CE9D644124C43EB278B38B52BE68F1B3E52FD05.udd" 5073
"I:/DerivedDataCache/2/7/0/PHYSX_A08609EF508D460CBB6710540B03AACF_PHYSXPC_3E551C3C3D41A468D9F319AC91126BF__E5889B847DC6AF75AC15438224EC84F498835207.udd" 5074
"I:/DerivedDataCache/0/3/3/NAVCOLLISION_2983273BE5D6425391E8C0B3D1C0A55D_NAVCOLLISION_X_3E551C3C3D41A468D__B6B1CEDCB7F906FCCCD268EA70FA27BC27DB6CEA.udd" 5075
"I:/DerivedDataCache/0/3/9/MATSM_0BA69734E4FD45E082FA4560DBE25454_PCD3D_SM5_8__BC5N_NOCCBN_NOIRIS_DEV_SL___B96B85AB24C2FC38F89BF53AB494CE9C6363B2A4.udd" 5076
"I:/DerivedDataCache/4/1/8/MATSM_0BA69734E4FD45E082FA4560DBE25454_PCD3D_SM5_8__BC5N_NOCCBN_NOIRIS_DEV_SL___B61BECE5AF5EDB797DFD32F199EA91F72C160F88.udd" 5077
"I:/DerivedDataCache/3/0/4/MATSM_0BA69734E4FD45E082FA4560DBE25454_PCD3D_SM5_8__BC5N_NOCCBN_NOIRIS_DEV_SL___3E9F9D93D5672328F893C888A44EFB2EADFB1317.udd" 5078
"I:/DerivedDataCache/1/7/1/STATICMESH_9CE2B6FB46754B699726C4AA1515F12E_228332BAE0224DD294E232B87D83948FQU__D66AB720997567F3C0F4C90E968383AD3B368A79.udd" 5079
"I:/DerivedDataCache/2/4/5/DIST_STATICMESH_9CE2B6FB46754B699726C4AA1515F12E_228332BAE0224DD294E232B87D839__029A7CA1DE17EB2240A97E216E8308DBC10AF906.udd" 5080
"I:/DerivedDataCache/3/9/5/PHYSX_A08609EF508D460CBB6710540B03AACF_PHYSXPC_3797637A544A6C2B25ABD593EC05F43__774004EE46E2A41D0FE31277E4AC52D40C89BCA5.udd" 5081
"I:/DerivedDataCache/2/4/8/NAVCOLLISION_2983273BE5D6425391E8C0B3D1C0A55D_NAVCOLLISION_X_3797637A544A6C2B2__5B8EADDE240FA844FE04828D62B6F528C06C7B4B.udd" 5082
"I:/DerivedDataCache/1/2/0/STATICMESH_9CE2B6FB46754B699726C4AA1515F12E_228332BAE0224DD294E232B87D83948FQU__0D36021C537B72FC3D1048E9AFDDDF56EDB6CBA5.udd" 5083
"I:/DerivedDataCache/8/0/6/DIST_STATICMESH_9CE2B6FB46754B699726C4AA1515F12E_228332BAE0224DD294E232B87D839__8423F56A6D49D23B496D921F18AC11D173107BD3.udd" 5084
"I:/DerivedDataCache/3/2/6/PHYSX_A08609EF508D460CBB6710540B03AACF_PHYSXPC_4AB0E2BCAA43FAB98B0E3D8E2DE084B__5BC82BD75D39DEB09BD43E7286BE639176C16867.udd" 5085
"I:/DerivedDataCache/6/0/3/NAVCOLLISION_2983273BE5D6425391E8C0B3D1C0A55D_NAVCOLLISION_X_4AB0E2BCAA43FAB98__31FCF7C724C1C97B8DE498934DC2C8D4C01F4722.udd" 5086
"I:/DerivedDataCache/7/3/6/STATICMESH_9CE2B6FB46754B699726C4AA1515F12E_228332BAE0224DD294E232B87D83948FQU__CF796BF2102E3EC8ADF067FC144CA82213C45D9A.udd" 5087
"I:/DerivedDataCache/8/5/2/DIST_STATICMESH_9CE2B6FB46754B699726C4AA1515F12E_228332BAE0224DD294E232B87D839__811E93DF29B52EAABAD92F616DA25882354555C3.udd" 5088
"I:/DerivedDataCache/2/0/6/PHYSX_A08609EF508D460CBB6710540B03AACF_PHYSXPC_B6ABFE2342AAFBD4BF3E9B9C2E7F96B__83700C71546D05D478393878DA58114EEA4D5C68.udd" 5089
"I:/DerivedDataCache/4/5/8/NAVCOLLISION_2983273BE5D6425391E8C0B3D1C0A55D_NAVCOLLISION_X_B6ABFE2342AAFBD4B__764139B965C5F1A720BFB09A8BD3BE38288DBCBD.udd" 5090
"I:/DerivedDataCache/2/5/9/AUDIO_0005_0000_OGG10000$2D1$2D1$2D1$2D1$2D1_0004_994AAE504C8EDE2A35BEC8A9D83436C5.udd" 5091
"I:/DerivedDataCache/0/1/0/AUDIO_0005_0000_OGG10000$2D1$2D1$2D1$2D1$2D1_0004_1D8FA3B64BDB788F9AB4E69C1119B1F7.udd" 5092
"I:/DerivedDataCache/9/8/1/AUDIO_0005_0000_OGG10000$2D1$2D1$2D1$2D1$2D1_0004_093721DC4441EF98BA6FAE8350B097C5.udd" 5093
"I:/DerivedDataCache/4/2/7/AUDIO_0005_0000_OGG10000$2D1$2D1$2D1$2D1$2D1_0004_887CE39B4491E91D785EFD9BEF8D0DBA.udd" 5094
"I:/DerivedDataCache/0/7/4/MATSM_0BA69734E4FD45E082FA4560DBE25454_PCD3D_SM5_8__BC5N_NOCCBN_NOIRIS_DEV_SL___FD6707BD64C9063DB415E5FB8700213D01329547.udd" 5095
"I:/DerivedDataCache/1/7/0/STATICMESH_9CE2B6FB46754B699726C4AA1515F12E_228332BAE0224DD294E232B87D83948FQU__134726C0A1C93829F7C1C06ADBF802938901B193.udd" 5096
"I:/DerivedDataCache/9/9/2/DIST_STATICMESH_9CE2B6FB46754B699726C4AA1515F12E_228332BAE0224DD294E232B87D839__8C4C85B6B87124DCD8A01DACEFB036B0CF50BC8C.udd" 5097
"I:/DerivedDataCache/4/2/4/PHYSX_A08609EF508D460CBB6710540B03AACF_PHYSXPC_A208BA7CEE4F7224A256E79A9EABEB2__0DEBD312461A18D24C1A11EA94EC373647D5061F.udd" 5098
"I:/DerivedDataCache/0/9/5/NAVCOLLISION_2983273BE5D6425391E8C0B3D1C0A55D_NAVCOLLISION_X_A208BA7CEE4F7224A__36A5C25E28FD33F87CB791A9C6037A5D461B79F0.udd" 5099
"I:/DerivedDataCache/1/2/3/STATICMESH_9CE2B6FB46754B699726C4AA1515F12E_228332BAE0224DD294E232B87D83948FQU__7DDCB4D143D2FB98E7FC1197A8E8CF6977EDEC36.udd" 5100
"I:/DerivedDataCache/6/3/3/DIST_STATICMESH_9CE2B6FB46754B699726C4AA1515F12E_228332BAE0224DD294E232B87D839__6B2E8E80B328841C65902BE24C3B0F4C9E442AEC.udd" 5101
"I:/DerivedDataCache/4/4/2/PHYSX_A08609EF508D460CBB6710540B03AACF_PHYSXPC_03A5D5E40B478248C14AA3B9212BFFD__328C348694DBA0633D266D5FE55E6B5A43538157.udd" 5102
"I:/DerivedDataCache/9/5/4/NAVCOLLISION_2983273BE5D6425391E8C0B3D1C0A55D_NAVCOLLISION_X_03A5D5E40B478248C__AC28709BCEED29640FDD4546E20CFEAD9615D65E.udd" 5103
"I:/DerivedDataCache/5/3/0/STATICMESH_9CE2B6FB46754B699726C4AA1515F12E_228332BAE0224DD294E232B87D83948FQU__83A979875D13BA069A298F80DC0B0117C9D5DA96.udd" 5104
"I:/DerivedDataCache/6/8/5/DIST_STATICMESH_9CE2B6FB46754B699726C4AA1515F12E_228332BAE0224DD294E232B87D839__D7DBA935B56817DE43BE33A076BF2841A0FBC510.udd" 5105
"I:/DerivedDataCache/9/5/5/PHYSX_A08609EF508D460CBB6710540B03AACF_PHYSXPC_903B9C298348F27AFEA120B1AD5F681__DA96B90D21082BA0E38FC42F4363B0DFAB52A7D8.udd" 5106
"I:/DerivedDataCache/4/7/9/NAVCOLLISION_2983273BE5D6425391E8C0B3D1C0A55D_NAVCOLLISION_X_903B9C298348F27AF__3483F3D2D2DF68749C6127260A948854C48529F0.udd" 5107
"I:/DerivedDataCache/4/3/2/STATICMESH_9CE2B6FB46754B699726C4AA1515F12E_228332BAE0224DD294E232B87D83948FQU__EE82BDEFC00532EB4F3A654F788D9FE538E98632.udd" 5108
"I:/DerivedDataCache/2/6/1/DIST_STATICMESH_9CE2B6FB46754B699726C4AA1515F12E_228332BAE0224DD294E232B87D839__14E391AFBC73D9CD6116E4B7B399472EF2EE0517.udd" 5109
"I:/DerivedDataCache/6/4/5/PHYSX_A08609EF508D460CBB6710540B03AACF_PHYSXPC_5EB515C30F499960485FDD96588B52B__D678A93637CB82559672F335EC591DFBE4CD1DA1.udd" 5110
"I:/DerivedDataCache/0/2/2/NAVCOLLISION_2983273BE5D6425391E8C0B3D1C0A55D_NAVCOLLISION_X_5EB515C30F4999604__D77B3ABFB2CF2309C50FCBB308075664EC170547.udd" 5111
"I:/DerivedDataCache/1/2/2/ANIMSEQ_D0E639028BB74237AD0F9775C097BB85_0_46B7D064812EBB4F8EBA7BFBB9838AEA60E__96F20412126A4EF2B381D0623863F970C6A9B1C0.udd" 5112
"I:/DerivedDataCache/6/7/5/STATICMESH_9CE2B6FB46754B699726C4AA1515F12E_228332BAE0224DD294E232B87D83948FQU__7F5F8FBF405CE4A34618A61CB034DAB6904B0F4B.udd" 5113
"I:/DerivedDataCache/9/5/9/DIST_STATICMESH_9CE2B6FB46754B699726C4AA1515F12E_228332BAE0224DD294E232B87D839__50862B2BE74090F7D3479A4144D426C0D32ED61C.udd" 5114
"I:/DerivedDataCache/9/6/6/PHYSX_A08609EF508D460CBB6710540B03AACF_PHYSXPC_FE7687BB4944C79FF702DC9A62B0DF0__E4953FFF1D731066D42809734D8E73C36384BCDF.udd" 5115
"I:/DerivedDataCache/3/8/7/NAVCOLLISION_2983273BE5D6425391E8C0B3D1C0A55D_NAVCOLLISION_X_FE7687BB4944C79FF__CF7D4230C1B49F43565C1074E48E12FDD1EDC349.udd" 5116
"I:/DerivedDataCache/8/3/7/AUDIO_0005_0000_OGG10000$2D1$2D1$2D1$2D1$2D1_0004_EF31450149E62C045D8B529BDAAB0BEF.udd" 5117
"I:/DerivedDataCache/0/0/2/STATICMESH_9CE2B6FB46754B699726C4AA1515F12E_228332BAE0224DD294E232B87D83948FQU__0BBBDF413EA16A7F2A293BF00E661A7166C20EA9.udd" 5118
"I:/DerivedDataCache/6/6/3/DIST_STATICMESH_9CE2B6FB46754B699726C4AA1515F12E_228332BAE0224DD294E232B87D839__E9B41FEF3B5213241777114F80A9FD8ECF60FE64.udd" 5119
"I:/DerivedDataCache/4/2/3/PHYSX_A08609EF508D460CBB6710540B03AACF_PHYSXPC_1CC1446F414910EF2E758495290A7B8__3519B9317DD59140458C5383F7D30333AAC05BC0.udd" 5120
"I:/DerivedDataCache/8/0/5/NAVCOLLISION_2983273BE5D6425391E8C0B3D1C0A55D_NAVCOLLISION_X_1CC1446F414910EF2__B327E20EC76D1E62B59153F1E8E84AB4C18AAC32.udd" 5121
"I:/DerivedDataCache/2/8/8/AUDIO_0005_0000_OGG10000$2D1$2D1$2D1$2D1$2D1_0004_B7F8227249A39DDE9CA80EA00EE446F7.udd" 5122
"I:/DerivedDataCache/3/4/6/AUDIO_0005_0000_OGG10000$2D1$2D1$2D1$2D1$2D1_0004_3088070E4BAB0D55890EF2AC3431C36F.udd" 5123
"I:/DerivedDataCache/9/3/8/AUDIO_0005_0000_OGG10000$2D1$2D1$2D1$2D1$2D1_0004_1A5579064C529721AD2485B541E6ACC2.udd" 5124
"I:/DerivedDataCache/4/6/1/STATICMESH_9CE2B6FB46754B699726C4AA1515F12E_228332BAE0224DD294E232B87D83948FQU__0493639D50A82A61D336ED3F8F271FB27ECD5B9D.udd" 5125
"I:/DerivedDataCache/0/9/6/DIST_STATICMESH_9CE2B6FB46754B699726C4AA1515F12E_228332BAE0224DD294E232B87D839__01479DE9B673A6EBD2C473644E4E501C7BA15545.udd" 5126
"I:/DerivedDataCache/2/5/9/PHYSX_A08609EF508D460CBB6710540B03AACF_PHYSXPC_DEBDA8773B4EA6A434040EAED1DB927__A7B9D847A35EAD7DE2C8E84A8146D8681A959AFF.udd" 5127
"I:/DerivedDataCache/2/4/7/NAVCOLLISION_2983273BE5D6425391E8C0B3D1C0A55D_NAVCOLLISION_X_DEBDA8773B4EA6A43__D45AF8BC8AAAEC0692A87561B28B33E618BB8BD1.udd" 5128
"I:/DerivedDataCache/7/7/4/STATICMESH_9CE2B6FB46754B699726C4AA1515F12E_228332BAE0224DD294E232B87D83948FQU__AF5C2891D6F5F9F8539891AEEC8FDF92B637815A.udd" 5129
"I:/DerivedDataCache/0/8/5/DIST_STATICMESH_9CE2B6FB46754B699726C4AA1515F12E_228332BAE0224DD294E232B87D839__B8E8BF6F0F52A552B69A4604D784348FC12C04D4.udd" 5130
"I:/DerivedDataCache/3/0/0/PHYSX_A08609EF508D460CBB6710540B03AACF_PHYSXPC_981D44078142BD801AD2D4881B3EA09__6D1C4BF8E1789B50397EA5E84E003108622047F0.udd" 5131
"I:/DerivedDataCache/5/1/9/NAVCOLLISION_2983273BE5D6425391E8C0B3D1C0A55D_NAVCOLLISION_X_981D44078142BD801__B6024D4C8A84DF43AD22BF57C00B7EDA6945B756.udd" 5132
"I:/DerivedDataCache/8/2/0/MATSM_0BA69734E4FD45E082FA4560DBE25454_PCD3D_SM5_8__BC5N_NOCCBN_NOIRIS_DEV_SL___4FEC05408C0338D637725F89F97B21A0EA3ED880.udd" 5133
"I:/DerivedDataCache/3/6/7/MATSM_0BA69734E4FD45E082FA4560DBE25454_PCD3D_SM5_8__BC5N_NOCCBN_NOIRIS_DEV_SL___E427DB5D328BB952EB7E3D3F95A16D7DEBB9571E.udd" 5134
"I:/DerivedDataCache/2/8/6/MATSM_0BA69734E4FD45E082FA4560DBE25454_PCD3D_SM5_8__BC5N_NOCCBN_NOIRIS_DEV_SL___883C864366AAFA3E00A31177902C0B9C0A008733.udd" 5135
"I:/DerivedDataCache/4/0/6/MATSM_0BA69734E4FD45E082FA4560DBE25454_PCD3D_SM5_8__BC5N_NOCCBN_NOIRIS_DEV_SL___0008900EA75F422268FAFBF682BBE77D97E8AE6D.udd" 5136
"I:/DerivedDataCache/1/3/5/AUDIO_0005_0000_OGG10000$2D1$2D1$2D1$2D1$2D1_0004_B18CBB9C4F1E2153EE004BB258A05F7B.udd" 5137
"I:/DerivedDataCache/8/4/2/AUDIO_0005_0000_OGG10000$2D1$2D1$2D1$2D1$2D1_0004_58E0263F40D465CFD194C287E718505E.udd" 5138
"I:/DerivedDataCache/5/1/9/STATICMESH_9CE2B6FB46754B699726C4AA1515F12E_228332BAE0224DD294E232B87D83948FQU__8529B0BC150D2B5A954B1E302266D5ACC1C4A2F1.udd" 5139
"I:/DerivedDataCache/1/6/5/DIST_STATICMESH_9CE2B6FB46754B699726C4AA1515F12E_228332BAE0224DD294E232B87D839__EBB9A1D10717EAC20CC29F145E29F2A5EDB75621.udd" 5140
"I:/DerivedDataCache/3/6/7/PHYSX_A08609EF508D460CBB6710540B03AACF_PHYSXPC_AF56DB4F6B4E7022BBE9A39854B3313__8521CA17853E8CBF01382C17533072CA995493E8.udd" 5141
"I:/DerivedDataCache/2/6/6/NAVCOLLISION_2983273BE5D6425391E8C0B3D1C0A55D_NAVCOLLISION_X_AF56DB4F6B4E7022B__C9E52B1D1A4D5C45427738AC2831091BBBE34DBA.udd" 5142
"I:/DerivedDataCache/6/5/7/MATSM_0BA69734E4FD45E082FA4560DBE25454_PCD3D_SM5_8__BC5N_NOCCBN_NOIRIS_DEV_SL___6F6BF60C771C3739054458DB5A005ADA659B318C.udd" 5143
"I:/DerivedDataCache/4/5/8/AUDIO_0005_0000_OGG10000$2D1$2D1$2D1$2D1$2D1_0004_90925D9C48CF72AE60AEC3B877AF7A36.udd" 5144
"I:/DerivedDataCache/5/6/4/AUDIO_0005_0000_OGG10000$2D1$2D1$2D1$2D1$2D1_0004_917F02EA44F999AE04C7C7BCBDE37427.udd" 5145
"I:/DerivedDataCache/5/7/2/STATICMESH_9CE2B6FB46754B699726C4AA1515F12E_228332BAE0224DD294E232B87D83948FQU__7096AC1E929F88E557F19919D576A62FBD5BE7C8.udd" 5146
"I:/DerivedDataCache/5/2/3/DIST_STATICMESH_9CE2B6FB46754B699726C4AA1515F12E_228332BAE0224DD294E232B87D839__25DD4BEFFB5C3DD11D0EF61883F791B317330C61.udd" 5147
"I:/DerivedDataCache/9/6/8/PHYSX_A08609EF508D460CBB6710540B03AACF_PHYSXPC_969128F7450783098613EF853E4F304__AAA4E1AF340A6A841D9658ED9AB1DC39E90E026A.udd" 5148
"I:/DerivedDataCache/4/8/8/NAVCOLLISION_2983273BE5D6425391E8C0B3D1C0A55D_NAVCOLLISION_X_969128F7450783098__7E4C09228AC43D3A0A9CE2666C771972EED6737B.udd" 5149
"I:/DerivedDataCache/3/6/8/AUDIO_0005_0000_OGG10000$2D1$2D1$2D1$2D1$2D1_0004_D04F93AE4BC86E5C11BE56BAECC9F31D.udd" 5150
"I:/DerivedDataCache/5/3/6/STATICMESH_9CE2B6FB46754B699726C4AA1515F12E_228332BAE0224DD294E232B87D83948FQU__49918580DB711A128863F16754ADDD53D43E6319.udd" 5151
"I:/DerivedDataCache/2/8/7/DIST_STATICMESH_9CE2B6FB46754B699726C4AA1515F12E_228332BAE0224DD294E232B87D839__4340E1571B4177906F8DFC79374DC722C37207ED.udd" 5152
"I:/DerivedDataCache/1/6/0/PHYSX_A08609EF508D460CBB6710540B03AACF_PHYSXPC_294518C24469EFFA47A7E491924BBE9__E1DDDBB96BE5F4A0FA97A6956F23088CF55AC01C.udd" 5153
"I:/DerivedDataCache/1/4/5/NAVCOLLISION_2983273BE5D6425391E8C0B3D1C0A55D_NAVCOLLISION_X_294518C24469EFFA4__2063871C7BEE7619D1A2FE8FED531C8CD7C280F7.udd" 5154
"I:/DerivedDataCache/0/3/5/STATICMESH_9CE2B6FB46754B699726C4AA1515F12E_228332BAE0224DD294E232B87D83948FQU__4A51D11A90FF18823287D4DE06DA721FD267D03B.udd" 5155
"I:/DerivedDataCache/3/8/2/DIST_STATICMESH_9CE2B6FB46754B699726C4AA1515F12E_228332BAE0224DD294E232B87D839__E278D4C7877406FF31EB87727B04E61CE78EDE1D.udd" 5156
"I:/DerivedDataCache/8/9/5/PHYSX_A08609EF508D460CBB6710540B03AACF_PHYSXPC_42FCFED31647710DA24033AF8C4BBDC__381563EF8698353A94EA114E6E904AA319524686.udd" 5157
"I:/DerivedDataCache/1/3/1/NAVCOLLISION_2983273BE5D6425391E8C0B3D1C0A55D_NAVCOLLISION_X_42FCFED31647710DA__2CF11BA2D202EA3F2C0E4CBC31A84D0BE2451821.udd" 5158
"I:/DerivedDataCache/6/0/3/AUDIO_0005_0000_OGG10000$2D1$2D1$2D1$2D1$2D1_0004_7DC2DFB043164426E8EFAFA6C595988B.udd" 5159
"I:/DerivedDataCache/7/4/1/AUDIO_0005_0000_OGG10000$2D1$2D1$2D1$2D1$2D1_0004_AEBC6DD0473BBD3205CFFD8794BE64D1.udd" 5160
"I:/DerivedDataCache/9/3/6/STATICMESH_9CE2B6FB46754B699726C4AA1515F12E_228332BAE0224DD294E232B87D83948FQU__204A1CC96EEBE070F48FC10910A0BE2E576529F7.udd" 5161
"I:/DerivedDataCache/6/8/6/DIST_STATICMESH_9CE2B6FB46754B699726C4AA1515F12E_228332BAE0224DD294E232B87D839__861F0D402D38FD2510BEED36CDE70193696075F6.udd" 5162
"I:/DerivedDataCache/3/7/7/PHYSX_A08609EF508D460CBB6710540B03AACF_PHYSXPC_5C0B110C45F47CCAF4CB55BAA1E30E3__BE4E09F4D522E1441238E616B90EDA063CD09842.udd" 5163
"I:/DerivedDataCache/3/3/8/NAVCOLLISION_2983273BE5D6425391E8C0B3D1C0A55D_NAVCOLLISION_X_5C0B110C45F47CCAF__E84570B31E9513668C9B86436AAB6703ED1D7684.udd" 5164
"I:/DerivedDataCache/0/8/4/STATICMESH_9CE2B6FB46754B699726C4AA1515F12E_228332BAE0224DD294E232B87D83948FQU__51FFDF4E51D01CED0CC003C73CCDCF0E7D38F636.udd" 5165
"I:/DerivedDataCache/8/1/4/DIST_STATICMESH_9CE2B6FB46754B699726C4AA1515F12E_228332BAE0224DD294E232B87D839__E1954ADFE0B71778D03ADE113BE8BD9F581175AE.udd" 5166
"I:/DerivedDataCache/9/1/4/PHYSX_A08609EF508D460CBB6710540B03AACF_PHYSXPC_A108DEF64A892A1631CF15957D53FFA__E63002580B4F90D3221627A68BF32A5FD98D1DD6.udd" 5167
"I:/DerivedDataCache/3/5/4/NAVCOLLISION_2983273BE5D6425391E8C0B3D1C0A55D_NAVCOLLISION_X_A108DEF64A892A163__EB66A125A34B66193EAC643D015033DB88BA9054.udd" 5168
"C:/Users/malco/Desktop/Cloned Reditus/ReditusV.4.27/Content/PushableActorProject/Blueprints/BasicPush/Audio/SND_BoxScrape_001.uasset" 5169
"C:/Users/malco/Desktop/Cloned Reditus/ReditusV.4.27/Content/PushableActorProject/Blueprints/BasicPush/Audio/SND_BoxLand_001.uasset" 5170
"I:/DerivedDataCache/5/2/8/STATICMESH_9CE2B6FB46754B699726C4AA1515F12E_228332BAE0224DD294E232B87D83948FQU__8F7F199DFF4AE9BCBBC592FC8F97B9EFB9EFB5A3.udd" 5171
"I:/DerivedDataCache/5/5/7/DIST_STATICMESH_9CE2B6FB46754B699726C4AA1515F12E_228332BAE0224DD294E232B87D839__C7F69CA0591DAEB3C3AFC978AAA0AE827F1C9073.udd" 5172
"I:/DerivedDataCache/4/5/0/PHYSX_A08609EF508D460CBB6710540B03AACF_PHYSXPC_4F4AB4E1A24CC8396CDB36B38353F10__E1FB80A7A26F27B048D413AE6AAFCBE499D8743C.udd" 5173
"I:/DerivedDataCache/7/9/7/NAVCOLLISION_2983273BE5D6425391E8C0B3D1C0A55D_NAVCOLLISION_X_4F4AB4E1A24CC8396__7242E448D3AB10E29E19AD0766E094F926F2F2BA.udd" 5174
"I:/DerivedDataCache/9/1/4/STATICMESH_9CE2B6FB46754B699726C4AA1515F12E_228332BAE0224DD294E232B87D83948FQU__89243F53191721005AC81211FA2CBD4C30FC04FA.udd" 5175
"I:/DerivedDataCache/5/8/4/DIST_STATICMESH_9CE2B6FB46754B699726C4AA1515F12E_228332BAE0224DD294E232B87D839__339C89772E52464D206B10451E8A6041AAC7B282.udd" 5176
"I:/DerivedDataCache/8/5/4/PHYSX_A08609EF508D460CBB6710540B03AACF_PHYSXPC_B1E468FAA6473F60F9A36C926A82E9E__8C7660DAECAF5FE091D8900E2A52C30EB1E70498.udd" 5177
"I:/DerivedDataCache/9/4/4/NAVCOLLISION_2983273BE5D6425391E8C0B3D1C0A55D_NAVCOLLISION_X_B1E468FAA6473F60F__A44EE1EAA5609EA8FDBF7AA8F2C5836668A36B39.udd" 5178
"I:/DerivedDataCache/8/9/1/STATICMESH_9CE2B6FB46754B699726C4AA1515F12E_228332BAE0224DD294E232B87D83948FQU__B977E4CF7D599524E5C95B935E63F4E875752A11.udd" 5179
"I:/DerivedDataCache/3/9/2/DIST_STATICMESH_9CE2B6FB46754B699726C4AA1515F12E_228332BAE0224DD294E232B87D839__05F66F57AD9BC6293FF737E7439F920D6E61179A.udd" 5180
"I:/DerivedDataCache/3/5/8/PHYSX_A08609EF508D460CBB6710540B03AACF_PHYSXPC_662F6347284F8648BB88EC94EBBB04E__EC608A4A5C97DB2B17B83C4860608D904C29C907.udd" 5181
"I:/DerivedDataCache/8/2/7/NAVCOLLISION_2983273BE5D6425391E8C0B3D1C0A55D_NAVCOLLISION_X_662F6347284F8648B__4AF7F078605583283BC57A107E30B91C19E87D93.udd" 5182
"I:/DerivedDataCache/9/3/1/STATICMESH_9CE2B6FB46754B699726C4AA1515F12E_228332BAE0224DD294E232B87D83948FQU__64FD1C77A4543B4B0CA0C1ED0B9429D39B8B0642.udd" 5183
"I:/DerivedDataCache/8/7/1/DIST_STATICMESH_9CE2B6FB46754B699726C4AA1515F12E_228332BAE0224DD294E232B87D839__5148E7B09F32A76CE4B7FD4E9692D0525DB3062C.udd" 5184
"I:/DerivedDataCache/5/9/0/PHYSX_A08609EF508D460CBB6710540B03AACF_PHYSXPC_F76E5809F643D7917AED85B7876376E__B1BE3F214FF712CB769DDB530EAA0E42959F20D3.udd" 5185
"I:/DerivedDataCache/1/4/3/NAVCOLLISION_2983273BE5D6425391E8C0B3D1C0A55D_NAVCOLLISION_X_F76E5809F643D7917__45C470A5782D9049A30E441FAC7D03BA74FAAEF0.udd" 5186
"I:/DerivedDataCache/1/4/8/MATSM_0BA69734E4FD45E082FA4560DBE25454_PCD3D_SM5_8__BC5N_NOCCBN_NOIRIS_DEV_SL___BD852DCD992A754FEEFE232C209B4BCB18B90893.udd" 5187
"../../../Engine/Plugins/FX/Niagara/Shaders/Private/NiagaraDataInterfaceDebugDraw.ush" 5188
"I:/DerivedDataCache/3/5/8/MATSM_0BA69734E4FD45E082FA4560DBE25454_PCD3D_SM5_8__BC5N_NOCCBN_NOIRIS_DEV_SL___1F2FDCBF102B657F481803916648CDD3098B8A30.udd" 5189
"I:/DerivedDataCache/4/4/0/MATSM_0BA69734E4FD45E082FA4560DBE25454_PCD3D_SM5_8__BC5N_NOCCBN_NOIRIS_DEV_SL___DD1ED90497CA1E5149F4A2BEF03D3661C86B3026.udd" 5190
"I:/DerivedDataCache/0/7/4/AUDIO_0005_0000_OGG10000$2D1$2D1$2D1$2D1$2D1_0004_DE2477FE48B266CAED7CDAB47660491F.udd" 5191
"I:/DerivedDataCache/4/3/6/AUDIO_0005_0000_OGG10000$2D1$2D1$2D1$2D1$2D1_0004_1FDC5DE84AEF677D9E0F048D01C2992E.udd" 5192
"I:/DerivedDataCache/5/7/7/STATICMESH_9CE2B6FB46754B699726C4AA1515F12E_228332BAE0224DD294E232B87D83948FQU__00D8307063C9AD26E053F4C84A8FE84050C8A6BA.udd" 5193
"I:/DerivedDataCache/2/0/4/DIST_STATICMESH_9CE2B6FB46754B699726C4AA1515F12E_228332BAE0224DD294E232B87D839__09BC28F7814A869335F9BF45F1C316043447CFC2.udd" 5194
"I:/DerivedDataCache/7/2/2/PHYSX_A08609EF508D460CBB6710540B03AACF_PHYSXPC_A25AC3AB4F435130F3C177B16263F56__5143DC10FA2F2756590A1160E2BA54081F2ED440.udd" 5195
"I:/DerivedDataCache/3/8/4/NAVCOLLISION_2983273BE5D6425391E8C0B3D1C0A55D_NAVCOLLISION_X_A25AC3AB4F435130F__9295F9F9BA81120D53CFAAA919733B767B7D13BA.udd" 5196
"I:/DerivedDataCache/0/9/3/STATICMESH_9CE2B6FB46754B699726C4AA1515F12E_228332BAE0224DD294E232B87D83948FQU__B13244B06FC6569EA171A84DD67CE0CCB0B7069F.udd" 5197
"I:/DerivedDataCache/4/6/6/DIST_STATICMESH_9CE2B6FB46754B699726C4AA1515F12E_228332BAE0224DD294E232B87D839__85A5FD1CAB7FB4DDEFF95FA61DF43A43245FF754.udd" 5198
"I:/DerivedDataCache/8/0/1/PHYSX_A08609EF508D460CBB6710540B03AACF_PHYSXPC_E373CDC447BE3A430BA49E9D36F75E9__C7C9F1EEBD6836D4E57D9ABA81F587BEA25BE678.udd" 5199
"I:/DerivedDataCache/9/9/0/NAVCOLLISION_2983273BE5D6425391E8C0B3D1C0A55D_NAVCOLLISION_X_E373CDC447BE3A430__A10923DF7FF9332F81DB55D707E8ED368CA777AA.udd" 5200
"I:/DerivedDataCache/1/2/8/STATICMESH_9CE2B6FB46754B699726C4AA1515F12E_228332BAE0224DD294E232B87D83948FQU__5F4C9A68D6ABA03C51B5767CE0E19897FE152CFA.udd" 5201
"I:/DerivedDataCache/2/9/8/DIST_STATICMESH_9CE2B6FB46754B699726C4AA1515F12E_228332BAE0224DD294E232B87D839__F23229EE8D4D2500F460CA04478B2FEE3D0C3206.udd" 5202
"I:/DerivedDataCache/6/5/8/PHYSX_A08609EF508D460CBB6710540B03AACF_PHYSXPC_A0271DDA4FE9B56C27BFBAAE7A3F0E0__9124BC758220BA0DDDD412CB6BB89388DF134F47.udd" 5203
"I:/DerivedDataCache/7/3/6/NAVCOLLISION_2983273BE5D6425391E8C0B3D1C0A55D_NAVCOLLISION_X_A0271DDA4FE9B56C2__1F5E1C2FA29BCA673579DDFA0107753F1493F686.udd" 5204
"I:/DerivedDataCache/3/3/5/STATICMESH_9CE2B6FB46754B699726C4AA1515F12E_228332BAE0224DD294E232B87D83948FQU__99F999240ABCD83DCF35751DD34285296E7A4668.udd" 5205
"I:/DerivedDataCache/5/1/6/DIST_STATICMESH_9CE2B6FB46754B699726C4AA1515F12E_228332BAE0224DD294E232B87D839__8FB1A0928BF8CE216A2D4209D41737488AA5B320.udd" 5206
"I:/DerivedDataCache/0/0/7/PHYSX_A08609EF508D460CBB6710540B03AACF_PHYSXPC_078E720F4415FE95A0EED881DE08F8C__89BC5C927DA9CB057D498A884767D08896F40226.udd" 5207
"I:/DerivedDataCache/0/2/6/NAVCOLLISION_2983273BE5D6425391E8C0B3D1C0A55D_NAVCOLLISION_X_078E720F4415FE95A__09EDDC6AE52FD76DD87CB32400A6C8D4CF2EBF22.udd" 5208
"I:/DerivedDataCache/0/2/8/AUDIO_0005_0000_OGG10000$2D1$2D1$2D1$2D1$2D1_0004_349D6E504B84B38A5CD899A76C628ABC.udd" 5209
"I:/DerivedDataCache/4/4/0/AUDIO_0005_0000_OGG10000$2D1$2D1$2D1$2D1$2D1_0004_DC3A6E3041C8DA2E34FB82AD172DB0C3.udd" 5210
"I:/DerivedDataCache/3/2/1/STATICMESH_9CE2B6FB46754B699726C4AA1515F12E_228332BAE0224DD294E232B87D83948FQU__9329AFAC54DF7D835C3DE9CCD3D480677A49E771.udd" 5211
"I:/DerivedDataCache/7/8/2/DIST_STATICMESH_9CE2B6FB46754B699726C4AA1515F12E_228332BAE0224DD294E232B87D839__625BD4778AF7E0ED5C02A3593727B3976B066461.udd" 5212
"I:/DerivedDataCache/8/5/2/PHYSX_A08609EF508D460CBB6710540B03AACF_PHYSXPC_B6D22D674C0A6E3C9E109E8147C01D8__F40E7F3CFDAAD26D811BC16D0AB9271529C5E8EA.udd" 5213
"I:/DerivedDataCache/7/3/9/NAVCOLLISION_2983273BE5D6425391E8C0B3D1C0A55D_NAVCOLLISION_X_B6D22D674C0A6E3C9__72E8152659F7072B628307953E72850F076EC339.udd" 5214
"I:/DerivedDataCache/6/1/0/STATICMESH_9CE2B6FB46754B699726C4AA1515F12E_228332BAE0224DD294E232B87D83948FQU__321F4AA3F195E33938A88DE0D1C2B25A5ED61AD8.udd" 5215
"I:/DerivedDataCache/8/1/2/DIST_STATICMESH_9CE2B6FB46754B699726C4AA1515F12E_228332BAE0224DD294E232B87D839__70AFAD3FB723BDFBBDB1F6ADE6501D143F3A2DE3.udd" 5216
"I:/DerivedDataCache/9/8/3/PHYSX_A08609EF508D460CBB6710540B03AACF_PHYSXPC_F93A868C471D0DE82928079B965DD3B__0E03801388BA6548161640F79E62D025067A653F.udd" 5217
"I:/DerivedDataCache/2/6/7/NAVCOLLISION_2983273BE5D6425391E8C0B3D1C0A55D_NAVCOLLISION_X_F93A868C471D0DE82__D63FBC13299B97F08BEDF16EC4A5675ED0463FCC.udd" 5218
"I:/DerivedDataCache/0/8/5/AUDIO_0005_0000_OGG10000$2D1$2D1$2D1$2D1$2D1_0004_BEDF0E024CE7060F07FEF590A5F7C49B.udd" 5219
"I:/DerivedDataCache/6/5/4/STATICMESH_9CE2B6FB46754B699726C4AA1515F12E_228332BAE0224DD294E232B87D83948FQU__18D4E9E7B361B05D6D1BFD1F6FCCA14010530DA4.udd" 5220
"I:/DerivedDataCache/3/7/9/DIST_STATICMESH_9CE2B6FB46754B699726C4AA1515F12E_228332BAE0224DD294E232B87D839__2FBF2708D94EFCA4E4667933F9B70258285EF40D.udd" 5221
"I:/DerivedDataCache/1/6/7/PHYSX_A08609EF508D460CBB6710540B03AACF_PHYSXPC_7D5D8E6945C1DE0346D9AF9222C283B__167A522CF9F24757C7895673B4A39058F56A745C.udd" 5222
"I:/DerivedDataCache/5/5/2/NAVCOLLISION_2983273BE5D6425391E8C0B3D1C0A55D_NAVCOLLISION_X_7D5D8E6945C1DE034__4D62F1A237B2E790F588C6C861442657E4B4FEFC.udd" 5223
"I:/DerivedDataCache/1/9/7/STATICMESH_9CE2B6FB46754B699726C4AA1515F12E_228332BAE0224DD294E232B87D83948FQU__B73015CDAB72F0700BBE1A1DAB4D7F218223BAB4.udd" 5224
"I:/DerivedDataCache/7/4/8/DIST_STATICMESH_9CE2B6FB46754B699726C4AA1515F12E_228332BAE0224DD294E232B87D839__9EB888FB1B3C1AD86D8135FF509439BA8949268F.udd" 5225
"I:/DerivedDataCache/2/0/4/PHYSX_A08609EF508D460CBB6710540B03AACF_PHYSXPC_C6574F9C49FECF7685AFFA8AF03A3E8__6C4E47ACB8A553BC7DA6A8E75CBEE662AACC420A.udd" 5226
"I:/DerivedDataCache/7/3/2/NAVCOLLISION_2983273BE5D6425391E8C0B3D1C0A55D_NAVCOLLISION_X_C6574F9C49FECF768__A0D1CBF770A8028747569BAF8ECBAF06E8E1E7FD.udd" 5227
"I:/DerivedDataCache/8/1/3/MATSM_0BA69734E4FD45E082FA4560DBE25454_PCD3D_SM5_8__BC5N_NOCCBN_NOIRIS_DEV_SL___A828FA0F3612EAEF9A323B408371297945DE8D1E.udd" 5228
"I:/DerivedDataCache/3/5/4/AUDIO_0005_0000_OGG10000$2D1$2D1$2D1$2D1$2D1_0004_4BE726B74ACA66148B02B7B3FB9FEBE1.udd" 5229
"I:/DerivedDataCache/9/6/3/AUDIO_0005_0000_OGG10000$2D1$2D1$2D1$2D1$2D1_0004_3A40D31347B554A6A8399E92B7FA3BF6.udd" 5230
"I:/DerivedDataCache/7/1/5/AUDIO_0005_0000_OGG10000$2D1$2D1$2D1$2D1$2D1_0004_559B033441D26EC0C71F2EA4745936DA.udd" 5231
"I:/DerivedDataCache/9/2/5/AUDIO_0005_0000_OGG10000$2D1$2D1$2D1$2D1$2D1_0004_70EA44E04D3C9817FA08098E502C0BD8.udd" 5232
"I:/DerivedDataCache/9/7/7/STATICMESH_9CE2B6FB46754B699726C4AA1515F12E_228332BAE0224DD294E232B87D83948FQU__0EA20B84F0C935EFC067E66F678E70CC06345927.udd" 5233
"I:/DerivedDataCache/6/3/4/DIST_STATICMESH_9CE2B6FB46754B699726C4AA1515F12E_228332BAE0224DD294E232B87D839__22003D29036FACD8DFACDCA5E60D6884E1DA369E.udd" 5234
"I:/DerivedDataCache/3/5/8/PHYSX_A08609EF508D460CBB6710540B03AACF_PHYSXPC_FA5CC28C45065A2EA8E297BA7B42458__573E698765DE2624E8DA84C6B8867B115C83DE76.udd" 5235
"I:/DerivedDataCache/6/7/6/NAVCOLLISION_2983273BE5D6425391E8C0B3D1C0A55D_NAVCOLLISION_X_FA5CC28C45065A2EA__AB2E0A98F8F978508E6332B73EE1AA5C9D6F6B50.udd" 5236
"I:/DerivedDataCache/2/6/5/STATICMESH_9CE2B6FB46754B699726C4AA1515F12E_228332BAE0224DD294E232B87D83948FQU__AB6CC27FDB935C73F257F71F49042C0D378776A6.udd" 5237
"I:/DerivedDataCache/2/7/8/DIST_STATICMESH_9CE2B6FB46754B699726C4AA1515F12E_228332BAE0224DD294E232B87D839__DB55D85CA7A2F38E9ABE8066F091730851A13591.udd" 5238
"I:/DerivedDataCache/5/2/3/PHYSX_A08609EF508D460CBB6710540B03AACF_PHYSXPC_EEA2C49D414ED84C17AEAAA89B68B16__A95B98CEE0E1579FE036544199165E41AEC05BA7.udd" 5239
"I:/DerivedDataCache/2/0/1/NAVCOLLISION_2983273BE5D6425391E8C0B3D1C0A55D_NAVCOLLISION_X_EEA2C49D414ED84C1__FF4146AA029EC14D944F394108725D9F0B8E2F5C.udd" 5240
"I:/DerivedDataCache/8/7/2/STATICMESH_9CE2B6FB46754B699726C4AA1515F12E_228332BAE0224DD294E232B87D83948FQU__6EC66C8988DDCC50C2B2EDE8FFF6BE182344647B.udd" 5241
"I:/DerivedDataCache/5/8/4/DIST_STATICMESH_9CE2B6FB46754B699726C4AA1515F12E_228332BAE0224DD294E232B87D839__BB328239CB08FC120A25E3E86CA4AC5193051FC6.udd" 5242
"I:/DerivedDataCache/2/2/7/PHYSX_A08609EF508D460CBB6710540B03AACF_PHYSXPC_7E4D119A423056B54FE49EA2704C4BF__7C87836F23D45EE52CCFA434B9077E662ED725ED.udd" 5243
"I:/DerivedDataCache/8/1/9/NAVCOLLISION_2983273BE5D6425391E8C0B3D1C0A55D_NAVCOLLISION_X_7E4D119A423056B54__41102E1E27632BEC959977FAFD068844444CAF3F.udd" 5244
"I:/DerivedDataCache/6/9/8/AUDIO_0005_0000_OGG10000$2D1$2D1$2D1$2D1$2D1_0004_43F67D6549341BC1AC3B79A061B7F585.udd" 5245
"I:/DerivedDataCache/9/0/4/STATICMESH_9CE2B6FB46754B699726C4AA1515F12E_228332BAE0224DD294E232B87D83948FQU__B66866C7DFB01BB0D7D5AC286F53890540927EC0.udd" 5246
"I:/DerivedDataCache/6/4/2/DIST_STATICMESH_9CE2B6FB46754B699726C4AA1515F12E_228332BAE0224DD294E232B87D839__C464CDD4ACBF9E3245DD0281BA912DA7C4C07C96.udd" 5247
"I:/DerivedDataCache/5/7/5/PHYSX_A08609EF508D460CBB6710540B03AACF_PHYSXPC_D085CD43458CEE3277515A920E3ACE1__30FB6FF9040C8DB7C003197C84A404F9F683328B.udd" 5248
"I:/DerivedDataCache/0/2/0/NAVCOLLISION_2983273BE5D6425391E8C0B3D1C0A55D_NAVCOLLISION_X_D085CD43458CEE327__30953916D8706713F76C1B3447A7394240087120.udd" 5249
"I:/DerivedDataCache/3/7/5/STATICMESH_9CE2B6FB46754B699726C4AA1515F12E_228332BAE0224DD294E232B87D83948FQU__DD56057A403832C35A74542CF364B3D6011025A1.udd" 5250
"I:/DerivedDataCache/9/6/7/DIST_STATICMESH_9CE2B6FB46754B699726C4AA1515F12E_228332BAE0224DD294E232B87D839__84FBDC7806C03F88A3E536F032CA78DA112B85C9.udd" 5251
"I:/DerivedDataCache/3/7/0/PHYSX_A08609EF508D460CBB6710540B03AACF_PHYSXPC_F8F1F5A84275BF955BA5B6B6C742974__FC4F6E926A0CF1E37370D3B8E15B0737450FE529.udd" 5252
"I:/DerivedDataCache/1/1/5/NAVCOLLISION_2983273BE5D6425391E8C0B3D1C0A55D_NAVCOLLISION_X_F8F1F5A84275BF955__790195F2D2A50B262D3D68A1B20A32F15CCFFF9D.udd" 5253
"I:/DerivedDataCache/1/6/7/MATSM_0BA69734E4FD45E082FA4560DBE25454_PCD3D_SM5_8__BC5N_NOCCBN_NOIRIS_DEV_SL___FA868B6B1BF3CF2F7A1CB7E2989FD831BA840C22.udd" 5254
"I:/DerivedDataCache/3/9/4/AUDIO_0005_0000_OGG10000$2D1$2D1$2D1$2D1$2D1_0004_3780270846F70BA15ADF978384A3041A.udd" 5255
"I:/DerivedDataCache/0/9/1/AUDIO_0005_0000_OGG10000$2D1$2D1$2D1$2D1$2D1_0004_B11E70554F73B0785B51C7A2C0C8B1C5.udd" 5256
"I:/DerivedDataCache/9/9/7/AUDIO_0005_0000_OGG10000$2D1$2D1$2D1$2D1$2D1_0004_DCD4D05846A5F0AA7699E2BFEE8FAF81.udd" 5257
"I:/DerivedDataCache/6/3/2/AUDIO_0005_0000_OGG10000$2D1$2D1$2D1$2D1$2D1_0004_EC3D033D4B5414CE888EEDA81351882B.udd" 5258
"I:/DerivedDataCache/4/8/2/STATICMESH_9CE2B6FB46754B699726C4AA1515F12E_228332BAE0224DD294E232B87D83948FQU__6DBBB6B7FD9B52894725609DA0E9974CED783BC9.udd" 5259
"I:/DerivedDataCache/1/4/6/DIST_STATICMESH_9CE2B6FB46754B699726C4AA1515F12E_228332BAE0224DD294E232B87D839__E10531517B95BF1E4862764650E5C7144C7ABB9B.udd" 5260
"I:/DerivedDataCache/0/6/5/PHYSX_A08609EF508D460CBB6710540B03AACF_PHYSXPC_903B9C298348F27AFEA120B1AD5F681__6BC05BE04A7C3FE1A4C12261227AFF349CA25B36.udd" 5261
"I:/DerivedDataCache/2/0/4/NAVCOLLISION_2983273BE5D6425391E8C0B3D1C0A55D_NAVCOLLISION_X_903B9C298348F27AF__495EF8884E24A497C9A13A13AF5DE888295942DA.udd" 5262
"I:/DerivedDataCache/6/1/8/STATICMESH_9CE2B6FB46754B699726C4AA1515F12E_228332BAE0224DD294E232B87D83948FQU__70498597A1357BAC276B1B5499F0C4317C8E0B80.udd" 5263
"I:/DerivedDataCache/6/6/8/DIST_STATICMESH_9CE2B6FB46754B699726C4AA1515F12E_228332BAE0224DD294E232B87D839__81FF4F21A582A778645715D4524C07232B2B7D84.udd" 5264
"I:/DerivedDataCache/4/2/0/PHYSX_A08609EF508D460CBB6710540B03AACF_PHYSXPC_3E551C3C3D41A468D9F319AC91126BF__49BF26AFBC5D39854EDF705FC52C9254BD905394.udd" 5265
"I:/DerivedDataCache/3/7/0/NAVCOLLISION_2983273BE5D6425391E8C0B3D1C0A55D_NAVCOLLISION_X_3E551C3C3D41A468D__C7E29466BECD8A4C3C669C5B81C57D75CBDC6E78.udd" 5266
"I:/DerivedDataCache/5/0/8/AUDIO_0005_0000_OGG10000$2D1$2D1$2D1$2D1$2D1_0004_8DB820884DC9290971038A90F7D47AE1.udd" 5267
"I:/DerivedDataCache/2/7/3/AUDIO_0005_0000_OGG10000$2D1$2D1$2D1$2D1$2D1_0004_9180BDD9417F9C41DA4F2EB6ADE1A5B4.udd" 5268
"I:/DerivedDataCache/2/0/7/AUDIO_0005_0000_OGG10000$2D1$2D1$2D1$2D1$2D1_0004_468230994D03BED08BE722A4CA562EEF.udd" 5269
"I:/DerivedDataCache/0/7/0/AUDIO_0005_0000_OGG10000$2D1$2D1$2D1$2D1$2D1_0004_17727E7D43FBCA179F79108FB4FF5BBA.udd" 5270
"I:/DerivedDataCache/0/3/7/AUDIO_0005_0000_OGG10000$2D1$2D1$2D1$2D1$2D1_0004_7E7A8A5148914DCBE3BB0EA6C3897802.udd" 5271
"I:/DerivedDataCache/4/9/4/ANIMSEQ_D0E639028BB74237AD0F9775C097BB85_0_BFD2DEF40B7EBA8FEE80495476D85DBC60E__8F9B4EA57D490219EAA6D4F88980E70E8D17F45B.udd" 5272
"I:/DerivedDataCache/2/1/3/AUDIO_0005_0000_OGG10000$2D1$2D1$2D1$2D1$2D1_0004_BCB477FF45A9B54BCC5660900F79FD9F.udd" 5273
"I:/DerivedDataCache/9/3/2/ANIMSEQ_D0E639028BB74237AD0F9775C097BB85_0_A83F09AA9D4CF797ED718189CECBAB4360E__676557D873DBD1F46B9C24912BF67EDEE33A8F43.udd" 5274
"I:/DerivedDataCache/7/2/7/ANIMSEQ_D0E639028BB74237AD0F9775C097BB85_0_A73F793C6869544918D4BB11418A215B60E__B50B9453B3AF944DA05C8F60AC01FBD98C39C70B.udd" 5275
"I:/DerivedDataCache/7/9/6/SKELETALMESH_91550326BADA436B92C8BF16C910465C_5B6BAFB13BF63DE2F1512C5A9DE0B1AA__D6C9760182E928EBFBA8415AED23C27A2A667358.udd" 5276
"I:/DerivedDataCache/2/0/8/MATSM_0BA69734E4FD45E082FA4560DBE25454_PCD3D_SM5_8__BC5N_NOCCBN_NOIRIS_DEV_SL___66A572BCE049B1547210D287002D016AD544258D.udd" 5277
"I:/DerivedDataCache/7/2/2/MATSM_0BA69734E4FD45E082FA4560DBE25454_PCD3D_SM5_8__BC5N_NOCCBN_NOIRIS_DEV_SL___EDDC05EFCF463C6496192A6047936B26D3F7DC56.udd" 5278
"I:/DerivedDataCache/3/6/3/SKELETALMESH_91550326BADA436B92C8BF16C910465C_DE4AB756CA5DE603BBBDB51EEC83751D__3FF97417238EA4477E72ADD8618CE427409B152A.udd" 5279
"I:/DerivedDataCache/6/8/2/AUDIO_0005_0000_OGG10000$2D1$2D1$2D1$2D1$2D1_0004_5658F1F04CD56B1FA2067BA9047A6C86.udd" 5280
"I:/DerivedDataCache/0/3/2/STATICMESH_9CE2B6FB46754B699726C4AA1515F12E_228332BAE0224DD294E232B87D83948FQU__0D2CA3F4E5C2C83F92064BA1168727880A2C3615.udd" 5281
"I:/DerivedDataCache/3/0/2/DIST_STATICMESH_9CE2B6FB46754B699726C4AA1515F12E_228332BAE0224DD294E232B87D839__D91C6074B161B2D0081EB824262C9005CE8D2FE3.udd" 5282
"I:/DerivedDataCache/1/7/7/PHYSX_A08609EF508D460CBB6710540B03AACF_PHYSXPC_F09468794BB1F231B33DA7873661D9A__4858ECA62BA692C7B531072BA4639FC72C9C2305.udd" 5283
"I:/DerivedDataCache/3/7/1/NAVCOLLISION_2983273BE5D6425391E8C0B3D1C0A55D_NAVCOLLISION_X_F09468794BB1F231B__A95D6BE2B3CCB1D63026C37756DEC3C9195F876F.udd" 5284
"I:/DerivedDataCache/7/0/5/STATICMESH_9CE2B6FB46754B699726C4AA1515F12E_228332BAE0224DD294E232B87D83948FQU__468AE071D1CD89A6AB25FA74728A1361A4482BBE.udd" 5285
"I:/DerivedDataCache/8/5/3/DIST_STATICMESH_9CE2B6FB46754B699726C4AA1515F12E_228332BAE0224DD294E232B87D839__136AF5D8A91CFAF398229B18648ED02617A517D0.udd" 5286
"I:/DerivedDataCache/7/1/6/PHYSX_A08609EF508D460CBB6710540B03AACF_PHYSXPC_F064F5FA4299707D427CC8A7759FB1A__A4D9B6DD6DFB07AB09318DB3DD23FA1C665F8D3C.udd" 5287
"I:/DerivedDataCache/0/2/3/NAVCOLLISION_2983273BE5D6425391E8C0B3D1C0A55D_NAVCOLLISION_X_F064F5FA4299707D4__975A0147B94353CCF148EFF733BA3437ADB67902.udd" 5288
"I:/DerivedDataCache/3/3/1/MATSM_0BA69734E4FD45E082FA4560DBE25454_PCD3D_SM5_8__BC5N_NOCCBN_NOIRIS_DEV_SL___CE37C27BD8F83E45A01982221C4E70F540E0E1C0.udd" 5289
"I:/DerivedDataCache/0/9/2/MATSM_0BA69734E4FD45E082FA4560DBE25454_PCD3D_SM5_8__BC5N_NOCCBN_NOIRIS_DEV_SL___1AB62EF04D5614DEF2FA44CE27C58A4A7A9C1A2C.udd" 5290
"I:/DerivedDataCache/1/5/4/STATICMESH_9CE2B6FB46754B699726C4AA1515F12E_228332BAE0224DD294E232B87D83948FQU__8892A9026C2217B19E4860AF21EF67BFBA42E148.udd" 5291
"I:/DerivedDataCache/9/7/4/DIST_STATICMESH_9CE2B6FB46754B699726C4AA1515F12E_228332BAE0224DD294E232B87D839__31C544CA11AF15AECCACBE64F58ABE08B6319161.udd" 5292
"I:/DerivedDataCache/2/1/0/PHYSX_A08609EF508D460CBB6710540B03AACF_PHYSXPC_5BC200984F77FFDCB716A79331BBA34__325ECAEFFE66362B003D882FD370641DFCAD14EE.udd" 5293
"I:/DerivedDataCache/6/3/2/NAVCOLLISION_2983273BE5D6425391E8C0B3D1C0A55D_NAVCOLLISION_X_5BC200984F77FFDCB__62D1C89194FFA3A01063388CC0F447DCA9302452.udd" 5294
"I:/DerivedDataCache/5/3/5/MATSM_0BA69734E4FD45E082FA4560DBE25454_PCD3D_SM5_8__BC5N_NOCCBN_NOIRIS_DEV_SL___3F52C79D54267104EA24185E0D0924F513BCFC78.udd" 5295
"I:/DerivedDataCache/5/9/6/MATSM_0BA69734E4FD45E082FA4560DBE25454_PCD3D_SM5_8__BC5N_NOCCBN_NOIRIS_DEV_SL___33E77CA83AB1196910FAFB57D7DC6B22F52032DC.udd" 5296
"I:/DerivedDataCache/6/9/6/STATICMESH_9CE2B6FB46754B699726C4AA1515F12E_228332BAE0224DD294E232B87D83948FQU__6755EB0E879C7C1F0F934CF3EC56F5D202F795D0.udd" 5297
"I:/DerivedDataCache/3/2/0/DIST_STATICMESH_9CE2B6FB46754B699726C4AA1515F12E_228332BAE0224DD294E232B87D839__CAE439C89D9BA734E3AFF20682328A4BAC924113.udd" 5298
"I:/DerivedDataCache/1/2/4/PHYSX_A08609EF508D460CBB6710540B03AACF_PHYSXPC_20CD973640C6DCC979DEC9A9F7FCEB7__F9F72A5F414C9C65A8822D7D674421E447BD7F2B.udd" 5299
"I:/DerivedDataCache/5/3/9/NAVCOLLISION_2983273BE5D6425391E8C0B3D1C0A55D_NAVCOLLISION_X_20CD973640C6DCC97__461828E00280137469D31054125548B3B6470DD9.udd" 5300
"I:/DerivedDataCache/3/8/2/AUDIO_0005_0000_OGG10000$2D1$2D1$2D1$2D1$2D1_0004_1A6C37A14EE409E0E0B051AC124DC45D.udd" 5301
"I:/DerivedDataCache/1/0/9/STATICMESH_9CE2B6FB46754B699726C4AA1515F12E_228332BAE0224DD294E232B87D83948FQU__DB5604C128C21BBE8A9568EAEA3E736C0BF34CCA.udd" 5302
"I:/DerivedDataCache/4/3/1/DIST_STATICMESH_9CE2B6FB46754B699726C4AA1515F12E_228332BAE0224DD294E232B87D839__1E9D7D4FBB5A3F1D889FC3C720C0AE0C7717E9D7.udd" 5303
"I:/DerivedDataCache/0/1/0/PHYSX_A08609EF508D460CBB6710540B03AACF_PHYSXPC_F623221E46B88F5F17C0A786A2EC360__BA67806395CEDD173BC5C34BB37EA0BD4D5CBC62.udd" 5304
"I:/DerivedDataCache/7/8/3/NAVCOLLISION_2983273BE5D6425391E8C0B3D1C0A55D_NAVCOLLISION_X_F623221E46B88F5F1__0386FFDB19D7D1109500F88AD17712F31D2E252A.udd" 5305
"I:/DerivedDataCache/3/2/6/STATICMESH_9CE2B6FB46754B699726C4AA1515F12E_228332BAE0224DD294E232B87D83948FQU__072A54376CA242DA30A5301B9C023B8E02516215.udd" 5306
"I:/DerivedDataCache/2/3/3/DIST_STATICMESH_9CE2B6FB46754B699726C4AA1515F12E_228332BAE0224DD294E232B87D839__EB396CC5612F32D1C0AA2C63307E4A09CF71E85B.udd" 5307
"I:/DerivedDataCache/6/7/8/PHYSX_A08609EF508D460CBB6710540B03AACF_PHYSXPC_FEDF70AA42F479520F027C93ABDF54E__A040DBF45AD2CA3AA40776D177248BA0AA0B3AD8.udd" 5308
"I:/DerivedDataCache/5/2/6/NAVCOLLISION_2983273BE5D6425391E8C0B3D1C0A55D_NAVCOLLISION_X_FEDF70AA42F479520__9CB8B9D2B5FF205D3F562AEEB92AF357C9AB66F7.udd" 5309
"I:/DerivedDataCache/8/1/6/AUDIO_0005_0000_OGG10000$2D1$2D1$2D1$2D1$2D1_0004_AFB8556348C0817B4B8902A0476BF645.udd" 5310
"I:/DerivedDataCache/5/2/8/STATICMESH_9CE2B6FB46754B699726C4AA1515F12E_228332BAE0224DD294E232B87D83948FQU__CBCA58CF7703E3FC33A9783DFF83B90BEDAB45FE.udd" 5311
"I:/DerivedDataCache/7/9/5/DIST_STATICMESH_9CE2B6FB46754B699726C4AA1515F12E_228332BAE0224DD294E232B87D839__E1421C92EA3BA2689C8A1110DEE7F07C7B243732.udd" 5312
"I:/DerivedDataCache/2/2/4/PHYSX_A08609EF508D460CBB6710540B03AACF_PHYSXPC_AA54B06C47A143004C2AA9B3AFAD148__8244998F7E633592BD30C1A3B61E66DD82891AD3.udd" 5313
"I:/DerivedDataCache/6/8/5/NAVCOLLISION_2983273BE5D6425391E8C0B3D1C0A55D_NAVCOLLISION_X_AA54B06C47A143004__D146E165A8B1E340567454E1F862EBC27C6F7DEE.udd" 5314
"I:/DerivedDataCache/3/8/0/MATSM_0BA69734E4FD45E082FA4560DBE25454_PCD3D_SM5_8__BC5N_NOCCBN_NOIRIS_DEV_SL___7E41973BA3F0184893C30C9365E583D5BC097698.udd" 5315
"I:/DerivedDataCache/3/0/5/MATSM_0BA69734E4FD45E082FA4560DBE25454_PCD3D_SM5_8__BC5N_NOCCBN_NOIRIS_DEV_SL___E99DB4494EB82CD62BA4E271824D2F94DA799A5E.udd" 5316
"I:/DerivedDataCache/4/9/8/STATICMESH_9CE2B6FB46754B699726C4AA1515F12E_228332BAE0224DD294E232B87D83948FQU__1D69899C978CD002C797C6AA213B3300538B7370.udd" 5317
"I:/DerivedDataCache/8/9/9/DIST_STATICMESH_9CE2B6FB46754B699726C4AA1515F12E_228332BAE0224DD294E232B87D839__9B09614AB9ADB2B7A7B8305E462163869B8228F2.udd" 5318
"I:/DerivedDataCache/3/9/0/PHYSX_A08609EF508D460CBB6710540B03AACF_PHYSXPC_50C3F65B431CAC5A1DC6109B5C1FDFB__704E2C26E91F70D31659C4687E62B6B79013D9B5.udd" 5319
"I:/DerivedDataCache/9/8/2/NAVCOLLISION_2983273BE5D6425391E8C0B3D1C0A55D_NAVCOLLISION_X_50C3F65B431CAC5A1__668EECF74446D488B558B72A268710FEBD22CD35.udd" 5320
"I:/DerivedDataCache/1/4/1/STATICMESH_9CE2B6FB46754B699726C4AA1515F12E_228332BAE0224DD294E232B87D83948FQU__61A69B6E416BC357A8132538348414C9482E4B30.udd" 5321
"I:/DerivedDataCache/2/6/6/DIST_STATICMESH_9CE2B6FB46754B699726C4AA1515F12E_228332BAE0224DD294E232B87D839__95D2A0BA3BB1FDFDA76F5F19D94C8C127D3491C8.udd" 5322
"I:/DerivedDataCache/3/7/4/PHYSX_A08609EF508D460CBB6710540B03AACF_PHYSXPC_F1B3768F4FD73D98D2265C89DBCA0ED__CC06B1A6D814C317F6C86B60BCAD79B1899445B6.udd" 5323
"I:/DerivedDataCache/2/9/9/NAVCOLLISION_2983273BE5D6425391E8C0B3D1C0A55D_NAVCOLLISION_X_F1B3768F4FD73D98D__569A6F487D7ABC75F19712CCBA8F8E1CBD2BB4E8.udd" 5324
"I:/DerivedDataCache/6/4/3/STATICMESH_9CE2B6FB46754B699726C4AA1515F12E_228332BAE0224DD294E232B87D83948FQU__A23F703C3BF0ED13C0F84CA6AEF646C7C83F5961.udd" 5325
"I:/DerivedDataCache/5/7/5/DIST_STATICMESH_9CE2B6FB46754B699726C4AA1515F12E_228332BAE0224DD294E232B87D839__0B387E26B03A7E6B97D97E030228DC211406F0D0.udd" 5326
"I:/DerivedDataCache/8/0/6/PHYSX_A08609EF508D460CBB6710540B03AACF_PHYSXPC_A3DB0453444E5AE2E8604BBBB0B7764__DCA361F54A26105FD19DE9A37E25A172A3EA9AB6.udd" 5327
"I:/DerivedDataCache/3/0/1/NAVCOLLISION_2983273BE5D6425391E8C0B3D1C0A55D_NAVCOLLISION_X_A3DB0453444E5AE2E__077F93B914EA50A03341DDE500C5369C78159D1D.udd" 5328
"I:/DerivedDataCache/6/6/0/STATICMESH_9CE2B6FB46754B699726C4AA1515F12E_228332BAE0224DD294E232B87D83948FQU__A5CEAAC3BF27853F988C804A3D384FCBED754593.udd" 5329
"I:/DerivedDataCache/1/2/8/DIST_STATICMESH_9CE2B6FB46754B699726C4AA1515F12E_228332BAE0224DD294E232B87D839__B693064BCFD2B45292E83FB7405E9DE2FD0EF291.udd" 5330
"I:/DerivedDataCache/0/1/5/PHYSX_A08609EF508D460CBB6710540B03AACF_PHYSXPC_10DD732B4A5AA196CD7947849132F38__0D51ACF3AE83018BD880E12531E55977E0C9B1DD.udd" 5331
"I:/DerivedDataCache/8/5/0/NAVCOLLISION_2983273BE5D6425391E8C0B3D1C0A55D_NAVCOLLISION_X_10DD732B4A5AA196C__F982AD3059CF9DB29737EF7AA85BFE60CC6E5655.udd" 5332
"I:/DerivedDataCache/2/6/2/MATSM_0BA69734E4FD45E082FA4560DBE25454_PCD3D_SM5_8__BC5N_NOCCBN_NOIRIS_DEV_SL___1784480B6CD12C032DF0B9727152CC9392C2B855.udd" 5333
"I:/DerivedDataCache/4/7/0/STATICMESH_9CE2B6FB46754B699726C4AA1515F12E_228332BAE0224DD294E232B87D83948FQU__7A0A247654D10CA45A2BA25FA8BB007FC5C64F0A.udd" 5334
"I:/DerivedDataCache/0/7/5/DIST_STATICMESH_9CE2B6FB46754B699726C4AA1515F12E_228332BAE0224DD294E232B87D839__A30CB093F5192D1DC0C5906187DC0AA1A82E3E59.udd" 5335
"I:/DerivedDataCache/6/7/9/PHYSX_A08609EF508D460CBB6710540B03AACF_PHYSXPC_BB09F38C4DEC99D5960C9BB6594A4A4__0BFAA8780BC10B2631548723A10453D71764270F.udd" 5336
"I:/DerivedDataCache/8/8/8/NAVCOLLISION_2983273BE5D6425391E8C0B3D1C0A55D_NAVCOLLISION_X_BB09F38C4DEC99D59__A4869C6D7DC2248D16F028886E3A4F67912B6CF3.udd" 5337
"I:/DerivedDataCache/4/4/8/STATICMESH_9CE2B6FB46754B699726C4AA1515F12E_228332BAE0224DD294E232B87D83948FQU__8955913F82A277729BF966D799B037769178E2B9.udd" 5338
"I:/DerivedDataCache/9/9/4/DIST_STATICMESH_9CE2B6FB46754B699726C4AA1515F12E_228332BAE0224DD294E232B87D839__208220DE449C3BE5A1964CE52C4F53C171172CB7.udd" 5339
"I:/DerivedDataCache/2/3/8/PHYSX_A08609EF508D460CBB6710540B03AACF_PHYSXPC_8B63846543482A3CC5AED59FC7386CB__56F84F16D6F966D31BF8404B74A61AA6EFE85D92.udd" 5340
"I:/DerivedDataCache/8/3/0/NAVCOLLISION_2983273BE5D6425391E8C0B3D1C0A55D_NAVCOLLISION_X_8B63846543482A3CC__695256C29DA2D5FD48401EAE607A02D090330F91.udd" 5341
"I:/DerivedDataCache/0/9/8/STATICMESH_9CE2B6FB46754B699726C4AA1515F12E_228332BAE0224DD294E232B87D83948FQU__E7A9C0D0586BA0D17246903D6AAD7D8219DC80EB.udd" 5342
"I:/DerivedDataCache/8/4/8/DIST_STATICMESH_9CE2B6FB46754B699726C4AA1515F12E_228332BAE0224DD294E232B87D839__2202C125CB2C8A06C256979C4BC4B9F7564E5273.udd" 5343
"I:/DerivedDataCache/6/5/5/PHYSX_A08609EF508D460CBB6710540B03AACF_PHYSXPC_AEFA80794595242084BCF5964130873__0B035AE3A95B4973D221AFF59AFDFC8CA448F9D9.udd" 5344
"I:/DerivedDataCache/8/7/6/NAVCOLLISION_2983273BE5D6425391E8C0B3D1C0A55D_NAVCOLLISION_X_AEFA8079459524208__A615A4722C5664741D1E075092B6D83999737B82.udd" 5345
"I:/DerivedDataCache/5/7/8/STATICMESH_9CE2B6FB46754B699726C4AA1515F12E_228332BAE0224DD294E232B87D83948FQU__A0C77061BD0EC0362B0FA1639CBE55C8B979DAF0.udd" 5346
"I:/DerivedDataCache/7/3/0/DIST_STATICMESH_9CE2B6FB46754B699726C4AA1515F12E_228332BAE0224DD294E232B87D839__24CAEBE650A61A4C78D9EBF04DF8370B68DCDB01.udd" 5347
"I:/DerivedDataCache/4/7/6/PHYSX_A08609EF508D460CBB6710540B03AACF_PHYSXPC_01D2DD2E4A9CFB592AF635858F18A76__708F4BD047DDCC94F36B6EE629CAF12F139A0412.udd" 5348
"I:/DerivedDataCache/6/5/4/NAVCOLLISION_2983273BE5D6425391E8C0B3D1C0A55D_NAVCOLLISION_X_01D2DD2E4A9CFB592__246574EFEF35BD574051F76C6C08D102234C8BEA.udd" 5349
"I:/DerivedDataCache/5/9/8/MATSM_0BA69734E4FD45E082FA4560DBE25454_PCD3D_SM5_8__BC5N_NOCCBN_NOIRIS_DEV_SL___46CF91F10C8B5F75B62D63BE711BF4011AF43792.udd" 5350
"I:/DerivedDataCache/7/6/9/STATICMESH_9CE2B6FB46754B699726C4AA1515F12E_228332BAE0224DD294E232B87D83948FQU__666746B5E98B4350D03C49AA4E210D33EE736205.udd" 5351
"I:/DerivedDataCache/1/3/6/DIST_STATICMESH_9CE2B6FB46754B699726C4AA1515F12E_228332BAE0224DD294E232B87D839__0FF3CEFE175F61EBDE042696D11E7B00758527F9.udd" 5352
"I:/DerivedDataCache/4/6/9/PHYSX_A08609EF508D460CBB6710540B03AACF_PHYSXPC_105DEEED4769A7528691C3A95B81AB2__0C92DA8237B545F93469A8D1EB3799A6F8C0295E.udd" 5353
"I:/DerivedDataCache/8/8/9/NAVCOLLISION_2983273BE5D6425391E8C0B3D1C0A55D_NAVCOLLISION_X_105DEEED4769A7528__2EB35F22B46EB5040B126AEFADA3F5796398F905.udd" 5354
"I:/DerivedDataCache/1/8/1/AUDIO_0005_0000_OGG10000$2D1$2D1$2D1$2D1$2D1_0004_3C06BD204D0D6E99D9A6A49C2A4FFD16.udd" 5355
"I:/DerivedDataCache/0/2/8/AUDIO_0005_0000_OGG10000$2D1$2D1$2D1$2D1$2D1_0004_C0AF3A4D4682ED1E320F39B5F35DB938.udd" 5356
"I:/DerivedDataCache/8/7/0/AUDIO_0005_0000_OGG10000$2D1$2D1$2D1$2D1$2D1_0004_F9D503E24809D9D48E22FDA5516E93FC.udd" 5357
"I:/DerivedDataCache/0/1/6/AUDIO_0005_0000_OGG10000$2D1$2D1$2D1$2D1$2D1_0004_563A8C10467B9F49E952D683E1DD444E.udd" 5358
"I:/DerivedDataCache/4/8/7/AUDIO_0005_0000_OGG10000$2D1$2D1$2D1$2D1$2D1_0004_4E74A67E4419B4B57EE964AE1F19AD59.udd" 5359
"I:/DerivedDataCache/6/4/6/AUDIO_0005_0000_OGG10000$2D1$2D1$2D1$2D1$2D1_0004_1867FBC74F8D437614A606AB2FCC95BE.udd" 5360
"I:/DerivedDataCache/1/0/7/AUDIO_0005_0000_OGG10000$2D1$2D1$2D1$2D1$2D1_0004_2AA8B3354AEDD82A5B7C8F8F98A18F84.udd" 5361
"I:/DerivedDataCache/9/9/4/AUDIO_0005_0000_OGG10000$2D1$2D1$2D1$2D1$2D1_0004_94D43304418DA69450BA138DD222F8B1.udd" 5362
"I:/DerivedDataCache/3/0/2/AUDIO_0005_0000_OGG10000$2D1$2D1$2D1$2D1$2D1_0004_2F14EEB745494EC1AF221F9C6B4E0D32.udd" 5363
"I:/DerivedDataCache/8/0/1/AUDIO_0005_0000_OGG10000$2D1$2D1$2D1$2D1$2D1_0004_7A17BC66496F995DBCBECDBA4B940928.udd" 5364
"I:/DerivedDataCache/9/0/8/STATICMESH_9CE2B6FB46754B699726C4AA1515F12E_228332BAE0224DD294E232B87D83948FQU__29F0AAAAB664AFC00A7BAF0B79A22B4F3AF3688E.udd" 5365
"I:/DerivedDataCache/2/5/3/DIST_STATICMESH_9CE2B6FB46754B699726C4AA1515F12E_228332BAE0224DD294E232B87D839__6C41AED0806D7104682A2B01AE6AFB945D543AC3.udd" 5366
"I:/DerivedDataCache/9/7/2/PHYSX_A08609EF508D460CBB6710540B03AACF_PHYSXPC_B3A9011E40ABB7F415E15183FD331C1__C31DE11632D0871DF45EA8929BE7936FFB9F522D.udd" 5367
"I:/DerivedDataCache/8/5/2/NAVCOLLISION_2983273BE5D6425391E8C0B3D1C0A55D_NAVCOLLISION_X_B3A9011E40ABB7F41__6743D71B6048D1D16CD24CA728462DD48C533C19.udd" 5368
"I:/DerivedDataCache/2/0/8/STATICMESH_9CE2B6FB46754B699726C4AA1515F12E_228332BAE0224DD294E232B87D83948FQU__E902DCC827484B0C3ADD6AB8760C25CD07E9140C.udd" 5369
"I:/DerivedDataCache/3/2/9/DIST_STATICMESH_9CE2B6FB46754B699726C4AA1515F12E_228332BAE0224DD294E232B87D839__1D92CE54CFF955A1B71070D9518D0B614074EA09.udd" 5370
"I:/DerivedDataCache/8/0/7/PHYSX_A08609EF508D460CBB6710540B03AACF_PHYSXPC_BF67E9244C4C6ADC3F466FB581E309D__3856C951A816D31D56907E7F3DB60475176DA037.udd" 5371
"I:/DerivedDataCache/9/0/5/NAVCOLLISION_2983273BE5D6425391E8C0B3D1C0A55D_NAVCOLLISION_X_BF67E9244C4C6ADC3__BAD907BA6782EEA41D186161D87C44DDD0C65FD9.udd" 5372
"I:/DerivedDataCache/2/1/9/STATICMESH_9CE2B6FB46754B699726C4AA1515F12E_228332BAE0224DD294E232B87D83948FQU__DF01A75A5A7BE095A010F568637D3098D319E6CD.udd" 5373
"I:/DerivedDataCache/9/4/2/DIST_STATICMESH_9CE2B6FB46754B699726C4AA1515F12E_228332BAE0224DD294E232B87D839__55654F6B53A2B7F4D9DA6790B0000A720D75D18F.udd" 5374
"I:/DerivedDataCache/3/9/2/PHYSX_A08609EF508D460CBB6710540B03AACF_PHYSXPC_011A71C046CF6259746E72994FF75EC__974BFACFCF415FD190565076ECDF4A90C11D6D84.udd" 5375
"I:/DerivedDataCache/0/2/9/NAVCOLLISION_2983273BE5D6425391E8C0B3D1C0A55D_NAVCOLLISION_X_011A71C046CF62597__ACB69E41A1C438B980490FAD129415516608FDF6.udd" 5376
"I:/DerivedDataCache/8/8/9/STATICMESH_9CE2B6FB46754B699726C4AA1515F12E_228332BAE0224DD294E232B87D83948FQU__7468B55D33D0A1A167185254BFDDABCF51CD18DB.udd" 5377
"I:/DerivedDataCache/0/3/7/DIST_STATICMESH_9CE2B6FB46754B699726C4AA1515F12E_228332BAE0224DD294E232B87D839__7EFF60B57678076023FB125C15E3C94C5B420A6C.udd" 5378
"I:/DerivedDataCache/7/1/8/PHYSX_A08609EF508D460CBB6710540B03AACF_PHYSXPC_409388274F51FA1610B14CBCDCEE5BE__1CFB9506FE7E89B0CB90312BFCC3A4D2DD262AF2.udd" 5379
"I:/DerivedDataCache/1/5/6/NAVCOLLISION_2983273BE5D6425391E8C0B3D1C0A55D_NAVCOLLISION_X_409388274F51FA161__B59C155E9193BA56B09283A33E7AEF59B8C8FDE7.udd" 5380
"I:/DerivedDataCache/6/3/4/STATICMESH_9CE2B6FB46754B699726C4AA1515F12E_228332BAE0224DD294E232B87D83948FQU__D9A72A666466070A645BD5FA68371266D6674E35.udd" 5381
"I:/DerivedDataCache/7/0/8/DIST_STATICMESH_9CE2B6FB46754B699726C4AA1515F12E_228332BAE0224DD294E232B87D839__155CACEBA358162A2A5A46F0CA8A52D23A887C28.udd" 5382
"I:/DerivedDataCache/2/3/1/NAVCOLLISION_2983273BE5D6425391E8C0B3D1C0A55D_NAVCOLLISION_X_15CE5EDC4F7D3A8DD__9C5AB94ED628062C8140612CA3D2FCE5F08920EA.udd" 5383
"I:/DerivedDataCache/4/5/1/STATICMESH_9CE2B6FB46754B699726C4AA1515F12E_228332BAE0224DD294E232B87D83948FQU__59CC89604B54600E84CA5B727B8C8E92FA496F98.udd" 5384
"I:/DerivedDataCache/3/2/6/DIST_STATICMESH_9CE2B6FB46754B699726C4AA1515F12E_228332BAE0224DD294E232B87D839__067BD53F20BB1F20DA5751F087DD20AFBCFA0E2F.udd" 5385
"I:/DerivedDataCache/0/8/0/PHYSX_A08609EF508D460CBB6710540B03AACF_PHYSXPC_2D7FDC403D458EF6E2326798B7742ED__EDC48A5DBBD529E7F18F59F00EF4248C3DE45CE1.udd" 5386
"I:/DerivedDataCache/7/7/1/NAVCOLLISION_2983273BE5D6425391E8C0B3D1C0A55D_NAVCOLLISION_X_2D7FDC403D458EF6E__E718A0A82982D4B8B4E9E2BE1BA3E721779C95AA.udd" 5387
"I:/DerivedDataCache/4/7/6/STATICMESH_9CE2B6FB46754B699726C4AA1515F12E_228332BAE0224DD294E232B87D83948FQU__232EB236085DC78499F41492FF45E7D5F800484B.udd" 5388
"I:/DerivedDataCache/5/7/0/DIST_STATICMESH_9CE2B6FB46754B699726C4AA1515F12E_228332BAE0224DD294E232B87D839__92A8DC7D0B4555DC87783D09EB5F277387807147.udd" 5389
"I:/DerivedDataCache/5/0/0/PHYSX_A08609EF508D460CBB6710540B03AACF_PHYSXPC_5CF5EB536D4B19E20F7EF6BFA5193F9__D086486AB2A37BBFA227CB03C1746A6F0DD86891.udd" 5390
"I:/DerivedDataCache/5/1/2/NAVCOLLISION_2983273BE5D6425391E8C0B3D1C0A55D_NAVCOLLISION_X_5CF5EB536D4B19E20__EB6B3EAAD9B59D53B2FB2C8960234DCE9A33DC29.udd" 5391
"I:/DerivedDataCache/5/1/3/MATSM_0BA69734E4FD45E082FA4560DBE25454_PCD3D_SM5_8__BC5N_NOCCBN_NOIRIS_DEV_SL___16017FAB596A6CCE1B962B27870C54928C28E42E.udd" 5392
"I:/DerivedDataCache/7/3/3/MATSM_0BA69734E4FD45E082FA4560DBE25454_PCD3D_SM5_8__BC5N_NOCCBN_NOIRIS_DEV_SL___31F5B800B388E28F978E6BC95DDAF0F2739F81C2.udd" 5393
"I:/DerivedDataCache/9/6/2/MATSM_0BA69734E4FD45E082FA4560DBE25454_PCD3D_SM5_8__BC5N_NOCCBN_NOIRIS_DEV_SL___4B010B474CFE51C425B2F730A13BECD8D1EA1E1B.udd" 5394
"I:/DerivedDataCache/8/5/0/AUDIO_0005_0000_OGG10000$2D1$2D1$2D1$2D1$2D1_0004_25E8734E4102B9103873D48DAAC4E799.udd" 5395
"I:/DerivedDataCache/1/4/6/AUDIO_0005_0000_OGG10000$2D1$2D1$2D1$2D1$2D1_0004_BEFFA3F44D7320641CEFD8A3F1FAE896.udd" 5396
"I:/DerivedDataCache/6/0/1/STATICMESH_9CE2B6FB46754B699726C4AA1515F12E_228332BAE0224DD294E232B87D83948FQU__6E6CD061818313FB205E484A2C132267DB1D890D.udd" 5397
"I:/DerivedDataCache/8/1/4/DIST_STATICMESH_9CE2B6FB46754B699726C4AA1515F12E_228332BAE0224DD294E232B87D839__48822C880647E6E0044BD5A79EBA410E9F655E33.udd" 5398
"I:/DerivedDataCache/5/7/6/PHYSX_A08609EF508D460CBB6710540B03AACF_PHYSXPC_6DFF512E4EDBB213391A16B58CBA237__55EB33342A81AA9B685E53FEAB15FDB756128CEE.udd" 5399
"I:/DerivedDataCache/3/0/2/NAVCOLLISION_2983273BE5D6425391E8C0B3D1C0A55D_NAVCOLLISION_X_6DFF512E4EDBB2133__68DB5A8EBC863261386F4AF74BF714731CC34F78.udd" 5400
"I:/DerivedDataCache/9/4/7/STATICMESH_9CE2B6FB46754B699726C4AA1515F12E_228332BAE0224DD294E232B87D83948FQU__1DDAD5AFA5C1F829590E50E0D9CDA75BE111CD0A.udd" 5401
"I:/DerivedDataCache/2/7/8/DIST_STATICMESH_9CE2B6FB46754B699726C4AA1515F12E_228332BAE0224DD294E232B87D839__0182F05D8F371D8D332B4C1AA31DA9ACA68E5B0F.udd" 5402
"I:/DerivedDataCache/2/2/1/PHYSX_A08609EF508D460CBB6710540B03AACF_PHYSXPC_6BC7F6CB4090EE9BDBE58F8F06FB982__E986B1E839A286C8140D290EB482938EBA031C4F.udd" 5403
"I:/DerivedDataCache/5/8/9/NAVCOLLISION_2983273BE5D6425391E8C0B3D1C0A55D_NAVCOLLISION_X_6BC7F6CB4090EE9BD__49EEAA33352EBF1F97E41A4E79BD6F34243EDF0B.udd" 5404
"I:/DerivedDataCache/5/5/5/AUDIO_0005_0000_OGG10000$2D1$2D1$2D1$2D1$2D1_0004_63351AFC4B7EBF81FC5CB0A5B9F345D8.udd" 5405
"I:/DerivedDataCache/2/2/7/AUDIO_0005_0000_OGG10000$2D1$2D1$2D1$2D1$2D1_0004_0E7AC930450FDE1F987435B23952C0D9.udd" 5406
"I:/DerivedDataCache/6/9/1/AUDIO_0005_0000_OGG10000$2D1$2D1$2D1$2D1$2D1_0004_C1A5B47F4DC573C46EB8DE86B5B80815.udd" 5407
"I:/DerivedDataCache/9/2/3/NIAGARASCRIPTDERIVEDDATA_179023FDDDD444DE97F61296909C2990_2_14_000000000000000__DBBA9043D774F5FDE1D687C563476E8D1F2CDBE6.udd" 5408
"I:/DerivedDataCache/2/8/1/NIAGARASCRIPTDERIVEDDATA_179023FDDDD444DE97F61296909C2990_2_15_000000000000000__9A1B7F092D0E5E19AAFB0B2AEC59E2FC6201FC15.udd" 5409
"I:/DerivedDataCache/9/2/5/NIAGARASCRIPTDERIVEDDATA_179023FDDDD444DE97F61296909C2990_2_14_000000000000000__C5667DF3AAA53CD3DBC70C6CC93B68246905C3A7.udd" 5410
"I:/DerivedDataCache/4/5/8/NIAGARASCRIPTDERIVEDDATA_179023FDDDD444DE97F61296909C2990_2_15_000000000000000__7665C7E9B22549F03A780E4F960482A8ADCF2FF2.udd" 5411
"I:/DerivedDataCache/0/8/3/NIAGARASCRIPTDERIVEDDATA_179023FDDDD444DE97F61296909C2990_2_14_000000000000000__9868F8B4D0EFF289864D890743859FC109F0F1D1.udd" 5412
"I:/DerivedDataCache/8/5/6/NIAGARASCRIPTDERIVEDDATA_179023FDDDD444DE97F61296909C2990_2_15_000000000000000__E7730130C355CFD18A6FF6E068F69C2132ED0185.udd" 5413
"I:/DerivedDataCache/7/0/1/NIAGARASCRIPTDERIVEDDATA_179023FDDDD444DE97F61296909C2990_2_14_000000000000000__4EC5F6444D127DEAB29BF8659F8D59DA5941B2B0.udd" 5414
"I:/DerivedDataCache/3/9/4/NIAGARASCRIPTDERIVEDDATA_179023FDDDD444DE97F61296909C2990_2_15_000000000000000__1E7DCEA3008D27583842FB3B62C8EA4B983E31E4.udd" 5415
"I:/DerivedDataCache/6/7/1/NIAGARASCRIPTDERIVEDDATA_179023FDDDD444DE97F61296909C2990_2_14_000000000000000__73E0D734B45FF9047DF5424BC77927B6C9B99AD2.udd" 5416
"I:/DerivedDataCache/2/2/5/NIAGARASCRIPTDERIVEDDATA_179023FDDDD444DE97F61296909C2990_2_15_000000000000000__5629C5A06F6F7B1BB6E6042F0643E6B02618C7B5.udd" 5417
"I:/DerivedDataCache/3/4/6/NIAGARASCRIPTDERIVEDDATA_179023FDDDD444DE97F61296909C2990_2_111_00000000000000__5BD9BC9F776432AE02ABBE6F3433048F11167464.udd" 5418
"I:/DerivedDataCache/7/6/3/NIAGARASCRIPTDERIVEDDATA_179023FDDDD444DE97F61296909C2990_2_112_00000000000000__DEE079F880587018486532CDAAFB4882E4B9B2E8.udd" 5419
"I:/DerivedDataCache/1/8/2/NIAGARASCRIPTDERIVEDDATA_179023FDDDD444DE97F61296909C2990_2_14_000000000000000__8CF2C19C7B40FCA814C46153C1C7AE6C4304DB15.udd" 5420
"I:/DerivedDataCache/8/9/6/NIAGARASCRIPTDERIVEDDATA_179023FDDDD444DE97F61296909C2990_2_15_000000000000000__531E2DBA6DF4F4E91E75437C550FE500E9DEB5CF.udd" 5421
"I:/DerivedDataCache/6/0/4/NIAGARASCRIPTDERIVEDDATA_179023FDDDD444DE97F61296909C2990_2_14_000000000000000__8BE1D012067C953C522DDFD6B310FAB69DC52D81.udd" 5422
"I:/DerivedDataCache/1/2/4/NIAGARASCRIPTDERIVEDDATA_179023FDDDD444DE97F61296909C2990_2_15_000000000000000__8F41178800F627E1B3F518A4928BE77EA575408A.udd" 5423
"I:/DerivedDataCache/8/3/8/NIAGARASCRIPTDERIVEDDATA_179023FDDDD444DE97F61296909C2990_2_111_00000000000000__2A018220AA1FC4A04716BBBDC90560D89869ECB2.udd" 5424
"I:/DerivedDataCache/5/9/5/NIAGARASCRIPTDERIVEDDATA_179023FDDDD444DE97F61296909C2990_2_112_00000000000000__BA9A6510FE7971DDD27456BA2D93F1A43200D48F.udd" 5425
"I:/DerivedDataCache/2/8/7/NIAGARASCRIPTDERIVEDDATA_179023FDDDD444DE97F61296909C2990_2_14_000000000000000__79805D4F760A1C1B34E457BF4EA134F93C4D21DD.udd" 5426
"I:/DerivedDataCache/6/5/4/NIAGARASCRIPTDERIVEDDATA_179023FDDDD444DE97F61296909C2990_2_15_000000000000000__C2CFA4033462A3C21B375E9A1A97CDA894163F24.udd" 5427
"I:/DerivedDataCache/6/7/2/NIAGARASCRIPTDERIVEDDATA_179023FDDDD444DE97F61296909C2990_2_14_000000000000000__697363AA348965B2E1F50706D70D8949D1AA09F6.udd" 5428
"I:/DerivedDataCache/7/6/7/NIAGARASCRIPTDERIVEDDATA_179023FDDDD444DE97F61296909C2990_2_15_000000000000000__51E42B8FD3B06EAB8BB3306D17F95C956CAB00EB.udd" 5429
"I:/DerivedDataCache/6/7/1/NIAGARASCRIPTDERIVEDDATA_179023FDDDD444DE97F61296909C2990_2_111_00000000000000__E6CA19F7201A041DCA4B804E0DB99AC2E1574565.udd" 5430
"I:/DerivedDataCache/1/4/2/NIAGARASCRIPTDERIVEDDATA_179023FDDDD444DE97F61296909C2990_2_112_00000000000000__60B18B8FDD5666C765AF658338C42AD00B7E5ED2.udd" 5431
"I:/DerivedDataCache/7/4/3/NIAGARASCRIPTDERIVEDDATA_179023FDDDD444DE97F61296909C2990_2_14_000000000000000__E55E466CD9D3F628F4159C4FDFB73C05A0961075.udd" 5432
"I:/DerivedDataCache/1/7/3/NIAGARASCRIPTDERIVEDDATA_179023FDDDD444DE97F61296909C2990_2_15_000000000000000__98D86A13C565196BC30423632306CA59C61EAA19.udd" 5433
"I:/DerivedDataCache/6/3/8/NIAGARASCRIPTDERIVEDDATA_179023FDDDD444DE97F61296909C2990_2_14_000000000000000__28D208A3F137587E4111A1AACA15B506A3AE34E7.udd" 5434
"I:/DerivedDataCache/4/5/7/NIAGARASCRIPTDERIVEDDATA_179023FDDDD444DE97F61296909C2990_2_15_000000000000000__F0FAA093DDA7B5B41138491E09C0C66549FE595A.udd" 5435
"I:/DerivedDataCache/9/6/6/NIAGARASCRIPTDERIVEDDATA_179023FDDDD444DE97F61296909C2990_2_14_000000000000000__CCDC59275B3D8E660A37C17A9C37E5C760C75F4C.udd" 5436
"I:/DerivedDataCache/8/5/6/NIAGARASCRIPTDERIVEDDATA_179023FDDDD444DE97F61296909C2990_2_15_000000000000000__837574DEC4BAE305A92EAB271CB91378EA4FBB59.udd" 5437
"I:/DerivedDataCache/7/1/3/NIAGARASCRIPTDERIVEDDATA_179023FDDDD444DE97F61296909C2990_2_14_000000000000000__6938339CCBEA9741B818AFFD096B4EC12096A9D8.udd" 5438
"I:/DerivedDataCache/0/2/4/NIAGARASCRIPTDERIVEDDATA_179023FDDDD444DE97F61296909C2990_2_15_000000000000000__903645F195457107ACCAB398DA4C58783EFA4A36.udd" 5439
"I:/DerivedDataCache/6/9/1/NIAGARASCRIPTDERIVEDDATA_179023FDDDD444DE97F61296909C2990_2_111_00000000000000__21E0F22CB75181F737C10AFAF40B820F6D63BDD0.udd" 5440
"I:/DerivedDataCache/5/3/6/NIAGARASCRIPTDERIVEDDATA_179023FDDDD444DE97F61296909C2990_2_112_00000000000000__FFFCCB6390B2A2F1E325D11A41ADF5D3079575B9.udd" 5441
"I:/DerivedDataCache/7/4/8/NIAGARASCRIPTDERIVEDDATA_179023FDDDD444DE97F61296909C2990_2_14_000000000000000__CF09015B7930FCC577DB64EFE189228C57B5093E.udd" 5442
"I:/DerivedDataCache/4/8/1/NIAGARASCRIPTDERIVEDDATA_179023FDDDD444DE97F61296909C2990_2_15_000000000000000__FA7E163DE1C17DADE2921BBE2F57AE6B9F0D1C6D.udd" 5443
"I:/DerivedDataCache/5/0/3/NIAGARASCRIPTDERIVEDDATA_179023FDDDD444DE97F61296909C2990_2_14_000000000000000__E1153304A2EEE77BA4F19EEC3AE4B8BE1BF5DC00.udd" 5444
"I:/DerivedDataCache/0/8/2/NIAGARASCRIPTDERIVEDDATA_179023FDDDD444DE97F61296909C2990_2_15_000000000000000__A4A20BAFA415969D3053FCF3FB396F8308D6E7DF.udd" 5445
"I:/DerivedDataCache/3/8/3/NIAGARASCRIPTDERIVEDDATA_179023FDDDD444DE97F61296909C2990_2_111_00000000000000__B9CE3BF5ABFE5908D55448043F7D0EA349A8FDE7.udd" 5446
"I:/DerivedDataCache/1/9/7/NIAGARASCRIPTDERIVEDDATA_179023FDDDD444DE97F61296909C2990_2_112_00000000000000__3E89B57E29B03C2E943E96A7EE2C632E428D5390.udd" 5447
"I:/DerivedDataCache/9/0/1/NIAGARASCRIPTDERIVEDDATA_179023FDDDD444DE97F61296909C2990_2_14_000000000000000__DCFA0C99215C9354EBE655F86AE7E8E132FAD988.udd" 5448
"I:/DerivedDataCache/5/8/3/NIAGARASCRIPTDERIVEDDATA_179023FDDDD444DE97F61296909C2990_2_15_000000000000000__1623EDCF71318837C3B27F45578F8B89BA835641.udd" 5449
"I:/DerivedDataCache/1/4/7/NIAGARASCRIPTDERIVEDDATA_179023FDDDD444DE97F61296909C2990_2_14_000000000000000__E9FDE4709AC6A425F9F7C332A426806866F98492.udd" 5450
"I:/DerivedDataCache/8/1/4/NIAGARASCRIPTDERIVEDDATA_179023FDDDD444DE97F61296909C2990_2_111_00000000000000__278A1D1391DD37D7FD27EA4F471510AE8748EAA4.udd" 5451
"I:/DerivedDataCache/9/6/0/NIAGARASCRIPTDERIVEDDATA_179023FDDDD444DE97F61296909C2990_2_112_00000000000000__162CB056B655B19DCF971CF0DDD407CC498CACFA.udd" 5452
"I:/DerivedDataCache/6/7/9/NIAGARASCRIPTDERIVEDDATA_179023FDDDD444DE97F61296909C2990_2_14_000000000000000__DCFF653935E4FA6BAF2812E998ECC98938FD784B.udd" 5453
"I:/DerivedDataCache/0/9/8/NIAGARASCRIPTDERIVEDDATA_179023FDDDD444DE97F61296909C2990_2_15_000000000000000__FFB1FF8E5D6962622D63DBBB8A8BD3617D6652D6.udd" 5454
"I:/DerivedDataCache/7/6/4/NIAGARASCRIPTDERIVEDDATA_179023FDDDD444DE97F61296909C2990_2_16_8EBB2C1548133D0__0FE901BCC0325CD51E0B923FE9014B283A850043.udd" 5455
"I:/DerivedDataCache/3/1/2/NIAGARASCRIPTDERIVEDDATA_179023FDDDD444DE97F61296909C2990_2_112_00000000000000__E62555C46CB089231F5356B369CCA857DFE7133F.udd" 5456
"I:/DerivedDataCache/9/4/0/NIAGARASCRIPTDERIVEDDATA_179023FDDDD444DE97F61296909C2990_2_111_00000000000000__2EB3BB1E52A4D2241E855BA3A3CD5861AFF05C86.udd" 5457
"I:/DerivedDataCache/7/4/8/NIAGARASCRIPTDERIVEDDATA_179023FDDDD444DE97F61296909C2990_2_14_000000000000000__22A75D725043AE97B993C54F91D0EE36A22584E2.udd" 5458
"I:/DerivedDataCache/7/8/7/NIAGARASCRIPTDERIVEDDATA_179023FDDDD444DE97F61296909C2990_2_15_000000000000000__9A05AA09EDF35620000AC8D4E7F0054C68D94A95.udd" 5459
"I:/DerivedDataCache/3/1/2/NIAGARASCRIPTDERIVEDDATA_179023FDDDD444DE97F61296909C2990_2_14_000000000000000__6C363F9431658D8056D46AF7761D9662B85BDBCC.udd" 5460
"I:/DerivedDataCache/5/9/4/NIAGARASCRIPTDERIVEDDATA_179023FDDDD444DE97F61296909C2990_2_15_000000000000000__B1751C71A2783456B72A34B06B1936062954DDAB.udd" 5461
"I:/DerivedDataCache/2/6/9/NIAGARASCRIPTDERIVEDDATA_179023FDDDD444DE97F61296909C2990_2_14_000000000000000__3593DF985F44602A32BB78027922FFCAC8C851B5.udd" 5462
"I:/DerivedDataCache/8/2/2/NIAGARASCRIPTDERIVEDDATA_179023FDDDD444DE97F61296909C2990_2_15_000000000000000__72CAF77CDBD1710DE5D093D8279D9C5710F44833.udd" 5463
"I:/DerivedDataCache/1/7/7/NIAGARASCRIPTDERIVEDDATA_179023FDDDD444DE97F61296909C2990_2_14_000000000000000__1D443B9EDA8E56FB0165CD19082B05306DB076F0.udd" 5464
"I:/DerivedDataCache/8/7/0/NIAGARASCRIPTDERIVEDDATA_179023FDDDD444DE97F61296909C2990_2_15_000000000000000__5C66A33C68FBC43FAD2B8911DE087251D3A222FF.udd" 5465
"I:/DerivedDataCache/9/3/4/NIAGARASCRIPTDERIVEDDATA_179023FDDDD444DE97F61296909C2990_2_111_00000000000000__2C984622C0D2F0348EBF9601457805818BAE1396.udd" 5466
"I:/DerivedDataCache/1/7/3/NIAGARASCRIPTDERIVEDDATA_179023FDDDD444DE97F61296909C2990_2_112_00000000000000__0608BFD6E4A9B726C0F0C55C1A1C74AAC00170CC.udd" 5467
"I:/DerivedDataCache/1/2/7/NIAGARASCRIPTDERIVEDDATA_179023FDDDD444DE97F61296909C2990_2_14_000000000000000__A719E46AAB475F1CE3306B3FE0EE839F6F05BE3B.udd" 5468
"I:/DerivedDataCache/2/5/7/NIAGARASCRIPTDERIVEDDATA_179023FDDDD444DE97F61296909C2990_2_15_000000000000000__C5B0B0F89E933E10A71C2DBDF08770E65321535A.udd" 5469
"I:/DerivedDataCache/3/0/8/NIAGARASCRIPTDERIVEDDATA_179023FDDDD444DE97F61296909C2990_2_14_000000000000000__3FADF32B913024F96FD65078EF6CC48F018C6AC6.udd" 5470
"I:/DerivedDataCache/7/9/9/NIAGARASCRIPTDERIVEDDATA_179023FDDDD444DE97F61296909C2990_2_15_000000000000000__CD795177126C03FB5EFBFE911474102A18693D2F.udd" 5471
"I:/DerivedDataCache/1/3/6/NIAGARASCRIPTDERIVEDDATA_179023FDDDD444DE97F61296909C2990_2_14_000000000000000__EE872ACC665678F82400932DC1A0C0CF986D87C5.udd" 5472
"I:/DerivedDataCache/1/2/9/NIAGARASCRIPTDERIVEDDATA_179023FDDDD444DE97F61296909C2990_2_15_000000000000000__F8E928C64C84F2C9B9C15034224788992D2F360D.udd" 5473
"I:/DerivedDataCache/3/7/1/NIAGARASCRIPTDERIVEDDATA_179023FDDDD444DE97F61296909C2990_2_14_000000000000000__334C50189362587A7D8BAAA4E3291672E45739EF.udd" 5474
"I:/DerivedDataCache/1/7/6/NIAGARASCRIPTDERIVEDDATA_179023FDDDD444DE97F61296909C2990_2_15_000000000000000__F1454378604B6ED26A21BD1E939273D2C88D62E0.udd" 5475
"I:/DerivedDataCache/1/9/9/NIAGARASCRIPTDERIVEDDATA_179023FDDDD444DE97F61296909C2990_2_14_000000000000000__5FFAD9EB0A355556260D8D0647DD9A5132AF25B7.udd" 5476
"I:/DerivedDataCache/3/3/4/NIAGARASCRIPTDERIVEDDATA_179023FDDDD444DE97F61296909C2990_2_15_000000000000000__889D8D67511FE9704AC6BF72BE6E05B35886C20C.udd" 5477
"I:/DerivedDataCache/6/5/9/NIAGARASCRIPTDERIVEDDATA_179023FDDDD444DE97F61296909C2990_2_14_000000000000000__DBCFB597D6F08C7357D9007C986F40F78E57690D.udd" 5478
"I:/DerivedDataCache/2/8/9/NIAGARASCRIPTDERIVEDDATA_179023FDDDD444DE97F61296909C2990_2_15_000000000000000__7016FBFCCE871AAFFC658FF1F410DB7FDAD3CE14.udd" 5479
"I:/DerivedDataCache/7/6/5/NIAGARASCRIPTDERIVEDDATA_179023FDDDD444DE97F61296909C2990_2_14_000000000000000__AA0BCEFFEB5A988BE55EB9F8A91A7E37880B3E27.udd" 5480
"I:/DerivedDataCache/1/4/9/NIAGARASCRIPTDERIVEDDATA_179023FDDDD444DE97F61296909C2990_2_15_000000000000000__CF724E3A21B08D891FB950FF133C614FFE0E8FCE.udd" 5481
"I:/DerivedDataCache/3/5/6/NIAGARASCRIPTDERIVEDDATA_179023FDDDD444DE97F61296909C2990_2_14_000000000000000__61EB9DC71FB7E25EB8DC572E2D5B950101869927.udd" 5482
"I:/DerivedDataCache/5/2/2/NIAGARASCRIPTDERIVEDDATA_179023FDDDD444DE97F61296909C2990_2_15_000000000000000__76D3455A1DE164AD8A96A89285F07089F57FBCD5.udd" 5483
"I:/DerivedDataCache/3/6/8/NIAGARASCRIPTDERIVEDDATA_179023FDDDD444DE97F61296909C2990_2_14_000000000000000__0B0DD583070A8843EB86428CD459DEEA9F930870.udd" 5484
"I:/DerivedDataCache/3/7/9/NIAGARASCRIPTDERIVEDDATA_179023FDDDD444DE97F61296909C2990_2_15_000000000000000__3A2FF6F0F1C7952F3F2F00511962E8E37287B7D9.udd" 5485
"I:/DerivedDataCache/6/3/6/NIAGARASCRIPTDERIVEDDATA_179023FDDDD444DE97F61296909C2990_2_111_00000000000000__C7B8001028CF9A1EFEAB0EBA197F07BE380FD249.udd" 5486
"I:/DerivedDataCache/9/6/3/NIAGARASCRIPTDERIVEDDATA_179023FDDDD444DE97F61296909C2990_2_112_00000000000000__67CB37331DF915F1421A199237BD6C8593EED5D1.udd" 5487
"I:/DerivedDataCache/7/9/9/NIAGARASCRIPTDERIVEDDATA_179023FDDDD444DE97F61296909C2990_2_14_000000000000000__69343F67AD0C1F82344496AF494E7E66674495D1.udd" 5488
"I:/DerivedDataCache/8/4/2/NIAGARASCRIPTDERIVEDDATA_179023FDDDD444DE97F61296909C2990_2_15_000000000000000__AD593D28A21B748B600D8F1FF9E4837203014A57.udd" 5489
"I:/DerivedDataCache/0/2/6/NIAGARASCRIPTDERIVEDDATA_179023FDDDD444DE97F61296909C2990_2_14_000000000000000__1EEB7E0897930BB01139AC2ED964FC812139C138.udd" 5490
"I:/DerivedDataCache/0/9/2/NIAGARASCRIPTDERIVEDDATA_179023FDDDD444DE97F61296909C2990_2_15_000000000000000__F77159C4EB87B5C6C90215B51AA353C770A73AA1.udd" 5491
"I:/DerivedDataCache/0/7/2/NIAGARASCRIPTDERIVEDDATA_179023FDDDD444DE97F61296909C2990_2_14_000000000000000__F854B3200DCB7D601D8F99A2C2E2C3F54894EF6C.udd" 5492
"I:/DerivedDataCache/3/6/6/NIAGARASCRIPTDERIVEDDATA_179023FDDDD444DE97F61296909C2990_2_15_000000000000000__9842E679D442B1FDEBED987B43FC89F3083DCBBA.udd" 5493
"I:/DerivedDataCache/9/8/5/NIAGARASCRIPTDERIVEDDATA_179023FDDDD444DE97F61296909C2990_2_111_00000000000000__965B980E1D9BEBC50588D54C9FA120ACBA3F53D2.udd" 5494
"I:/DerivedDataCache/3/2/6/NIAGARASCRIPTDERIVEDDATA_179023FDDDD444DE97F61296909C2990_2_112_00000000000000__C086048A09B40EE98A2A04288C0760C1C47A0B1F.udd" 5495
"I:/DerivedDataCache/2/9/6/NIAGARASCRIPTDERIVEDDATA_179023FDDDD444DE97F61296909C2990_2_14_000000000000000__0E9926CB5231969A24AA6AAAD1C1F4383CBFA7A4.udd" 5496
"I:/DerivedDataCache/1/5/5/NIAGARASCRIPTDERIVEDDATA_179023FDDDD444DE97F61296909C2990_2_15_000000000000000__9891DE7502810BCB8FAD0CAC71BA07B6AA08C73E.udd" 5497
"I:/DerivedDataCache/2/3/4/NIAGARASCRIPTDERIVEDDATA_179023FDDDD444DE97F61296909C2990_2_14_000000000000000__6D3251C0D9B536CD8C0EFDC524FD4EA505D9F6A5.udd" 5498
"I:/DerivedDataCache/1/2/5/NIAGARASCRIPTDERIVEDDATA_179023FDDDD444DE97F61296909C2990_2_15_000000000000000__96121478ACC74B83BAC6431E92A95D6404668731.udd" 5499
"I:/DerivedDataCache/0/8/2/NIAGARASCRIPTDERIVEDDATA_179023FDDDD444DE97F61296909C2990_2_14_000000000000000__03893C6498D5BC3E96CCB3E95BB5C0BCBFAF0A2C.udd" 5500
"I:/DerivedDataCache/3/9/1/NIAGARASCRIPTDERIVEDDATA_179023FDDDD444DE97F61296909C2990_2_15_000000000000000__3FF6EF199E10C6B9A1C8BCD44AADD50E51B707D8.udd" 5501
"I:/DerivedDataCache/1/0/2/NIAGARASCRIPTDERIVEDDATA_179023FDDDD444DE97F61296909C2990_2_111_00000000000000__F15C1FA787FE812E05995A845B8AEB8EC9102C57.udd" 5502
"I:/DerivedDataCache/1/4/7/NIAGARASCRIPTDERIVEDDATA_179023FDDDD444DE97F61296909C2990_2_112_00000000000000__12A4A95960AFEB4616CD28D5CC9E2C951B8BC22C.udd" 5503
"I:/DerivedDataCache/0/6/4/NIAGARASCRIPTDERIVEDDATA_179023FDDDD444DE97F61296909C2990_2_14_000000000000000__B6CB1B22869AF778E7112CD1EE5173A3EEC5EC84.udd" 5504
"I:/DerivedDataCache/1/3/7/NIAGARASCRIPTDERIVEDDATA_179023FDDDD444DE97F61296909C2990_2_15_000000000000000__344911C57E87EEC5B93C9C0BA3BF15692DFB92B4.udd" 5505
"I:/DerivedDataCache/9/1/3/NIAGARASCRIPTDERIVEDDATA_179023FDDDD444DE97F61296909C2990_2_14_000000000000000__56F469DCAC501C130187A148E0D51A6CB6C6A36C.udd" 5506
"I:/DerivedDataCache/0/0/0/NIAGARASCRIPTDERIVEDDATA_179023FDDDD444DE97F61296909C2990_2_15_000000000000000__7E0B79981ADF9F1910C2022057468737A5EADB40.udd" 5507
"I:/DerivedDataCache/6/2/2/NIAGARASCRIPTDERIVEDDATA_179023FDDDD444DE97F61296909C2990_2_111_00000000000000__6D9985E35695D3ED24DD73C2FF2311FD2AB5061A.udd" 5508
"I:/DerivedDataCache/5/6/4/NIAGARASCRIPTDERIVEDDATA_179023FDDDD444DE97F61296909C2990_2_112_00000000000000__AE09A9DA903910DC0C0B2DE42BEFAE82D6F20FE0.udd" 5509
"I:/DerivedDataCache/8/8/1/NIAGARASCRIPTDERIVEDDATA_179023FDDDD444DE97F61296909C2990_2_14_000000000000000__9B2FB23F01E9BB0DCE4FBFDC273A3B06F99872DA.udd" 5510
"I:/DerivedDataCache/9/1/0/NIAGARASCRIPTDERIVEDDATA_179023FDDDD444DE97F61296909C2990_2_15_000000000000000__B5294B6BFA89F39E7BAEE09AC64CD392B171A619.udd" 5511
"I:/DerivedDataCache/5/8/9/NIAGARASCRIPTDERIVEDDATA_179023FDDDD444DE97F61296909C2990_2_14_000000000000000__F6446299819EC117CB6CA1136FABC159C0CDBDEA.udd" 5512
"I:/DerivedDataCache/3/7/4/NIAGARASCRIPTDERIVEDDATA_179023FDDDD444DE97F61296909C2990_2_15_000000000000000__6B70D5C67540B2FE857091C221485BF210275C47.udd" 5513
"I:/DerivedDataCache/8/2/1/NIAGARASCRIPTDERIVEDDATA_179023FDDDD444DE97F61296909C2990_2_14_000000000000000__D7A09DA3E96C83EFE0601C93252DC1FBD7D3D40F.udd" 5514
"I:/DerivedDataCache/0/8/7/NIAGARASCRIPTDERIVEDDATA_179023FDDDD444DE97F61296909C2990_2_15_000000000000000__2E592BC15B1D97460E9CD361F05A32CB34C63809.udd" 5515
"I:/DerivedDataCache/3/2/1/NIAGARASCRIPTDERIVEDDATA_179023FDDDD444DE97F61296909C2990_2_14_000000000000000__834D884AFA7C1014BEC5F2AEFED5FF68F98F1DA7.udd" 5516
"I:/DerivedDataCache/1/6/0/NIAGARASCRIPTDERIVEDDATA_179023FDDDD444DE97F61296909C2990_2_15_000000000000000__0AB54A1710359C6D3EA65BF03DF4EF562A759A43.udd" 5517
"I:/DerivedDataCache/4/7/9/NIAGARASCRIPTDERIVEDDATA_179023FDDDD444DE97F61296909C2990_2_111_00000000000000__A750914B86BD542391F7927732C38A97E609632F.udd" 5518
"I:/DerivedDataCache/3/8/2/NIAGARASCRIPTDERIVEDDATA_179023FDDDD444DE97F61296909C2990_2_112_00000000000000__3C56B63204440A9BAA007765B8C9EB9E7EDF5468.udd" 5519
